respondentID,activity_year,loan_type,action_taken_type,state,county,msa,agency_code,nLenders,nLoans,amtLoans,nLoansToSmallest,amtLoansToSmallest,institution_name,agency,amtLoans_adj,amtLoansToSmallest_adj
1,2004,4,1,51.0,760.0,40060.0,1,,332,57477000,108,14818000,"WELLS FARGO BANK, N.A. (CA)",OCC,57477000,14818000
1,2005,4,1,51.0,760.0,40060.0,1,,240,52551000,69,11857000,"WELLS FARGO BANK, N.A. (CA)",OCC,52551000,11857000
1,2006,4,1,51.0,760.0,40060.0,1,,310,69732000,138,22802000,"WELLS FARGO BANK, N.A. (CA)",OCC,69732000,22802000
1,2007,4,1,51.0,760.0,40060.0,1,,452,66202000,277,20808000,"WELLS FARGO BANK, N.A. (CA)",OCC,66202000,20808000
1,2008,4,1,51.0,760.0,40060.0,1,,335,64037000,185,23253000,"WELLS FARGO BANK, N.A. (CA)",OCC,64037000,23253000
1,2009,4,1,51.0,760.0,40060.0,1,,171,47230000,68,9971000,"WELLS FARGO BANK, N.A. (CA)",OCC,47230000,9971000
1,2010,4,1,51.0,760.0,40060.0,1,,317,6557000,179,3027000,"WELLS FARGO BANK, N.A. (CA)",OCC,6557000,3027000
1,2011,4,1,51.0,760.0,40060.0,1,,667,39393000,353,9256000,"WELLS FARGO BANK, N.A. (CA)",OCC,39393000,9256000
1,2012,4,1,51.0,760.0,40060.0,1,,534,39938000,292,11571000,"WELLS FARGO BANK, N.A. (CA)",OCC,39938000,11571000
1,2013,4,1,51.0,760.0,40060.0,1,,618,39327000,367,11084000,"WELLS FARGO BANK, N.A. (CA)",OCC,39327000,11084000
1,2014,4,1,51.0,760.0,40060.0,1,,608,33356000,385,10137000,"WELLS FARGO BANK, N.A. (CA)",OCC,33356000,10137000
1,2015,4,1,51.0,760.0,40060.0,1,,620,33775000,418,11024000,"WELLS FARGO BANK, N.A. (CA)",OCC,33775000,11024000
1,2016,4,1,51.0,760.0,40060.0,1,,512,30808000,340,10773000,"WELLS FARGO BANK, N.A. (CA)",OCC,30808000,10773000
1,2017,4,1,51.0,760.0,40060.0,1,,432,23257000,271,9277000,"WELLS FARGO BANK, N.A. (CA)",OCC,23257000,9277000
8,2006,4,1,51.0,760.0,40060.0,1,,5,146000,0,0,JPMorgan Chase Bank NA (OH),OCC,146000,0
8,2007,4,1,51.0,760.0,40060.0,1,,8,246000,0,0,JPMorgan Chase Bank NA (OH),OCC,246000,0
8,2008,4,1,51.0,760.0,40060.0,1,,8,259000,0,0,JPMorgan Chase Bank NA (OH),OCC,259000,0
8,2009,4,1,51.0,760.0,40060.0,1,,4,120000,0,0,JPMorgan Chase Bank NA (OH),OCC,120000,0
8,2010,4,1,51.0,760.0,40060.0,1,,12,1475000,0,0,JPMorgan Chase Bank NA (OH),OCC,1475000,0
8,2011,4,1,51.0,760.0,40060.0,1,,5,258000,0,0,JPMorgan Chase Bank NA (OH),OCC,258000,0
8,2012,4,1,51.0,760.0,40060.0,1,,12,2215000,0,0,JPMorgan Chase Bank NA (OH),OCC,2215000,0
8,2013,4,1,51.0,760.0,40060.0,1,,4,145000,0,0,JPMorgan Chase Bank NA (OH),OCC,145000,0
8,2014,4,1,51.0,760.0,40060.0,1,,8,305000,0,0,JPMorgan Chase Bank NA (OH),OCC,305000,0
8,2015,4,1,51.0,760.0,40060.0,1,,8,335000,0,0,JPMorgan Chase Bank NA (OH),OCC,335000,0
8,2016,4,1,51.0,760.0,40060.0,1,,16,578000,0,0,JPMorgan Chase Bank NA (OH),OCC,578000,0
8,2017,4,1,51.0,760.0,40060.0,1,,11,337000,0,0,JPMorgan Chase Bank NA (OH),OCC,337000,0
24,2005,4,1,51.0,760.0,40060.0,1,,1,250000,0,0,US BANK NA (WI),OCC,250000,0
24,2007,4,1,51.0,760.0,40060.0,1,,1,250000,0,0,US BANK NA (WI),OCC,250000,0
24,2008,4,1,51.0,760.0,40060.0,1,,1,40000,1,40000,US BANK NA (WI),OCC,40000,40000
24,2010,4,1,51.0,760.0,40060.0,1,,1,37000,0,0,US BANK NA (WI),OCC,37000,0
24,2011,4,1,51.0,760.0,40060.0,1,,2,59000,0,0,US BANK NA (WI),OCC,59000,0
24,2012,4,1,51.0,760.0,40060.0,1,,3,95000,0,0,US BANK NA (WI),OCC,95000,0
24,2013,4,1,51.0,760.0,40060.0,1,,100,1131000,42,548000,US BANK NA (WI),OCC,1131000,548000
24,2014,4,1,51.0,760.0,40060.0,1,,108,1256000,61,549000,US BANK NA (WI),OCC,1256000,549000
24,2015,4,1,51.0,760.0,40060.0,1,,117,1339000,60,466000,US BANK NA (WI),OCC,1339000,466000
24,2016,4,1,51.0,760.0,40060.0,1,,158,2018000,104,890000,US BANK NA (WI),OCC,2018000,890000
24,2017,4,1,51.0,760.0,40060.0,1,,170,1863000,118,1004000,US BANK NA (WI),OCC,1863000,1004000
200,2004,4,1,51.0,760.0,40060.0,1,,25,521000,5,266000,,OCC,521000,266000
209,2004,4,1,51.0,760.0,40060.0,1,,3,19000,2,18000,FIRST NATIONAL BANK OF OMAHA (NE),OCC,19000,18000
209,2005,4,1,51.0,760.0,40060.0,1,,1,20000,0,0,FIRST NATIONAL BANK OF OMAHA (NE),OCC,20000,0
209,2007,4,1,51.0,760.0,40060.0,1,,12,51000,0,0,FIRST NATIONAL BANK OF OMAHA (NE),OCC,51000,0
209,2008,4,1,51.0,760.0,40060.0,1,,4,12000,3,9000,FIRST NATIONAL BANK OF OMAHA (NE),OCC,12000,9000
209,2009,4,1,51.0,760.0,40060.0,1,,2,27000,0,0,FIRST NATIONAL BANK OF OMAHA (NE),OCC,27000,0
209,2010,4,1,51.0,760.0,40060.0,1,,3,29000,1,8000,FIRST NATIONAL BANK OF OMAHA (NE),OCC,29000,8000
209,2011,4,1,51.0,760.0,40060.0,1,,7,269000,0,0,FIRST NATIONAL BANK OF OMAHA (NE),OCC,269000,0
209,2012,4,1,51.0,760.0,40060.0,1,,2,12000,0,0,FIRST NATIONAL BANK OF OMAHA (NE),OCC,12000,0
209,2013,4,1,51.0,760.0,40060.0,1,,6,59000,1,7000,FIRST NATIONAL BANK OF OMAHA (NE),OCC,59000,7000
209,2014,4,1,51.0,760.0,40060.0,1,,8,80000,1,6000,FIRST NATIONAL BANK OF OMAHA (NE),OCC,80000,6000
209,2015,4,1,51.0,760.0,40060.0,1,,1,29000,0,0,FIRST NATIONAL BANK OF OMAHA (NE),OCC,29000,0
209,2016,4,1,51.0,760.0,40060.0,1,,4,52000,0,0,FIRST NATIONAL BANK OF OMAHA (NE),OCC,52000,0
209,2017,4,1,51.0,760.0,40060.0,1,,5,67000,0,0,FIRST NATIONAL BANK OF OMAHA (NE),OCC,67000,0
336,2005,4,1,51.0,760.0,40060.0,1,,1,50000,1,50000,,OCC,50000,50000
336,2006,4,1,51.0,760.0,40060.0,1,,1,400000,0,0,,OCC,400000,0
336,2010,4,1,51.0,760.0,40060.0,1,,2,1050000,0,0,,OCC,1050000,0
336,2011,4,1,51.0,760.0,40060.0,1,,7,3093000,1,520000,,OCC,3093000,520000
336,2012,4,1,51.0,760.0,40060.0,1,,8,2480000,1,600000,,OCC,2480000,600000
336,2013,4,1,51.0,760.0,40060.0,1,,4,1050000,1,510000,,OCC,1050000,510000
336,2014,4,1,51.0,760.0,40060.0,1,,9,2232000,3,625000,,OCC,2232000,625000
336,2015,4,1,51.0,760.0,40060.0,1,,5,2100000,0,0,,OCC,2100000,0
336,2016,4,1,51.0,760.0,40060.0,1,,8,3317000,3,1978000,,OCC,3317000,1978000
336,2017,4,1,51.0,760.0,40060.0,1,,3,778000,0,0,,OCC,778000,0
786,2004,4,1,51.0,760.0,40060.0,1,,1,10000,0,0,,OCC,10000,0
786,2005,4,1,51.0,760.0,40060.0,1,,1,75000,0,0,,OCC,75000,0
1316,2006,4,1,51.0,760.0,40060.0,1,,1,310000,1,310000,PNC BANK N.A. (PA),OCC,310000,310000
1316,2008,4,1,51.0,760.0,40060.0,1,,1,1000000,0,0,PNC BANK N.A. (PA),OCC,1000000,0
1316,2011,4,1,51.0,760.0,40060.0,1,,2,350000,0,0,PNC BANK N.A. (PA),OCC,350000,0
1316,2012,4,1,51.0,760.0,40060.0,1,,6,1220000,2,220000,PNC BANK N.A. (PA),OCC,1220000,220000
1316,2013,4,1,51.0,760.0,40060.0,1,,8,1632000,2,35000,PNC BANK N.A. (PA),OCC,1632000,35000
1316,2014,4,1,51.0,760.0,40060.0,1,,4,1300000,1,100000,PNC BANK N.A. (PA),OCC,1300000,100000
1316,2015,4,1,51.0,760.0,40060.0,1,,10,2156000,5,306000,PNC BANK N.A. (PA),OCC,2156000,306000
1316,2016,4,1,51.0,760.0,40060.0,1,,7,391000,4,130000,PNC BANK N.A. (PA),OCC,391000,130000
1316,2017,4,1,51.0,760.0,40060.0,1,,20,2600000,11,778000,PNC BANK N.A. (PA),OCC,2600000,778000
1461,2009,4,1,51.0,760.0,40060.0,1,,1,175000,1,175000,"CITIBANK, N.A. (NY)",OCC,175000,175000
1461,2012,4,1,51.0,760.0,40060.0,1,,125,774000,78,509000,"CITIBANK, N.A. (NY)",OCC,774000,509000
1461,2013,4,1,51.0,760.0,40060.0,1,,127,574000,76,368000,"CITIBANK, N.A. (NY)",OCC,574000,368000
1461,2014,4,1,51.0,760.0,40060.0,1,,90,1044000,53,191000,"CITIBANK, N.A. (NY)",OCC,1044000,191000
1461,2015,4,1,51.0,760.0,40060.0,1,,153,911000,109,617000,"CITIBANK, N.A. (NY)",OCC,911000,617000
1461,2016,4,1,51.0,760.0,40060.0,1,,260,1971000,187,1266000,"CITIBANK, N.A. (NY)",OCC,1971000,1266000
1461,2017,4,1,51.0,760.0,40060.0,1,,278,1785000,228,1388000,"CITIBANK, N.A. (NY)",OCC,1785000,1388000
1741,2004,4,1,51.0,760.0,40060.0,1,,97,4020000,68,2270000,,OCC,4020000,2270000
1741,2005,4,1,51.0,760.0,40060.0,1,,132,4754000,91,2994000,,OCC,4754000,2994000
1741,2006,4,1,51.0,760.0,40060.0,1,,129,5117000,85,3037000,,OCC,5117000,3037000
1741,2007,4,1,51.0,760.0,40060.0,1,,133,4802000,93,2997000,,OCC,4802000,2997000
1741,2008,4,1,51.0,760.0,40060.0,1,,119,4638000,82,2879000,,OCC,4638000,2879000
1741,2009,4,1,51.0,760.0,40060.0,1,,102,4525000,74,2710000,,OCC,4525000,2710000
2597,2010,4,1,51.0,760.0,40060.0,1,,1,25000,1,25000,,OCC,25000,25000
2630,2007,4,1,51.0,760.0,40060.0,4,,1,55000,1,55000,,OTS,55000,55000
2630,2008,4,1,51.0,760.0,40060.0,4,,5,135000,2,55000,,OTS,135000,55000
3514,2006,4,1,51.0,760.0,40060.0,3,,1,50000,0,0,Bank of the West (CA),FDIC,50000,0
3514,2007,4,1,51.0,760.0,40060.0,3,,1,50000,0,0,Bank of the West (CA),FDIC,50000,0
3514,2015,4,1,51.0,760.0,40060.0,3,,2,99000,1,62000,Bank of the West (CA),FDIC,99000,62000
3514,2016,4,1,51.0,760.0,40060.0,3,,3,129000,0,0,Bank of the West (CA),FDIC,129000,0
4341,2005,4,1,51.0,760.0,40060.0,1,,1,715000,1,715000,,OCC,715000,715000
4341,2006,4,1,51.0,760.0,40060.0,1,,3,945000,1,364000,,OCC,945000,364000
4341,2007,4,1,51.0,760.0,40060.0,1,,2,1196000,0,0,,OCC,1196000,0
5649,2006,4,1,51.0,760.0,40060.0,3,,19,135000,15,98000,,FDIC,135000,98000
5649,2007,4,1,51.0,760.0,40060.0,3,,41,392000,37,354000,,FDIC,392000,354000
5649,2008,4,1,51.0,760.0,40060.0,3,,63,535000,61,522000,,FDIC,535000,522000
5649,2009,4,1,51.0,760.0,40060.0,3,,17,173000,14,137000,,FDIC,173000,137000
5649,2010,4,1,51.0,760.0,40060.0,3,,3,20000,2,5000,,FDIC,20000,5000
5649,2011,4,1,51.0,760.0,40060.0,3,,3,19000,3,19000,,FDIC,19000,19000
5649,2012,4,1,51.0,760.0,40060.0,3,,3,17000,3,17000,,FDIC,17000,17000
5649,2013,4,1,51.0,760.0,40060.0,3,,5,20000,5,20000,,FDIC,20000,20000
5649,2014,4,1,51.0,760.0,40060.0,3,,3,5000,2,3000,,FDIC,5000,3000
5649,2015,4,1,51.0,760.0,40060.0,3,,2,2000,0,0,,FDIC,2000,0
5903,2010,4,1,51.0,760.0,40060.0,3,,1,15000,1,15000,,FDIC,15000,15000
5903,2015,4,1,51.0,760.0,40060.0,3,,1,10000,1,10000,,FDIC,10000,10000
6301,2008,4,1,51.0,760.0,40060.0,1,,1,784000,0,0,,OCC,784000,0
6301,2009,4,1,51.0,760.0,40060.0,1,,2,1568000,1,784000,,OCC,1568000,784000
6680,2014,4,1,51.0,760.0,40060.0,1,,1,30000,0,0,,OCC,30000,0
7551,2008,4,1,51.0,760.0,40060.0,3,,10,3211000,8,2211000,,FDIC,3211000,2211000
7937,2006,4,1,51.0,760.0,40060.0,1,,1,120000,1,120000,,OCC,120000,120000
8190,2010,4,1,51.0,760.0,40060.0,4,,1,100000,1,100000,,OTS,100000,100000
8475,2005,4,1,51.0,760.0,40060.0,4,,1,64000,1,64000,,OTS,64000,64000
8551,2006,4,1,51.0,760.0,40060.0,4,,28,122000,0,0,,OTS,122000,0
8551,2007,4,1,51.0,760.0,40060.0,4,,41,244000,41,244000,,OTS,244000,244000
9846,2004,4,1,51.0,760.0,40060.0,3,,3,572000,2,322000,,FDIC,572000,322000
9846,2005,4,1,51.0,760.0,40060.0,3,,2,426000,2,426000,,FDIC,426000,426000
9846,2006,4,1,51.0,760.0,40060.0,3,,4,350000,4,350000,,FDIC,350000,350000
9846,2007,4,1,51.0,760.0,40060.0,3,,117,23696000,59,9216000,,FDIC,23696000,9216000
9846,2008,4,1,51.0,760.0,40060.0,3,,132,33472000,65,12243000,,FDIC,33472000,12243000
9846,2009,4,1,51.0,760.0,40060.0,3,,86,25169000,55,12540000,,FDIC,25169000,12540000
9846,2010,4,1,51.0,760.0,40060.0,3,,89,22456000,42,7620000,,FDIC,22456000,7620000
9846,2011,4,1,51.0,760.0,40060.0,3,,96,28761000,61,16374000,,FDIC,28761000,16374000
9846,2012,4,1,51.0,760.0,40060.0,3,,92,26858000,58,16989000,,FDIC,26858000,16989000
9846,2013,4,1,51.0,760.0,40060.0,3,,206,24241000,92,5663000,,FDIC,24241000,5663000
9846,2014,4,1,51.0,760.0,40060.0,3,,233,22494000,128,6208000,,FDIC,22494000,6208000
9846,2015,4,1,51.0,760.0,40060.0,3,,158,13803000,93,4288000,,FDIC,13803000,4288000
9846,2016,4,1,51.0,760.0,40060.0,3,,171,15411000,108,4702000,,FDIC,15411000,4702000
9846,2017,4,1,51.0,760.0,40060.0,3,,241,13354000,169,5197000,,FDIC,13354000,5197000
9889,2014,4,1,51.0,760.0,40060.0,3,,1,720000,1,720000,,FDIC,720000,720000
10363,2004,4,1,51.0,760.0,40060.0,3,,47,7551000,30,4553000,,FDIC,7551000,4553000
10363,2005,4,1,51.0,760.0,40060.0,3,,18,3604000,15,2719000,,FDIC,3604000,2719000
10363,2006,4,1,51.0,760.0,40060.0,3,,13,2374000,9,1820000,,FDIC,2374000,1820000
10363,2007,4,1,51.0,760.0,40060.0,3,,14,1347000,10,772000,,FDIC,1347000,772000
10363,2008,4,1,51.0,760.0,40060.0,3,,11,2834000,8,2159000,,FDIC,2834000,2159000
10363,2009,4,1,51.0,760.0,40060.0,3,,8,2009000,6,1579000,,FDIC,2009000,1579000
10363,2010,4,1,51.0,760.0,40060.0,3,,5,1154000,4,874000,,FDIC,1154000,874000
10363,2011,4,1,51.0,760.0,40060.0,3,,13,2081000,10,1160000,,FDIC,2081000,1160000
10363,2012,4,1,51.0,760.0,40060.0,3,,8,1705000,3,451000,,FDIC,1705000,451000
10363,2013,4,1,51.0,760.0,40060.0,3,,14,1440000,5,489000,,FDIC,1440000,489000
10363,2014,4,1,51.0,760.0,40060.0,3,,16,2939000,7,306000,,FDIC,2939000,306000
10363,2015,4,1,51.0,760.0,40060.0,3,,15,2428000,6,426000,,FDIC,2428000,426000
10363,2016,4,1,51.0,760.0,40060.0,3,,18,4130000,6,895000,,FDIC,4130000,895000
10363,2017,4,1,51.0,760.0,40060.0,3,,20,5272000,12,2834000,,FDIC,5272000,2834000
11063,2004,4,1,51.0,760.0,40060.0,3,,18,3849000,9,1702000,First Citzens Bank & Trust Co (NC),FDIC,3849000,1702000
11063,2005,4,1,51.0,760.0,40060.0,3,,34,5907000,19,3610000,First Citzens Bank & Trust Co (NC),FDIC,5907000,3610000
11063,2006,4,1,51.0,760.0,40060.0,3,,21,4289000,13,3326000,First Citzens Bank & Trust Co (NC),FDIC,4289000,3326000
11063,2007,4,1,51.0,760.0,40060.0,3,,21,2409000,9,1022000,First Citzens Bank & Trust Co (NC),FDIC,2409000,1022000
11063,2008,4,1,51.0,760.0,40060.0,3,,18,3981000,5,156000,First Citzens Bank & Trust Co (NC),FDIC,3981000,156000
11063,2009,4,1,51.0,760.0,40060.0,3,,19,2544000,19,2544000,First Citzens Bank & Trust Co (NC),FDIC,2544000,2544000
11063,2010,4,1,51.0,760.0,40060.0,3,,15,1595000,6,607000,First Citzens Bank & Trust Co (NC),FDIC,1595000,607000
11063,2011,4,1,51.0,760.0,40060.0,3,,21,3129000,8,1220000,First Citzens Bank & Trust Co (NC),FDIC,3129000,1220000
11063,2012,4,1,51.0,760.0,40060.0,3,,28,5076000,12,1560000,First Citzens Bank & Trust Co (NC),FDIC,5076000,1560000
11063,2013,4,1,51.0,760.0,40060.0,3,,23,4550000,6,740000,First Citzens Bank & Trust Co (NC),FDIC,4550000,740000
11063,2014,4,1,51.0,760.0,40060.0,3,,25,3833000,9,1370000,First Citzens Bank & Trust Co (NC),FDIC,3833000,1370000
11063,2015,4,1,51.0,760.0,40060.0,3,,31,6546000,14,3361000,First Citzens Bank & Trust Co (NC),FDIC,6546000,3361000
11063,2016,4,1,51.0,760.0,40060.0,3,,45,7120000,22,2139000,First Citzens Bank & Trust Co (NC),FDIC,7120000,2139000
11063,2017,4,1,51.0,760.0,40060.0,3,,38,7664000,16,2895000,First Citzens Bank & Trust Co (NC),FDIC,7664000,2895000
11124,2013,4,1,51.0,760.0,40060.0,3,,1,48000,0,0,,FDIC,48000,0
11578,2011,4,1,51.0,760.0,40060.0,3,,1,200000,0,0,BURKE & HERBERT BK & TR CO (VA),FDIC,200000,0
11578,2012,4,1,51.0,760.0,40060.0,3,,1,175000,0,0,BURKE & HERBERT BK & TR CO (VA),FDIC,175000,0
11578,2013,4,1,51.0,760.0,40060.0,3,,1,150000,1,150000,BURKE & HERBERT BK & TR CO (VA),FDIC,150000,150000
11580,2004,4,1,51.0,760.0,40060.0,3,,5,787000,5,787000,,FDIC,787000,787000
11580,2005,4,1,51.0,760.0,40060.0,3,,3,76000,3,76000,,FDIC,76000,76000
11580,2007,4,1,51.0,760.0,40060.0,3,,5,118000,5,118000,,FDIC,118000,118000
11580,2008,4,1,51.0,760.0,40060.0,3,,3,541000,3,541000,,FDIC,541000,541000
11580,2009,4,1,51.0,760.0,40060.0,3,,5,123000,5,123000,,FDIC,123000,123000
11580,2010,4,1,51.0,760.0,40060.0,3,,5,132000,5,132000,,FDIC,132000,132000
11580,2012,4,1,51.0,760.0,40060.0,3,,4,87000,4,87000,,FDIC,87000,87000
11580,2013,4,1,51.0,760.0,40060.0,3,,8,300000,8,300000,,FDIC,300000,300000
11580,2014,4,1,51.0,760.0,40060.0,3,,5,156000,5,156000,,FDIC,156000,156000
11580,2015,4,1,51.0,760.0,40060.0,3,,3,110000,3,110000,,FDIC,110000,110000
11580,2016,4,1,51.0,760.0,40060.0,3,,7,201000,7,201000,,FDIC,201000,201000
11580,2017,4,1,51.0,760.0,40060.0,3,,6,272000,2,89000,,FDIC,272000,89000
11813,2005,4,1,51.0,760.0,40060.0,3,,4,243000,4,243000,,FDIC,243000,243000
11813,2006,4,1,51.0,760.0,40060.0,3,,1,50000,1,50000,,FDIC,50000,50000
12267,2006,4,1,51.0,760.0,40060.0,1,,2,350000,2,350000,,OCC,350000,350000
13044,2004,4,1,51.0,760.0,40060.0,1,,156,24850000,86,10119000,"Bank of America, N.A. (CA)",OCC,24850000,10119000
13044,2005,4,1,51.0,760.0,40060.0,1,,155,27463000,76,9099000,"Bank of America, N.A. (CA)",OCC,27463000,9099000
13044,2006,4,1,51.0,760.0,40060.0,1,,123,21179000,47,5857000,"Bank of America, N.A. (CA)",OCC,21179000,5857000
13044,2007,4,1,51.0,760.0,40060.0,1,,103,16146000,16,867000,"Bank of America, N.A. (CA)",OCC,16146000,867000
13044,2008,4,1,51.0,760.0,40060.0,1,,71,17330000,7,1046000,"Bank of America, N.A. (CA)",OCC,17330000,1046000
13044,2009,4,1,51.0,760.0,40060.0,1,,44,12102000,4,243000,"Bank of America, N.A. (CA)",OCC,12102000,243000
13044,2010,4,1,51.0,760.0,40060.0,1,,43,11225000,9,3125000,"Bank of America, N.A. (CA)",OCC,11225000,3125000
13044,2011,4,1,51.0,760.0,40060.0,1,,47,10362000,1,425000,"Bank of America, N.A. (CA)",OCC,10362000,425000
13044,2012,4,1,51.0,760.0,40060.0,1,,63,11648000,8,2049000,"Bank of America, N.A. (CA)",OCC,11648000,2049000
13044,2013,4,1,51.0,760.0,40060.0,1,,43,6591000,3,425000,"Bank of America, N.A. (CA)",OCC,6591000,425000
13044,2014,4,1,51.0,760.0,40060.0,1,,95,9511000,32,245000,"Bank of America, N.A. (CA)",OCC,9511000,245000
13044,2015,4,1,51.0,760.0,40060.0,1,,273,13241000,140,1598000,"Bank of America, N.A. (CA)",OCC,13241000,1598000
13044,2016,4,1,51.0,760.0,40060.0,1,,291,11136000,137,1427000,"Bank of America, N.A. (CA)",OCC,11136000,1427000
13044,2017,4,1,51.0,760.0,40060.0,1,,232,10736000,116,1930000,"Bank of America, N.A. (CA)",OCC,10736000,1930000
13181,2004,4,1,51.0,760.0,40060.0,4,,1021,3895000,109,469000,,OTS,3895000,469000
13181,2005,4,1,51.0,760.0,40060.0,4,,578,3284000,239,1736000,,OTS,3284000,1736000
13181,2006,4,1,51.0,760.0,40060.0,4,,395,2312000,156,864000,,OTS,2312000,864000
13181,2007,4,1,51.0,760.0,40060.0,4,,535,2045000,257,1061000,,OTS,2045000,1061000
13421,2017,4,1,51.0,760.0,40060.0,3,,1,1000000,0,0,,FDIC,1000000,0
13425,2014,4,1,51.0,760.0,40060.0,3,,1,457000,1,457000,,FDIC,457000,457000
13425,2017,4,1,51.0,760.0,40060.0,3,,1,815000,0,0,,FDIC,815000,0
13679,2016,4,1,51.0,760.0,40060.0,1,,1,373000,0,0,,OCC,373000,0
13681,2004,4,1,51.0,760.0,40060.0,1,,19,230000,15,160000,,OCC,230000,160000
13688,2008,4,1,51.0,760.0,40060.0,1,,4,260000,1,35000,"Capital One, N.A. (VA)",OCC,260000,35000
13688,2009,4,1,51.0,760.0,40060.0,1,,2,20000,0,0,"Capital One, N.A. (VA)",OCC,20000,0
13688,2010,4,1,51.0,760.0,40060.0,1,,2,226000,1,200000,"Capital One, N.A. (VA)",OCC,226000,200000
13688,2011,4,1,51.0,760.0,40060.0,1,,3,512000,0,0,"Capital One, N.A. (VA)",OCC,512000,0
13688,2012,4,1,51.0,760.0,40060.0,1,,4,62000,0,0,"Capital One, N.A. (VA)",OCC,62000,0
13688,2013,4,1,51.0,760.0,40060.0,1,,3,658000,1,300000,"Capital One, N.A. (VA)",OCC,658000,300000
13688,2014,4,1,51.0,760.0,40060.0,1,,6,814000,0,0,"Capital One, N.A. (VA)",OCC,814000,0
13688,2015,4,1,51.0,760.0,40060.0,1,,9,1093000,2,35000,"Capital One, N.A. (VA)",OCC,1093000,35000
13688,2016,4,1,51.0,760.0,40060.0,1,,24,4205000,0,0,"Capital One, N.A. (VA)",OCC,4205000,0
13688,2017,4,1,51.0,760.0,40060.0,1,,1,8000,1,8000,"Capital One, N.A. (VA)",OCC,8000,8000
14583,2006,4,1,51.0,760.0,40060.0,1,,1,1000,1,1000,"BMO Harris Bank, N.A. (IL)",OCC,1000,1000
14583,2008,4,1,51.0,760.0,40060.0,1,,1,171000,0,0,"BMO Harris Bank, N.A. (IL)",OCC,171000,0
14583,2010,4,1,51.0,760.0,40060.0,1,,1,116000,1,116000,"BMO Harris Bank, N.A. (IL)",OCC,116000,116000
14583,2012,4,1,51.0,760.0,40060.0,1,,1,228000,1,228000,"BMO Harris Bank, N.A. (IL)",OCC,228000,228000
14583,2016,4,1,51.0,760.0,40060.0,1,,6,613000,0,0,"BMO Harris Bank, N.A. (IL)",OCC,613000,0
14583,2017,4,1,51.0,760.0,40060.0,1,,6,833000,0,0,"BMO Harris Bank, N.A. (IL)",OCC,833000,0
14594,2005,4,1,51.0,760.0,40060.0,4,,55,8626000,36,3933000,,OTS,8626000,3933000
14594,2006,4,1,51.0,760.0,40060.0,4,,48,9099000,30,5859000,,OTS,9099000,5859000
14594,2007,4,1,51.0,760.0,40060.0,4,,53,7419000,34,3980000,,OTS,7419000,3980000
14594,2008,4,1,51.0,760.0,40060.0,4,,35,5605000,19,1383000,,OTS,5605000,1383000
14594,2009,4,1,51.0,760.0,40060.0,4,,36,6204000,19,1088000,,OTS,6204000,1088000
14640,2008,4,1,51.0,760.0,40060.0,4,,1,7000,1,7000,,OTS,7000,7000
14640,2010,4,1,51.0,760.0,40060.0,4,,1,25000,1,25000,,OTS,25000,25000
14695,2004,4,1,51.0,760.0,40060.0,1,,1,103000,0,0,,OCC,103000,0
14761,2010,4,1,51.0,760.0,40060.0,1,,1,25000,1,25000,,OCC,25000,25000
14761,2015,4,1,51.0,760.0,40060.0,1,,1,10000,1,10000,,OCC,10000,10000
14977,2007,4,1,51.0,760.0,40060.0,1,,2,398000,2,398000,,OCC,398000,398000
14977,2008,4,1,51.0,760.0,40060.0,1,,2,92000,2,92000,,OCC,92000,92000
15044,2005,4,1,51.0,760.0,40060.0,4,,44,103000,1,10000,,OTS,103000,10000
15044,2006,4,1,51.0,760.0,40060.0,4,,33,50000,0,0,,OTS,50000,0
15044,2007,4,1,51.0,760.0,40060.0,4,,2,9000,1,5000,,OTS,9000,5000
15044,2008,4,1,51.0,760.0,40060.0,4,,10,32000,1,5000,,OTS,32000,5000
15044,2009,4,1,51.0,760.0,40060.0,4,,12,56000,0,0,,OTS,56000,0
15044,2010,4,1,51.0,760.0,40060.0,4,,89,494000,0,0,,OTS,494000,0
15359,2016,4,1,51.0,760.0,40060.0,3,,3,155000,3,155000,,FDIC,155000,155000
15359,2017,4,1,51.0,760.0,40060.0,3,,2,195000,1,159000,,FDIC,195000,159000
15576,2005,4,1,51.0,760.0,40060.0,1,,2,480000,2,480000,STEARNS BANK N A (MN),OCC,480000,480000
15576,2007,4,1,51.0,760.0,40060.0,1,,3,142000,0,0,STEARNS BANK N A (MN),OCC,142000,0
15576,2008,4,1,51.0,760.0,40060.0,1,,1,60000,0,0,STEARNS BANK N A (MN),OCC,60000,0
15576,2010,4,1,51.0,760.0,40060.0,1,,4,150000,0,0,STEARNS BANK N A (MN),OCC,150000,0
15576,2011,4,1,51.0,760.0,40060.0,1,,1,16000,0,0,STEARNS BANK N A (MN),OCC,16000,0
15576,2012,4,1,51.0,760.0,40060.0,1,,1,55000,0,0,STEARNS BANK N A (MN),OCC,55000,0
15576,2013,4,1,51.0,760.0,40060.0,1,,3,80000,0,0,STEARNS BANK N A (MN),OCC,80000,0
15576,2014,4,1,51.0,760.0,40060.0,1,,2,144000,0,0,STEARNS BANK N A (MN),OCC,144000,0
15576,2015,4,1,51.0,760.0,40060.0,1,,2,21000,0,0,STEARNS BANK N A (MN),OCC,21000,0
15576,2016,4,1,51.0,760.0,40060.0,1,,3,168000,1,69000,STEARNS BANK N A (MN),OCC,168000,69000
15576,2017,4,1,51.0,760.0,40060.0,1,,1,76000,1,76000,STEARNS BANK N A (MN),OCC,76000,76000
15648,2006,4,1,51.0,760.0,40060.0,4,,2683,9072000,244,1992000,,OTS,9072000,1992000
15648,2007,4,1,51.0,760.0,40060.0,4,,2148,13110000,231,2990000,,OTS,13110000,2990000
15648,2008,4,1,51.0,760.0,40060.0,4,,1696,12774000,24,32000,,OTS,12774000,32000
15648,2009,4,1,51.0,760.0,40060.0,4,,747,3357000,0,0,,OTS,3357000,0
15648,2010,4,1,51.0,760.0,40060.0,4,,755,4420000,0,0,,OTS,4420000,0
15790,2017,4,1,51.0,760.0,40060.0,1,,1,9000,0,0,,OCC,9000,0
15951,2004,4,1,51.0,760.0,40060.0,3,,22,5348000,15,4044000,,FDIC,5348000,4044000
15951,2005,4,1,51.0,760.0,40060.0,3,,12,2597000,4,890000,,FDIC,2597000,890000
15951,2006,4,1,51.0,760.0,40060.0,3,,22,6767000,10,3205000,,FDIC,6767000,3205000
15951,2007,4,1,51.0,760.0,40060.0,3,,24,8798000,17,5806000,,FDIC,8798000,5806000
15951,2008,4,1,51.0,760.0,40060.0,3,,18,4903000,10,2401000,,FDIC,4903000,2401000
15951,2009,4,1,51.0,760.0,40060.0,3,,9,1700000,4,600000,,FDIC,1700000,600000
16889,2005,4,1,51.0,760.0,40060.0,3,,1,196000,0,0,,FDIC,196000,0
16892,2014,4,1,51.0,760.0,40060.0,1,,2,2000,2,2000,,OCC,2000,2000
16892,2016,4,1,51.0,760.0,40060.0,1,,2,2000,2,2000,,OCC,2000,2000
16892,2017,4,1,51.0,760.0,40060.0,1,,3,5000,3,5000,,OCC,5000,5000
16971,2006,4,1,51.0,760.0,40060.0,1,,657,3505000,371,2001000,,OCC,3505000,2001000
16971,2007,4,1,51.0,760.0,40060.0,1,,772,3703000,413,2098000,,OCC,3703000,2098000
16971,2008,4,1,51.0,760.0,40060.0,1,,429,2405000,217,1259000,,OCC,2405000,1259000
16971,2009,4,1,51.0,760.0,40060.0,1,,139,648000,74,323000,,OCC,648000,323000
16971,2010,4,1,51.0,760.0,40060.0,1,,137,1040000,72,318000,,OCC,1040000,318000
16971,2011,4,1,51.0,760.0,40060.0,1,,131,1073000,64,321000,,OCC,1073000,321000
17464,2009,4,1,51.0,760.0,40060.0,1,,1,41000,1,41000,,OCC,41000,41000
18063,2009,4,1,51.0,760.0,40060.0,4,,2,5000,0,0,,OTS,5000,0
18063,2010,4,1,51.0,760.0,40060.0,4,,8,71000,0,0,,OTS,71000,0
18095,2009,4,1,51.0,760.0,40060.0,4,,106,1333000,31,309000,,OTS,1333000,309000
18095,2010,4,1,51.0,760.0,40060.0,4,,108,1044000,61,609000,,OTS,1044000,609000
18112,2008,4,1,51.0,760.0,40060.0,1,,2,15000,0,0,,OCC,15000,0
18112,2009,4,1,51.0,760.0,40060.0,1,,1,25000,0,0,,OCC,25000,0
18112,2010,4,1,51.0,760.0,40060.0,1,,1,10000,0,0,,OCC,10000,0
19333,2012,4,1,51.0,760.0,40060.0,3,,1,670000,1,670000,,FDIC,670000,670000
19671,2004,4,1,51.0,760.0,40060.0,3,,1,558000,0,0,,FDIC,558000,0
19690,2017,4,1,51.0,760.0,40060.0,3,,1,145000,0,0,,FDIC,145000,0
19861,2015,4,1,51.0,760.0,40060.0,3,,2,730000,2,730000,,FDIC,730000,730000
19861,2016,4,1,51.0,760.0,40060.0,3,,2,125000,0,0,,FDIC,125000,0
20347,2004,4,1,51.0,760.0,40060.0,3,,1,100000,0,0,,FDIC,100000,0
20347,2005,4,1,51.0,760.0,40060.0,3,,1,100000,0,0,,FDIC,100000,0
20347,2006,4,1,51.0,760.0,40060.0,3,,1,713000,1,713000,,FDIC,713000,713000
20504,2017,4,1,51.0,760.0,40060.0,3,,7,122000,0,0,AMERIS BANK (GA),FDIC,122000,0
21440,2014,4,1,51.0,760.0,40060.0,3,,1,29000,0,0,,FDIC,29000,0
21440,2015,4,1,51.0,760.0,40060.0,3,,1,150000,1,150000,,FDIC,150000,150000
21440,2017,4,1,51.0,760.0,40060.0,3,,1,866000,1,866000,,FDIC,866000,866000
21516,2004,4,1,51.0,760.0,40060.0,1,,2,133000,1,113000,,OCC,133000,113000
21573,2005,4,1,51.0,760.0,40060.0,3,,5,966000,5,966000,,FDIC,966000,966000
22106,2004,4,1,51.0,760.0,40060.0,1,,178,2467000,98,1076000,,OCC,2467000,1076000
22106,2005,4,1,51.0,760.0,40060.0,1,,300,3245000,131,1624000,,OCC,3245000,1624000
22106,2006,4,1,51.0,760.0,40060.0,1,,521,5602000,231,3521000,,OCC,5602000,3521000
22381,2006,4,1,51.0,760.0,40060.0,1,,192,1520000,64,958000,,OCC,1520000,958000
22381,2007,4,1,51.0,760.0,40060.0,1,,687,6403000,360,4246000,,OCC,6403000,4246000
22381,2008,4,1,51.0,760.0,40060.0,1,,475,2795000,216,1739000,,OCC,2795000,1739000
22381,2009,4,1,51.0,760.0,40060.0,1,,75,793000,63,509000,,OCC,793000,509000
22381,2010,4,1,51.0,760.0,40060.0,1,,119,1243000,53,416000,,OCC,1243000,416000
22381,2011,4,1,51.0,760.0,40060.0,1,,112,1264000,60,442000,,OCC,1264000,442000
22381,2012,4,1,51.0,760.0,40060.0,1,,164,1333000,85,488000,,OCC,1333000,488000
22381,2013,4,1,51.0,760.0,40060.0,1,,215,2084000,112,955000,,OCC,2084000,955000
22381,2014,4,1,51.0,760.0,40060.0,1,,176,1431000,85,617000,,OCC,1431000,617000
22584,2004,4,1,51.0,760.0,40060.0,3,,190,37459000,107,16572000,,FDIC,37459000,16572000
22584,2005,4,1,51.0,760.0,40060.0,3,,151,29437000,87,14969000,,FDIC,29437000,14969000
22584,2006,4,1,51.0,760.0,40060.0,3,,115,28985000,59,9052000,,FDIC,28985000,9052000
23160,2004,4,1,51.0,760.0,40060.0,1,,134,1305000,15,143000,"Chase Bank USA, NA (DE)",OCC,1305000,143000
23160,2005,4,1,51.0,760.0,40060.0,1,,223,1661000,4,30000,"Chase Bank USA, NA (DE)",OCC,1661000,30000
23160,2006,4,1,51.0,760.0,40060.0,1,,405,3284000,0,0,"Chase Bank USA, NA (DE)",OCC,3284000,0
23160,2007,4,1,51.0,760.0,40060.0,1,,585,4123000,0,0,"Chase Bank USA, NA (DE)",OCC,4123000,0
23160,2008,4,1,51.0,760.0,40060.0,1,,513,4966000,6,27000,"Chase Bank USA, NA (DE)",OCC,4966000,27000
23160,2009,4,1,51.0,760.0,40060.0,1,,123,937000,0,0,"Chase Bank USA, NA (DE)",OCC,937000,0
23160,2010,4,1,51.0,760.0,40060.0,1,,91,691000,0,0,"Chase Bank USA, NA (DE)",OCC,691000,0
23160,2011,4,1,51.0,760.0,40060.0,1,,130,1059000,0,0,"Chase Bank USA, NA (DE)",OCC,1059000,0
23160,2012,4,1,51.0,760.0,40060.0,1,,122,1159000,0,0,"Chase Bank USA, NA (DE)",OCC,1159000,0
23160,2013,4,1,51.0,760.0,40060.0,1,,120,1260000,0,0,"Chase Bank USA, NA (DE)",OCC,1260000,0
23160,2014,4,1,51.0,760.0,40060.0,1,,187,1869000,0,0,"Chase Bank USA, NA (DE)",OCC,1869000,0
23160,2015,4,1,51.0,760.0,40060.0,1,,164,1829000,0,0,"Chase Bank USA, NA (DE)",OCC,1829000,0
23160,2016,4,1,51.0,760.0,40060.0,1,,200,2014000,0,0,"Chase Bank USA, NA (DE)",OCC,2014000,0
23160,2017,4,1,51.0,760.0,40060.0,1,,290,3037000,159,1638000,"Chase Bank USA, NA (DE)",OCC,3037000,1638000
23248,2011,4,1,51.0,760.0,40060.0,1,,8,25000,0,0,TEXAS CAPITAL BANK (TX),OCC,25000,0
23248,2012,4,1,51.0,760.0,40060.0,1,,23,376000,0,0,TEXAS CAPITAL BANK (TX),OCC,376000,0
23248,2013,4,1,51.0,760.0,40060.0,1,,20,262000,0,0,TEXAS CAPITAL BANK (TX),OCC,262000,0
23248,2014,4,1,51.0,760.0,40060.0,1,,24,281000,0,0,TEXAS CAPITAL BANK (TX),OCC,281000,0
23248,2015,4,1,51.0,760.0,40060.0,1,,19,376000,0,0,TEXAS CAPITAL BANK (TX),OCC,376000,0
23248,2016,4,1,51.0,760.0,40060.0,1,,17,356000,0,0,TEXAS CAPITAL BANK (TX),OCC,356000,0
23248,2017,4,1,51.0,760.0,40060.0,1,,22,997000,5,152000,TEXAS CAPITAL BANK (TX),OCC,997000,152000
23253,2015,4,1,51.0,760.0,40060.0,1,,2,111000,1,85000,TCF National Bank (SD),OCC,111000,85000
23253,2016,4,1,51.0,760.0,40060.0,1,,2,161000,1,87000,TCF National Bank (SD),OCC,161000,87000
23253,2017,4,1,51.0,760.0,40060.0,1,,1,35000,0,0,TCF National Bank (SD),OCC,35000,0
23296,2013,4,1,51.0,760.0,40060.0,3,,1,213000,1,213000,,FDIC,213000,213000
23301,2008,4,1,51.0,760.0,40060.0,3,,1,255000,1,255000,,FDIC,255000,255000
23301,2012,4,1,51.0,760.0,40060.0,3,,1,215000,0,0,,FDIC,215000,0
23446,2004,4,1,51.0,760.0,40060.0,1,,114,1210000,3,41000,,OCC,1210000,41000
23446,2005,4,1,51.0,760.0,40060.0,1,,3,58000,2,43000,,OCC,58000,43000
23446,2006,4,1,51.0,760.0,40060.0,1,,5,37000,4,36000,,OCC,37000,36000
23446,2007,4,1,51.0,760.0,40060.0,1,,12,68000,4,33000,,OCC,68000,33000
23446,2008,4,1,51.0,760.0,40060.0,1,,50,393000,19,199000,,OCC,393000,199000
23446,2009,4,1,51.0,760.0,40060.0,1,,56,761000,23,251000,,OCC,761000,251000
23446,2010,4,1,51.0,760.0,40060.0,1,,39,350000,8,43000,,OCC,350000,43000
23446,2011,4,1,51.0,760.0,40060.0,1,,77,566000,24,238000,,OCC,566000,238000
23446,2012,4,1,51.0,760.0,40060.0,1,,80,902000,31,332000,,OCC,902000,332000
23498,2017,4,1,51.0,760.0,40060.0,3,,3,6000,0,0,,FDIC,6000,0
23574,2006,4,1,51.0,760.0,40060.0,1,,1,200000,1,200000,,OCC,200000,200000
23627,2015,4,1,51.0,760.0,40060.0,3,,1,5000,1,5000,,FDIC,5000,5000
23627,2016,4,1,51.0,760.0,40060.0,3,,1,1000,0,0,,FDIC,1000,0
23627,2017,4,1,51.0,760.0,40060.0,3,,2,251000,0,0,,FDIC,251000,0
23664,2016,4,1,51.0,760.0,40060.0,1,,1,575000,1,575000,,OCC,575000,575000
23828,2004,4,1,51.0,760.0,40060.0,1,,10,3475000,0,0,,OCC,3475000,0
23880,2017,4,1,51.0,760.0,40060.0,1,,6,1763000,5,1113000,ACCESS NATIONAL BANK (VA),OCC,1763000,1113000
23892,2004,4,1,51.0,760.0,40060.0,1,,46,5808000,29,2111000,,OCC,5808000,2111000
23892,2005,4,1,51.0,760.0,40060.0,1,,47,7804000,20,3109000,,OCC,7804000,3109000
23892,2006,4,1,51.0,760.0,40060.0,1,,39,5846000,12,1623000,,OCC,5846000,1623000
23892,2007,4,1,51.0,760.0,40060.0,1,,36,6537000,14,1447000,,OCC,6537000,1447000
23892,2008,4,1,51.0,760.0,40060.0,1,,18,2087000,11,1231000,,OCC,2087000,1231000
23892,2009,4,1,51.0,760.0,40060.0,1,,17,2016000,12,1557000,,OCC,2016000,1557000
23892,2010,4,1,51.0,760.0,40060.0,1,,13,1591000,9,951000,,OCC,1591000,951000
23920,2011,4,1,51.0,760.0,40060.0,1,,2,10000,1,1000,,OCC,10000,1000
23920,2012,4,1,51.0,760.0,40060.0,1,,1,20000,0,0,,OCC,20000,0
23920,2013,4,1,51.0,760.0,40060.0,1,,1,12000,0,0,,OCC,12000,0
23920,2014,4,1,51.0,760.0,40060.0,1,,1,10000,0,0,,OCC,10000,0
24045,2016,4,1,51.0,760.0,40060.0,3,,1,800000,0,0,Pacific Western Bank (CA),FDIC,800000,0
24095,2004,4,1,51.0,760.0,40060.0,1,,793,4607000,289,1732000,,OCC,4607000,1732000
24095,2005,4,1,51.0,760.0,40060.0,1,,875,7248000,374,2500000,,OCC,7248000,2500000
24095,2006,4,1,51.0,760.0,40060.0,1,,251,1478000,64,691000,,OCC,1478000,691000
24096,2005,4,1,51.0,760.0,40060.0,1,,1,4000,1,4000,TD Bank N.A. (DE),OCC,4000,4000
24096,2012,4,1,51.0,760.0,40060.0,1,,1,20000,1,20000,TD Bank N.A. (DE),OCC,20000,20000
24096,2013,4,1,51.0,760.0,40060.0,1,,1,8000,1,8000,TD Bank N.A. (DE),OCC,8000,8000
24096,2016,4,1,51.0,760.0,40060.0,1,,1,7000,0,0,TD Bank N.A. (DE),OCC,7000,0
24096,2017,4,1,51.0,760.0,40060.0,1,,1,5000,0,0,TD Bank N.A. (DE),OCC,5000,0
24281,2004,4,1,51.0,760.0,40060.0,1,,659,3889000,222,1375000,,OCC,3889000,1375000
24281,2005,4,1,51.0,760.0,40060.0,1,,619,3076000,225,1365000,,OCC,3076000,1365000
24340,2004,4,1,51.0,760.0,40060.0,1,,1,55000,0,0,,OCC,55000,0
24466,2015,4,1,51.0,760.0,40060.0,1,,12,2136000,0,0,Beverly Bank and Trust (IL),OCC,2136000,0
24522,2005,4,1,51.0,760.0,40060.0,1,,1,901000,0,0,"HSBC BANK, NA (VA)",OCC,901000,0
24522,2011,4,1,51.0,760.0,40060.0,1,,3,13000,0,0,"HSBC BANK, NA (VA)",OCC,13000,0
24522,2012,4,1,51.0,760.0,40060.0,1,,9,30000,0,0,"HSBC BANK, NA (VA)",OCC,30000,0
24522,2017,4,1,51.0,760.0,40060.0,1,,3,875000,0,0,"HSBC BANK, NA (VA)",OCC,875000,0
24571,2011,4,1,51.0,760.0,40060.0,1,,1,150000,0,0,"Citizens Bank, NA (RI)",OCC,150000,0
24571,2015,4,1,51.0,760.0,40060.0,1,,2,78000,2,78000,"Citizens Bank, NA (RI)",OCC,78000,78000
24571,2016,4,1,51.0,760.0,40060.0,1,,2,63000,2,63000,"Citizens Bank, NA (RI)",OCC,63000,63000
24571,2017,4,1,51.0,760.0,40060.0,1,,12,373000,12,373000,"Citizens Bank, NA (RI)",OCC,373000,373000
24828,2008,4,1,51.0,760.0,40060.0,1,,430,2112000,165,890000,"Capital One Bank (USA), N.A. (VA)",OCC,2112000,890000
24828,2009,4,1,51.0,760.0,40060.0,1,,70,612000,32,320000,"Capital One Bank (USA), N.A. (VA)",OCC,612000,320000
24828,2010,4,1,51.0,760.0,40060.0,1,,135,625000,69,331000,"Capital One Bank (USA), N.A. (VA)",OCC,625000,331000
24828,2011,4,1,51.0,760.0,40060.0,1,,183,922000,107,525000,"Capital One Bank (USA), N.A. (VA)",OCC,922000,525000
24828,2012,4,1,51.0,760.0,40060.0,1,,215,1055000,94,569000,"Capital One Bank (USA), N.A. (VA)",OCC,1055000,569000
24828,2013,4,1,51.0,760.0,40060.0,1,,199,897000,73,533000,"Capital One Bank (USA), N.A. (VA)",OCC,897000,533000
24828,2014,4,1,51.0,760.0,40060.0,1,,420,2481000,140,1120000,"Capital One Bank (USA), N.A. (VA)",OCC,2481000,1120000
24828,2015,4,1,51.0,760.0,40060.0,1,,495,4135000,204,1854000,"Capital One Bank (USA), N.A. (VA)",OCC,4135000,1854000
24828,2016,4,1,51.0,760.0,40060.0,1,,415,3401000,230,1880000,"Capital One Bank (USA), N.A. (VA)",OCC,3401000,1880000
24828,2017,4,1,51.0,760.0,40060.0,1,,473,4044000,198,1711000,"Capital One Bank (USA), N.A. (VA)",OCC,4044000,1711000
24891,2009,4,1,51.0,760.0,40060.0,1,,4,741000,3,241000,"Fulton Bank, N.A. (PA)",OCC,741000,241000
24891,2010,4,1,51.0,760.0,40060.0,1,,5,1910000,4,1410000,"Fulton Bank, N.A. (PA)",OCC,1910000,1410000
24891,2011,4,1,51.0,760.0,40060.0,1,,2,665000,2,665000,"Fulton Bank, N.A. (PA)",OCC,665000,665000
24891,2012,4,1,51.0,760.0,40060.0,1,,4,1775000,4,1775000,"Fulton Bank, N.A. (PA)",OCC,1775000,1775000
24891,2013,4,1,51.0,760.0,40060.0,1,,6,1722000,6,1722000,"Fulton Bank, N.A. (PA)",OCC,1722000,1722000
24891,2014,4,1,51.0,760.0,40060.0,1,,3,1045000,2,945000,"Fulton Bank, N.A. (PA)",OCC,1045000,945000
24891,2015,4,1,51.0,760.0,40060.0,1,,5,1425000,4,1275000,"Fulton Bank, N.A. (PA)",OCC,1425000,1275000
24891,2016,4,1,51.0,760.0,40060.0,1,,5,1858000,2,400000,"Fulton Bank, N.A. (PA)",OCC,1858000,400000
24891,2017,4,1,51.0,760.0,40060.0,1,,5,2192000,4,1192000,"Fulton Bank, N.A. (PA)",OCC,2192000,1192000
25022,2014,4,1,51.0,760.0,40060.0,1,,3,597000,0,0,,OCC,597000,0
25022,2015,4,1,51.0,760.0,40060.0,1,,4,1153000,0,0,,OCC,1153000,0
25022,2016,4,1,51.0,760.0,40060.0,1,,3,252000,0,0,,OCC,252000,0
25022,2017,4,1,51.0,760.0,40060.0,1,,6,1133000,0,0,,OCC,1133000,0
25079,2015,4,1,51.0,760.0,40060.0,1,,5,500000,0,0,,OCC,500000,0
25079,2016,4,1,51.0,760.0,40060.0,1,,10,425000,0,0,,OCC,425000,0
25079,2017,4,1,51.0,760.0,40060.0,1,,11,300000,0,0,,OCC,300000,0
25080,2014,4,1,51.0,760.0,40060.0,1,,1,16000,0,0,,OCC,16000,0
25149,2017,4,1,51.0,760.0,40060.0,1,,42,773000,0,0,,OCC,773000,0
26610,2007,4,1,51.0,760.0,40060.0,3,,2,1200000,2,1200000,BANK OF HOPE (CA),FDIC,1200000,1200000
26610,2015,4,1,51.0,760.0,40060.0,3,,1,450000,1,450000,BANK OF HOPE (CA),FDIC,450000,450000
26610,2016,4,1,51.0,760.0,40060.0,3,,2,1260000,0,0,BANK OF HOPE (CA),FDIC,1260000,0
27374,2004,4,1,51.0,760.0,40060.0,3,,1,534000,0,0,,FDIC,534000,0
27374,2006,4,1,51.0,760.0,40060.0,3,,1,107000,0,0,,FDIC,107000,0
27374,2007,4,1,51.0,760.0,40060.0,3,,2,184000,0,0,,FDIC,184000,0
27471,2004,4,1,51.0,760.0,40060.0,3,,162,1054000,127,663000,American Express Centurion Bk (UT),FDIC,1054000,663000
27471,2017,4,1,51.0,760.0,40060.0,3,,2,392000,0,0,American Express Centurion Bk (UT),FDIC,392000,0
28262,2016,4,1,51.0,760.0,40060.0,3,,1,5000,0,0,,FDIC,5000,0
30903,2016,4,1,51.0,760.0,40060.0,3,,1,300000,1,300000,COMMUNITY BANK OF THE CHESAPEA (MD),FDIC,300000,300000
30903,2017,4,1,51.0,760.0,40060.0,3,,1,300000,1,300000,COMMUNITY BANK OF THE CHESAPEA (MD),FDIC,300000,300000
31203,2007,4,1,51.0,760.0,40060.0,3,,2,450000,1,250000,,FDIC,450000,250000
32749,2007,4,1,51.0,760.0,40060.0,3,,1,10000,1,10000,,FDIC,10000,10000
33527,2015,4,1,51.0,760.0,40060.0,3,,1,198000,1,198000,,FDIC,198000,198000
33535,2004,4,1,51.0,760.0,40060.0,3,,114,865000,0,0,,FDIC,865000,0
33535,2005,4,1,51.0,760.0,40060.0,3,,174,1601000,174,1601000,,FDIC,1601000,1601000
33535,2006,4,1,51.0,760.0,40060.0,3,,219,2298000,219,2298000,,FDIC,2298000,2298000
33535,2007,4,1,51.0,760.0,40060.0,3,,242,2484000,242,2484000,,FDIC,2484000,2484000
33535,2008,4,1,51.0,760.0,40060.0,3,,124,776000,124,776000,,FDIC,776000,776000
33778,2004,4,1,51.0,760.0,40060.0,3,,357,1329000,41,171000,,FDIC,1329000,171000
33778,2005,4,1,51.0,760.0,40060.0,3,,719,2275000,67,309000,,FDIC,2275000,309000
33778,2006,4,1,51.0,760.0,40060.0,3,,593,2219000,70,291000,,FDIC,2219000,291000
33778,2007,4,1,51.0,760.0,40060.0,3,,498,2770000,60,309000,,FDIC,2770000,309000
33778,2008,4,1,51.0,760.0,40060.0,3,,433,2327000,49,121000,,FDIC,2327000,121000
33778,2009,4,1,51.0,760.0,40060.0,3,,156,860000,24,103000,,FDIC,860000,103000
33778,2010,4,1,51.0,760.0,40060.0,3,,2,187000,0,0,,FDIC,187000,0
33778,2011,4,1,51.0,760.0,40060.0,3,,4,1261000,0,0,,FDIC,1261000,0
33778,2012,4,1,51.0,760.0,40060.0,3,,19,1841000,0,0,,FDIC,1841000,0
33778,2013,4,1,51.0,760.0,40060.0,3,,16,1374000,0,0,,FDIC,1374000,0
33778,2014,4,1,51.0,760.0,40060.0,3,,6,917000,0,0,,FDIC,917000,0
34341,2006,4,1,51.0,760.0,40060.0,3,,1,990000,1,990000,,FDIC,990000,990000
34599,2004,4,1,51.0,760.0,40060.0,3,,265,1734000,0,0,,FDIC,1734000,0
34697,2004,4,1,51.0,760.0,40060.0,3,,11,108000,0,0,WEX BANK (UT),FDIC,108000,0
34697,2013,4,1,51.0,760.0,40060.0,3,,55,379000,0,0,WEX BANK (UT),FDIC,379000,0
34697,2014,4,1,51.0,760.0,40060.0,3,,28,282000,0,0,WEX BANK (UT),FDIC,282000,0
34697,2015,4,1,51.0,760.0,40060.0,3,,39,772000,0,0,WEX BANK (UT),FDIC,772000,0
34697,2016,4,1,51.0,760.0,40060.0,3,,37,420000,0,0,WEX BANK (UT),FDIC,420000,0
34697,2017,4,1,51.0,760.0,40060.0,3,,55,416000,0,0,WEX BANK (UT),FDIC,416000,0
34780,2004,4,1,51.0,760.0,40060.0,3,,51,773000,17,145000,,FDIC,773000,145000
34780,2005,4,1,51.0,760.0,40060.0,3,,50,1335000,19,159000,,FDIC,1335000,159000
34780,2006,4,1,51.0,760.0,40060.0,3,,45,652000,19,299000,,FDIC,652000,299000
34780,2007,4,1,51.0,760.0,40060.0,3,,109,1992000,29,222000,,FDIC,1992000,222000
34780,2008,4,1,51.0,760.0,40060.0,3,,33,1296000,14,131000,,FDIC,1296000,131000
35095,2006,4,1,51.0,760.0,40060.0,3,,1,248000,1,248000,,FDIC,248000,248000
35095,2007,4,1,51.0,760.0,40060.0,3,,2,460000,0,0,,FDIC,460000,0
35095,2008,4,1,51.0,760.0,40060.0,3,,1,20000,0,0,,FDIC,20000,0
35095,2009,4,1,51.0,760.0,40060.0,3,,1,600000,1,600000,,FDIC,600000,600000
35095,2012,4,1,51.0,760.0,40060.0,3,,1,500000,0,0,,FDIC,500000,0
35095,2013,4,1,51.0,760.0,40060.0,3,,3,372000,1,60000,,FDIC,372000,60000
35095,2014,4,1,51.0,760.0,40060.0,3,,2,76000,2,76000,,FDIC,76000,76000
35095,2015,4,1,51.0,760.0,40060.0,3,,14,4183000,2,850000,,FDIC,4183000,850000
35095,2016,4,1,51.0,760.0,40060.0,3,,21,6696000,9,2318000,,FDIC,6696000,2318000
35095,2017,4,1,51.0,760.0,40060.0,3,,40,8864000,18,5025000,,FDIC,8864000,5025000
35100,2010,4,1,51.0,760.0,40060.0,3,,10,2218000,2,825000,,FDIC,2218000,825000
35100,2011,4,1,51.0,760.0,40060.0,3,,8,2298000,2,908000,,FDIC,2298000,908000
35444,2016,4,1,51.0,760.0,40060.0,3,,1,627000,1,627000,THE BANKCORP BANK (DE),FDIC,627000,627000
35575,2007,4,1,51.0,760.0,40060.0,3,,91,4365000,0,0,,FDIC,4365000,0
35575,2008,4,1,51.0,760.0,40060.0,3,,109,3249000,0,0,,FDIC,3249000,0
35575,2009,4,1,51.0,760.0,40060.0,3,,71,866000,0,0,,FDIC,866000,0
35575,2010,4,1,51.0,760.0,40060.0,3,,48,101000,0,0,,FDIC,101000,0
35575,2011,4,1,51.0,760.0,40060.0,3,,2,4000,0,0,,FDIC,4000,0
35575,2012,4,1,51.0,760.0,40060.0,3,,1,1000,0,0,,FDIC,1000,0
35575,2013,4,1,51.0,760.0,40060.0,3,,4,51000,0,0,,FDIC,51000,0
35575,2014,4,1,51.0,760.0,40060.0,3,,1,29000,0,0,,FDIC,29000,0
35583,2015,4,1,51.0,760.0,40060.0,3,,6,79000,6,79000,Pinnacle Bank (TN),FDIC,79000,79000
35583,2016,4,1,51.0,760.0,40060.0,3,,1,16000,1,16000,Pinnacle Bank (TN),FDIC,16000,16000
57408,2014,4,1,51.0,760.0,40060.0,3,,1,155000,0,0,,FDIC,155000,0
57512,2014,4,1,51.0,760.0,40060.0,3,,1,263000,1,263000,,FDIC,263000,263000
57696,2016,4,1,51.0,760.0,40060.0,3,,1,65000,1,65000,WASHINGTONFIRST BANK (VA),FDIC,65000,65000
57870,2017,4,1,51.0,760.0,40060.0,3,,1,40000,0,0,STATE BANK & TRUST (GA),FDIC,40000,0
58408,2014,4,1,51.0,760.0,40060.0,3,,2,550000,1,300000,,FDIC,550000,300000
58408,2015,4,1,51.0,760.0,40060.0,3,,2,350000,0,0,,FDIC,350000,0
58408,2016,4,1,51.0,760.0,40060.0,3,,67,17276000,28,6656000,,FDIC,17276000,6656000
58408,2017,4,1,51.0,760.0,40060.0,3,,33,10090000,11,3997000,,FDIC,10090000,3997000
58596,2011,4,1,51.0,760.0,40060.0,3,,1,365000,1,365000,,FDIC,365000,365000
58596,2012,4,1,51.0,760.0,40060.0,3,,2,715000,2,715000,,FDIC,715000,715000
58648,2017,4,1,51.0,760.0,40060.0,3,,1,313000,0,0,,FDIC,313000,0
60143,2015,4,1,51.0,760.0,40060.0,2,,2,1500000,0,0,COMERICA BANK (MI),FRS,1500000,0
60143,2016,4,1,51.0,760.0,40060.0,2,,1,1000000,0,0,COMERICA BANK (MI),FRS,1000000,0
210434,2016,4,1,51.0,760.0,40060.0,2,,1,200000,1,200000,,FRS,200000,200000
223322,2014,4,1,51.0,760.0,40060.0,2,,1,136000,0,0,,FRS,136000,0
223322,2017,4,1,51.0,760.0,40060.0,2,,1,893000,1,893000,,FRS,893000,893000
233031,2005,4,1,51.0,760.0,40060.0,2,,4,1501000,4,1501000,,FRS,1501000,1501000
233031,2006,4,1,51.0,760.0,40060.0,2,,6,2400000,4,1650000,,FRS,2400000,1650000
233031,2007,4,1,51.0,760.0,40060.0,2,,3,1150000,0,0,,FRS,1150000,0
233031,2010,4,1,51.0,760.0,40060.0,2,,2,330000,1,300000,,FRS,330000,300000
233031,2011,4,1,51.0,760.0,40060.0,2,,3,1225000,0,0,,FRS,1225000,0
365325,2017,4,1,51.0,760.0,40060.0,2,,1,5000,0,0,UNITED BANK VA (VA),FRS,5000,0
431172,2016,4,1,51.0,760.0,40060.0,2,,1,275000,1,275000,,FRS,275000,275000
431172,2017,4,1,51.0,760.0,40060.0,2,,1,40000,1,40000,,FRS,40000,40000
436823,2004,4,1,51.0,760.0,40060.0,2,,16,3020000,4,340000,,FRS,3020000,340000
436823,2005,4,1,51.0,760.0,40060.0,2,,11,1146000,6,541000,,FRS,1146000,541000
436823,2006,4,1,51.0,760.0,40060.0,2,,16,3394000,13,2823000,,FRS,3394000,2823000
436823,2007,4,1,51.0,760.0,40060.0,2,,8,2900000,5,1130000,,FRS,2900000,1130000
436823,2008,4,1,51.0,760.0,40060.0,2,,11,3669000,9,3605000,,FRS,3669000,3605000
436823,2009,4,1,51.0,760.0,40060.0,2,,14,1568000,8,1219000,,FRS,1568000,1219000
436823,2010,4,1,51.0,760.0,40060.0,2,,4,865000,1,115000,,FRS,865000,115000
436823,2011,4,1,51.0,760.0,40060.0,2,,2,1300000,1,300000,,FRS,1300000,300000
436823,2012,4,1,51.0,760.0,40060.0,2,,2,358000,1,233000,,FRS,358000,233000
436823,2013,4,1,51.0,760.0,40060.0,2,,1,125000,0,0,,FRS,125000,0
501105,2005,4,1,51.0,760.0,40060.0,2,,2,125000,0,0,M&T BANK (NY),FRS,125000,0
501105,2006,4,1,51.0,760.0,40060.0,2,,2,35000,1,10000,M&T BANK (NY),FRS,35000,10000
501105,2007,4,1,51.0,760.0,40060.0,2,,1,100000,0,0,M&T BANK (NY),FRS,100000,0
501105,2009,4,1,51.0,760.0,40060.0,2,,5,475000,1,25000,M&T BANK (NY),FRS,475000,25000
501105,2010,4,1,51.0,760.0,40060.0,2,,12,2457000,2,230000,M&T BANK (NY),FRS,2457000,230000
501105,2011,4,1,51.0,760.0,40060.0,2,,6,805000,2,140000,M&T BANK (NY),FRS,805000,140000
501105,2012,4,1,51.0,760.0,40060.0,2,,11,1275000,7,468000,M&T BANK (NY),FRS,1275000,468000
501105,2013,4,1,51.0,760.0,40060.0,2,,6,1430000,4,605000,M&T BANK (NY),FRS,1430000,605000
501105,2014,4,1,51.0,760.0,40060.0,2,,10,563000,4,161000,M&T BANK (NY),FRS,563000,161000
501105,2015,4,1,51.0,760.0,40060.0,2,,8,3502000,3,1077000,M&T BANK (NY),FRS,3502000,1077000
501105,2016,4,1,51.0,760.0,40060.0,2,,4,999000,3,949000,M&T BANK (NY),FRS,999000,949000
501105,2017,4,1,51.0,760.0,40060.0,2,,5,1136000,3,961000,M&T BANK (NY),FRS,1136000,961000
506922,2004,4,1,51.0,760.0,40060.0,2,,2,1430000,1,940000,Sandy Spring Bank (MD),FRS,1430000,940000
506922,2005,4,1,51.0,760.0,40060.0,2,,4,869000,1,300000,Sandy Spring Bank (MD),FRS,869000,300000
506922,2008,4,1,51.0,760.0,40060.0,2,,1,37000,0,0,Sandy Spring Bank (MD),FRS,37000,0
506922,2010,4,1,51.0,760.0,40060.0,2,,2,271000,0,0,Sandy Spring Bank (MD),FRS,271000,0
506922,2014,4,1,51.0,760.0,40060.0,2,,1,103000,0,0,Sandy Spring Bank (MD),FRS,103000,0
506922,2016,4,1,51.0,760.0,40060.0,2,,1,21000,1,21000,Sandy Spring Bank (MD),FRS,21000,21000
506922,2017,4,1,51.0,760.0,40060.0,2,,2,361000,0,0,Sandy Spring Bank (MD),FRS,361000,0
550327,2007,4,1,51.0,760.0,40060.0,2,,1,300000,0,0,,FRS,300000,0
550327,2008,4,1,51.0,760.0,40060.0,2,,1,500000,0,0,,FRS,500000,0
675332,2004,4,1,51.0,760.0,40060.0,2,,434,52261000,267,18979000,"SUNTRUST BANKS, INC (GA)",FRS,52261000,18979000
675332,2005,4,1,51.0,760.0,40060.0,2,,472,49118000,273,18635000,"SUNTRUST BANKS, INC (GA)",FRS,49118000,18635000
675332,2006,4,1,51.0,760.0,40060.0,2,,444,61706000,245,23592000,"SUNTRUST BANKS, INC (GA)",FRS,61706000,23592000
675332,2007,4,1,51.0,760.0,40060.0,2,,417,58947000,230,22390000,"SUNTRUST BANKS, INC (GA)",FRS,58947000,22390000
675332,2008,4,1,51.0,760.0,40060.0,2,,333,57855000,152,16077000,"SUNTRUST BANKS, INC (GA)",FRS,57855000,16077000
675332,2009,4,1,51.0,760.0,40060.0,2,,230,46478000,103,12756000,"SUNTRUST BANKS, INC (GA)",FRS,46478000,12756000
675332,2010,4,1,51.0,760.0,40060.0,2,,139,30407000,53,7784000,"SUNTRUST BANKS, INC (GA)",FRS,30407000,7784000
675332,2011,4,1,51.0,760.0,40060.0,2,,222,51446000,66,8304000,"SUNTRUST BANKS, INC (GA)",FRS,51446000,8304000
675332,2012,4,1,51.0,760.0,40060.0,2,,146,37382000,48,6166000,"SUNTRUST BANKS, INC (GA)",FRS,37382000,6166000
675332,2013,4,1,51.0,760.0,40060.0,2,,210,39846000,68,5376000,"SUNTRUST BANKS, INC (GA)",FRS,39846000,5376000
675332,2014,4,1,51.0,760.0,40060.0,2,,269,37304000,117,3584000,"SUNTRUST BANKS, INC (GA)",FRS,37304000,3584000
675332,2015,4,1,51.0,760.0,40060.0,2,,444,34410000,218,3808000,"SUNTRUST BANKS, INC (GA)",FRS,34410000,3808000
675332,2016,4,1,51.0,760.0,40060.0,2,,374,24225000,200,2163000,"SUNTRUST BANKS, INC (GA)",FRS,24225000,2163000
675332,2017,4,1,51.0,760.0,40060.0,2,,319,20539000,193,3530000,"SUNTRUST BANKS, INC (GA)",FRS,20539000,3530000
679826,2004,4,1,51.0,760.0,40060.0,2,,2,397000,2,397000,,FRS,397000,397000
679826,2013,4,1,51.0,760.0,40060.0,2,,6,850000,4,750000,,FRS,850000,750000
679826,2014,4,1,51.0,760.0,40060.0,2,,8,859000,5,659000,,FRS,859000,659000
679826,2015,4,1,51.0,760.0,40060.0,2,,5,1200000,3,500000,,FRS,1200000,500000
679826,2016,4,1,51.0,760.0,40060.0,2,,7,1799000,6,1775000,,FRS,1799000,1775000
682611,2008,4,1,51.0,760.0,40060.0,2,,1,1000000,0,0,,FRS,1000000,0
693224,2004,4,1,51.0,760.0,40060.0,2,,25,5077000,17,3228000,,FRS,5077000,3228000
693224,2005,4,1,51.0,760.0,40060.0,2,,33,8949000,23,6637000,,FRS,8949000,6637000
693224,2006,4,1,51.0,760.0,40060.0,2,,17,2531000,11,1211000,,FRS,2531000,1211000
693224,2007,4,1,51.0,760.0,40060.0,2,,16,4669000,5,767000,,FRS,4669000,767000
693224,2008,4,1,51.0,760.0,40060.0,2,,16,3148000,6,694000,,FRS,3148000,694000
693224,2009,4,1,51.0,760.0,40060.0,2,,25,6318000,12,2707000,,FRS,6318000,2707000
693224,2010,4,1,51.0,760.0,40060.0,2,,174,26059000,41,4708000,,FRS,26059000,4708000
693224,2011,4,1,51.0,760.0,40060.0,2,,150,21578000,53,9941000,,FRS,21578000,9941000
693224,2012,4,1,51.0,760.0,40060.0,2,,163,27046000,65,13412000,,FRS,27046000,13412000
693224,2013,4,1,51.0,760.0,40060.0,2,,137,28534000,43,10669000,,FRS,28534000,10669000
693224,2014,4,1,51.0,760.0,40060.0,2,,148,28974000,58,12528000,,FRS,28974000,12528000
693224,2015,4,1,51.0,760.0,40060.0,2,,187,35702000,95,17877000,,FRS,35702000,17877000
693224,2016,4,1,51.0,760.0,40060.0,2,,191,37502000,85,18343000,,FRS,37502000,18343000
693224,2017,4,1,51.0,760.0,40060.0,2,,139,31441000,84,18890000,,FRS,31441000,18890000
697633,2004,4,1,51.0,760.0,40060.0,2,,1,3000,0,0,,FRS,3000,0
697633,2006,4,1,51.0,760.0,40060.0,2,,1,10000,0,0,,FRS,10000,0
697978,2014,4,1,51.0,760.0,40060.0,2,,1,300000,1,300000,,FRS,300000,300000
697978,2015,4,1,51.0,760.0,40060.0,2,,1,300000,1,300000,,FRS,300000,300000
705902,2015,4,1,51.0,760.0,40060.0,1,,7,47000,0,0,MetaBank (IA),OCC,47000,0
705902,2016,4,1,51.0,760.0,40060.0,1,,15,203000,0,0,MetaBank (IA),OCC,203000,0
705902,2017,4,1,51.0,760.0,40060.0,1,,8,84000,0,0,MetaBank (IA),OCC,84000,0
708146,2014,4,1,51.0,760.0,40060.0,1,,1,875000,0,0,Mutual of Omaha Bank (NE),OCC,875000,0
708190,2011,4,1,51.0,760.0,40060.0,1,,1,200000,1,200000,,OCC,200000,200000
714640,2011,4,1,51.0,760.0,40060.0,1,,1,25000,1,25000,State Farm Bank (IL),OCC,25000,25000
714640,2012,4,1,51.0,760.0,40060.0,1,,2,37000,2,37000,State Farm Bank (IL),OCC,37000,37000
714640,2013,4,1,51.0,760.0,40060.0,1,,1,25000,1,25000,State Farm Bank (IL),OCC,25000,25000
714640,2015,4,1,51.0,760.0,40060.0,1,,1,25000,1,25000,State Farm Bank (IL),OCC,25000,25000
714640,2017,4,1,51.0,760.0,40060.0,1,,2,71000,2,71000,State Farm Bank (IL),OCC,71000,71000
715044,2011,4,1,51.0,760.0,40060.0,1,,80,333000,0,0,Synchrony Bank (UT),OCC,333000,0
715044,2012,4,1,51.0,760.0,40060.0,1,,222,496000,0,0,Synchrony Bank (UT),OCC,496000,0
715044,2013,4,1,51.0,760.0,40060.0,1,,223,714000,0,0,Synchrony Bank (UT),OCC,714000,0
715044,2014,4,1,51.0,760.0,40060.0,1,,246,864000,0,0,Synchrony Bank (UT),OCC,864000,0
715044,2015,4,1,51.0,760.0,40060.0,1,,259,848000,0,0,Synchrony Bank (UT),OCC,848000,0
715044,2016,4,1,51.0,760.0,40060.0,1,,227,730000,0,0,Synchrony Bank (UT),OCC,730000,0
715044,2017,4,1,51.0,760.0,40060.0,1,,209,578000,0,0,Synchrony Bank (UT),OCC,578000,0
715648,2011,4,1,51.0,760.0,40060.0,1,,881,4760000,364,1939000,"American Express, FSB (UT)",OCC,4760000,1939000
715648,2012,4,1,51.0,760.0,40060.0,1,,922,6542000,432,2381000,"American Express, FSB (UT)",OCC,6542000,2381000
715648,2013,4,1,51.0,760.0,40060.0,1,,716,7152000,434,2823000,"American Express, FSB (UT)",OCC,7152000,2823000
715648,2014,4,1,51.0,760.0,40060.0,1,,816,10159000,506,3728000,"American Express, FSB (UT)",OCC,10159000,3728000
715648,2015,4,1,51.0,760.0,40060.0,1,,927,10467000,583,4117000,"American Express, FSB (UT)",OCC,10467000,4117000
715648,2016,4,1,51.0,760.0,40060.0,1,,926,10734000,575,5120000,"American Express, FSB (UT)",OCC,10734000,5120000
715648,2017,4,1,51.0,760.0,40060.0,1,,1007,12903000,522,4700000,"American Express, FSB (UT)",OCC,12903000,4700000
715685,2012,4,1,51.0,760.0,40060.0,1,,5,45000,1,5000,"John Deere Financial, f.s.b. (WI)",OCC,45000,5000
715685,2013,4,1,51.0,760.0,40060.0,1,,2,25000,0,0,"John Deere Financial, f.s.b. (WI)",OCC,25000,0
715685,2014,4,1,51.0,760.0,40060.0,1,,8,71000,0,0,"John Deere Financial, f.s.b. (WI)",OCC,71000,0
715685,2015,4,1,51.0,760.0,40060.0,1,,2,3000,0,0,"John Deere Financial, f.s.b. (WI)",OCC,3000,0
715685,2016,4,1,51.0,760.0,40060.0,1,,4,27000,0,0,"John Deere Financial, f.s.b. (WI)",OCC,27000,0
715685,2017,4,1,51.0,760.0,40060.0,1,,2,6000,0,0,"John Deere Financial, f.s.b. (WI)",OCC,6000,0
716456,2014,4,1,51.0,760.0,40060.0,1,,2,63000,2,63000,Bofi Federal Bank (CA),OCC,63000,63000
716456,2015,4,1,51.0,760.0,40060.0,1,,3,88000,2,24000,Bofi Federal Bank (CA),OCC,88000,24000
716456,2017,4,1,51.0,760.0,40060.0,1,,1,11000,1,11000,Bofi Federal Bank (CA),OCC,11000,11000
718063,2011,4,1,51.0,760.0,40060.0,1,,16,54000,0,0,,OCC,54000,0
718095,2011,4,1,51.0,760.0,40060.0,1,,103,1576000,50,449000,,OCC,1576000,449000
718095,2012,4,1,51.0,760.0,40060.0,1,,94,1574000,42,304000,,OCC,1574000,304000
723112,2008,4,1,51.0,760.0,40060.0,2,,1,5000,0,0,,FRS,5000,0
723112,2009,4,1,51.0,760.0,40060.0,2,,1,200000,0,0,,FRS,200000,0
723112,2010,4,1,51.0,760.0,40060.0,2,,2,205000,0,0,,FRS,205000,0
723112,2011,4,1,51.0,760.0,40060.0,2,,1,200000,0,0,,FRS,200000,0
723112,2012,4,1,51.0,760.0,40060.0,2,,2,221000,1,21000,,FRS,221000,21000
790721,2004,4,1,51.0,760.0,40060.0,2,,6,1091000,5,601000,,FRS,1091000,601000
790721,2005,4,1,51.0,760.0,40060.0,2,,5,832000,2,307000,,FRS,832000,307000
790721,2006,4,1,51.0,760.0,40060.0,2,,14,3170000,5,1263000,,FRS,3170000,1263000
790721,2007,4,1,51.0,760.0,40060.0,2,,23,4059000,8,522000,,FRS,4059000,522000
790721,2008,4,1,51.0,760.0,40060.0,2,,18,3152000,9,1682000,,FRS,3152000,1682000
790721,2009,4,1,51.0,760.0,40060.0,2,,31,4419000,13,1894000,,FRS,4419000,1894000
790721,2010,4,1,51.0,760.0,40060.0,2,,22,1615000,8,450000,,FRS,1615000,450000
790721,2011,4,1,51.0,760.0,40060.0,2,,19,1716000,11,946000,,FRS,1716000,946000
790721,2012,4,1,51.0,760.0,40060.0,2,,17,2954000,9,1574000,,FRS,2954000,1574000
790721,2013,4,1,51.0,760.0,40060.0,2,,23,3953000,15,1333000,,FRS,3953000,1333000
790721,2014,4,1,51.0,760.0,40060.0,2,,26,4897000,19,3852000,,FRS,4897000,3852000
790721,2015,4,1,51.0,760.0,40060.0,2,,42,9155000,24,4653000,,FRS,9155000,4653000
790721,2016,4,1,51.0,760.0,40060.0,2,,34,6397000,22,3243000,,FRS,6397000,3243000
802866,2005,4,1,51.0,760.0,40060.0,2,,1,750000,1,750000,Silicon Valley Bank (CA),FRS,750000,750000
802866,2017,4,1,51.0,760.0,40060.0,2,,1,5000,1,5000,Silicon Valley Bank (CA),FRS,5000,5000
808176,2008,4,1,51.0,760.0,40060.0,2,,1,208000,1,208000,,FRS,208000,208000
817833,2004,4,1,51.0,760.0,40060.0,2,,14,2638000,10,1313000,,FRS,2638000,1313000
821120,2004,4,1,51.0,760.0,40060.0,2,,2,175000,2,175000,,FRS,175000,175000
913940,2007,4,1,51.0,760.0,40060.0,2,,1,155000,1,155000,,FRS,155000,155000
969424,2004,4,1,51.0,760.0,40060.0,2,,1,30000,1,30000,,FRS,30000,30000
969424,2006,4,1,51.0,760.0,40060.0,2,,1,750000,0,0,,FRS,750000,0
969424,2008,4,1,51.0,760.0,40060.0,2,,2,160000,1,70000,,FRS,160000,70000
991621,2004,4,1,51.0,760.0,40060.0,2,,6,949000,6,949000,,FRS,949000,949000
991621,2005,4,1,51.0,760.0,40060.0,2,,6,674000,6,674000,,FRS,674000,674000
991621,2006,4,1,51.0,760.0,40060.0,2,,7,443000,7,443000,,FRS,443000,443000
991621,2007,4,1,51.0,760.0,40060.0,2,,7,1195000,1,100000,,FRS,1195000,100000
991621,2008,4,1,51.0,760.0,40060.0,2,,4,1330000,3,1305000,,FRS,1330000,1305000
991621,2009,4,1,51.0,760.0,40060.0,2,,3,117000,2,92000,,FRS,117000,92000
991621,2010,4,1,51.0,760.0,40060.0,2,,5,600000,3,260000,,FRS,600000,260000
991621,2011,4,1,51.0,760.0,40060.0,2,,6,741000,3,282000,,FRS,741000,282000
991621,2012,4,1,51.0,760.0,40060.0,2,,10,2276000,6,741000,,FRS,2276000,741000
991621,2013,4,1,51.0,760.0,40060.0,2,,6,1438000,4,1158000,,FRS,1438000,1158000
991621,2014,4,1,51.0,760.0,40060.0,2,,3,355000,3,355000,,FRS,355000,355000
991621,2015,4,1,51.0,760.0,40060.0,2,,2,636000,2,636000,,FRS,636000,636000
1007846,2004,4,1,51.0,760.0,40060.0,2,,4,1610000,0,0,,FRS,1610000,0
1007846,2005,4,1,51.0,760.0,40060.0,2,,1,250000,0,0,,FRS,250000,0
1007846,2016,4,1,51.0,760.0,40060.0,2,,1,150000,1,150000,,FRS,150000,150000
1007846,2017,4,1,51.0,760.0,40060.0,2,,2,283000,1,150000,,FRS,283000,150000
1009420,2008,4,1,51.0,760.0,40060.0,2,,2,750000,0,0,,FRS,750000,0
1009420,2009,4,1,51.0,760.0,40060.0,2,,6,1404000,5,905000,,FRS,1404000,905000
1009420,2010,4,1,51.0,760.0,40060.0,2,,14,6206000,3,1900000,,FRS,6206000,1900000
1009420,2011,4,1,51.0,760.0,40060.0,2,,16,7379000,11,5812000,,FRS,7379000,5812000
1009420,2012,4,1,51.0,760.0,40060.0,2,,28,11109000,11,3368000,,FRS,11109000,3368000
1009420,2013,4,1,51.0,760.0,40060.0,2,,25,11857000,8,3627000,,FRS,11857000,3627000
1009420,2014,4,1,51.0,760.0,40060.0,2,,3,410000,2,145000,,FRS,410000,145000
1161029,2011,4,1,51.0,760.0,40060.0,2,,3,1110000,0,0,XENITH BANK (VA),FRS,1110000,0
1161029,2012,4,1,51.0,760.0,40060.0,2,,4,690000,0,0,XENITH BANK (VA),FRS,690000,0
1161029,2013,4,1,51.0,760.0,40060.0,2,,9,1754000,3,325000,XENITH BANK (VA),FRS,1754000,325000
1161029,2014,4,1,51.0,760.0,40060.0,2,,5,516000,2,60000,XENITH BANK (VA),FRS,516000,60000
1161029,2015,4,1,51.0,760.0,40060.0,2,,4,1435000,2,540000,XENITH BANK (VA),FRS,1435000,540000
1161029,2016,4,1,51.0,760.0,40060.0,2,,15,4889000,8,1829000,XENITH BANK (VA),FRS,4889000,1829000
1161029,2017,4,1,51.0,760.0,40060.0,2,,19,5843000,5,1332000,XENITH BANK (VA),FRS,5843000,1332000
1193543,2005,4,1,51.0,760.0,40060.0,2,,3,154000,3,154000,,FRS,154000,154000
1216291,2004,4,1,51.0,760.0,40060.0,2,,3,1046000,3,1046000,,FRS,1046000,1046000
1216291,2005,4,1,51.0,760.0,40060.0,2,,3,957000,1,500000,,FRS,957000,500000
1216291,2006,4,1,51.0,760.0,40060.0,2,,1,8000,1,8000,,FRS,8000,8000
1216291,2007,4,1,51.0,760.0,40060.0,2,,9,2465000,6,1448000,,FRS,2465000,1448000
1494240,2004,4,1,51.0,760.0,40060.0,2,,1,280000,0,0,,FRS,280000,0
1494240,2007,4,1,51.0,760.0,40060.0,2,,1,50000,1,50000,,FRS,50000,50000
1917301,2016,4,1,51.0,760.0,40060.0,2,,51,1269000,0,0,Lake Forest Bank and Trust (IL),FRS,1269000,0
2353595,2011,4,1,51.0,760.0,40060.0,2,,11,1668000,5,1068000,,FRS,1668000,1068000
2353595,2012,4,1,51.0,760.0,40060.0,2,,21,3582000,11,1943000,,FRS,3582000,1943000
2353595,2013,4,1,51.0,760.0,40060.0,2,,22,5997000,13,4930000,,FRS,5997000,4930000
2353595,2014,4,1,51.0,760.0,40060.0,2,,23,3448000,10,1918000,,FRS,3448000,1918000
2353595,2015,4,1,51.0,760.0,40060.0,2,,7,1281000,5,1108000,,FRS,1281000,1108000
2353595,2016,4,1,51.0,760.0,40060.0,2,,13,4057000,8,2606000,,FRS,4057000,2606000
2353595,2017,4,1,51.0,760.0,40060.0,2,,14,2226000,6,1311000,,FRS,2226000,1311000
2652092,2014,4,1,51.0,760.0,40060.0,2,,1,300000,0,0,EAGLEBANK (MD),FRS,300000,0
2736291,2007,4,1,51.0,760.0,40060.0,2,,1,330000,0,0,,FRS,330000,0
2736291,2008,4,1,51.0,760.0,40060.0,2,,2,230000,2,230000,,FRS,230000,230000
2736442,2006,4,1,51.0,760.0,40060.0,2,,2,243000,2,243000,,FRS,243000,243000
2742153,2009,4,1,51.0,760.0,40060.0,2,,84,17319000,33,5342000,,FRS,17319000,5342000
2742153,2010,4,1,51.0,760.0,40060.0,2,,81,14780000,30,4720000,,FRS,14780000,4720000
2742153,2011,4,1,51.0,760.0,40060.0,2,,79,17218000,53,10507000,,FRS,17218000,10507000
2742153,2012,4,1,51.0,760.0,40060.0,2,,61,11901000,35,6374000,,FRS,11901000,6374000
2742153,2013,4,1,51.0,760.0,40060.0,2,,97,23639000,42,10808000,,FRS,23639000,10808000
2742153,2014,4,1,51.0,760.0,40060.0,2,,78,20223000,38,8934000,,FRS,20223000,8934000
2742153,2015,4,1,51.0,760.0,40060.0,2,,89,20312000,49,9497000,,FRS,20312000,9497000
2748650,2008,4,1,51.0,760.0,40060.0,2,,5,652000,4,352000,,FRS,652000,352000
3325759,2017,4,1,51.0,760.0,40060.0,2,,50,11557000,25,5100000,,FRS,11557000,5100000
3374298,2010,4,1,51.0,760.0,40060.0,2,,1,275000,1,275000,,FRS,275000,275000
3374298,2011,4,1,51.0,760.0,40060.0,2,,1,670000,1,670000,,FRS,670000,670000
