Year,Jan,Feb,Mar,Apr,May,Jun,Jul,Aug,Sep,Oct,Nov,Dec,,,FACTOR,0.003980369
1913,3.9,3.9,3.9,3.9,3.9,3.9,3.9,3.9,4,4,4,4,,,,
1914,4,3.9,3.9,3.9,3.9,3.9,4,4.1,4.1,4,4.1,4,,,,
1915,4,4,3.9,4,4,4,4,4,4,4.1,4.1,4.1,,,,
1916,4.1,4.1,4.2,4.2,4.3,4.3,4.3,4.3,4.4,4.5,4.6,4.6,,,,
1917,4.7,4.8,4.8,5,5.1,5.2,5.1,5.2,5.3,5.4,5.4,5.5,,,,
1918,5.6,5.6,5.6,5.7,5.8,5.9,6,6.1,6.2,6.4,6.5,6.6,,,,
1919,6.6,6.4,6.5,6.6,6.7,6.7,6.9,7,7.1,7.2,7.4,7.5,,,,
1920,7.7,7.8,7.8,8.1,8.2,8.3,8.3,8.1,8,7.9,7.9,7.7,,,,
1921,7.6,7.3,7.3,7.2,7,7,7,7,7,7,6.9,6.9,,,,
1922,6.7,6.7,6.6,6.6,6.6,6.6,6.7,6.6,6.6,6.6,6.7,6.7,,,,
1923,6.7,6.7,6.7,6.7,6.7,6.8,6.8,6.8,6.8,6.9,6.9,6.9,,,,
1924,6.9,6.8,6.8,6.8,6.8,6.8,6.8,6.8,6.8,6.8,6.8,6.9,,,,
1925,6.9,6.8,6.9,6.8,6.9,7,7,7,7,7,7.2,7.1,,,,
1926,7.1,7.1,7.1,7.1,7.1,7,7,6.9,7,7,7,7,,,,
1927,7,6.9,6.9,6.9,6.9,7,6.9,6.8,6.9,6.9,6.9,6.9,,,,
1928,6.9,6.8,6.8,6.8,6.8,6.8,6.8,6.8,6.9,6.8,6.8,6.8,,,,
1929,6.8,6.8,6.8,6.7,6.8,6.8,6.9,6.9,6.9,6.9,6.9,6.8,,,,
1930,6.8,6.8,6.7,6.8,6.7,6.7,6.6,6.6,6.6,6.6,6.5,6.4,,,,
1931,6.3,6.2,6.2,6.2,6.1,6,6,6,6,5.9,5.9,5.8,,,,
1932,5.7,5.6,5.6,5.5,5.5,5.4,5.4,5.4,5.3,5.3,5.3,5.2,,,,
1933,5.1,5.1,5,5,5,5.1,5.2,5.3,5.3,5.3,5.3,5.3,,,,
1934,5.3,5.3,5.3,5.3,5.3,5.3,5.3,5.3,5.4,5.4,5.4,5.3,,,,
1935,5.4,5.5,5.5,5.5,5.5,5.5,5.5,5.5,5.5,5.5,5.5,5.5,,,,
1936,5.5,5.5,5.5,5.5,5.5,5.5,5.5,5.6,5.6,5.6,5.6,5.6,,,,
1937,5.6,5.6,5.7,5.7,5.7,5.7,5.8,5.8,5.8,5.8,5.8,5.7,,,,
1938,5.7,5.6,5.6,5.7,5.6,5.6,5.6,5.6,5.6,5.6,5.6,5.6,,,,
1939,5.6,5.5,5.5,5.5,5.5,5.5,5.5,5.5,5.6,5.6,5.6,5.6,,,,
1940,5.5,5.6,5.6,5.6,5.6,5.6,5.6,5.6,5.6,5.6,5.6,5.6,,,,
1941,5.6,5.6,5.7,5.7,5.7,5.9,5.9,5.9,6,6.1,6.1,6.2,,,,
1942,6.2,6.3,6.4,6.4,6.5,6.5,6.5,6.6,6.6,6.6,6.7,6.7,,,,
1943,6.7,6.7,6.8,6.9,7,7,6.9,6.9,6.9,6.9,6.9,6.9,,,,
1944,6.9,6.9,6.9,7,7,7,7,7,7,7,7,7.1,,,,
1945,7.1,7.1,7.1,7.1,7.1,7.2,7.2,7.2,7.2,7.2,7.2,7.2,,,,
1946,7.2,7.2,7.3,7.3,7.4,7.4,7.9,8,8.1,8.3,8.5,8.6,,,,
1947,8.6,8.6,8.7,8.7,8.7,8.8,8.8,9,9.2,9.2,9.2,9.3,,,,
1948,9.4,9.4,9.3,9.5,9.5,9.6,9.7,9.8,9.8,9.7,9.6,9.6,,,,
1949,9.6,9.5,9.5,9.5,9.5,9.5,9.4,9.5,9.5,9.4,9.5,9.4,,,,
1950,9.4,9.4,9.4,9.4,9.4,9.5,9.6,9.7,9.7,9.8,9.8,10,,,,
1951,10.1,10.2,10.3,10.3,10.3,10.3,10.3,10.3,10.4,10.4,10.5,10.5,,,,
1952,10.5,10.5,10.5,10.5,10.5,10.5,10.6,10.6,10.6,10.6,10.6,10.6,,,,
1953,10.6,10.5,10.6,10.6,10.6,10.7,10.7,10.7,10.7,10.7,10.7,10.7,,,,
1954,10.7,10.7,10.7,10.7,10.7,10.7,10.7,10.7,10.7,10.7,10.7,10.6,,,,
1955,10.6,10.6,10.6,10.6,10.6,10.6,10.7,10.7,10.7,10.7,10.7,10.7,,,,
1956,10.7,10.7,10.7,10.7,10.7,10.8,10.9,10.9,10.9,10.9,10.9,11,,,,
1957,11,11,11.1,11.1,11.1,11.2,11.3,11.3,11.3,11.3,11.3,11.3,,,,
1958,11.4,11.4,11.5,11.5,11.5,11.5,11.5,11.5,11.5,11.5,11.5,11.5,,,,
1959,11.5,11.5,11.5,11.5,11.5,11.6,11.6,11.6,11.7,11.7,11.7,11.7,,,,
1960,11.7,11.7,11.7,11.7,11.7,11.8,11.8,11.8,11.8,11.9,11.9,11.9,,,,
1961,11.9,11.9,11.9,11.9,11.9,11.9,11.9,11.9,11.9,11.9,11.9,11.9,,,,
1962,11.9,12,12,12,12,12,12.1,12.1,12.1,12.1,12.1,12.1,,,,
1963,12.1,12.1,12.1,12.1,12.1,12.2,12.2,12.2,12.2,12.3,12.3,12.3,,,,
1964,12.3,12.3,12.3,12.3,12.3,12.3,12.4,12.3,12.4,12.4,12.4,12.4,,,,
1965,12.4,12.4,12.5,12.5,12.5,12.6,12.6,12.6,12.6,12.6,12.6,12.7,,,,
1966,12.7,12.7,12.8,12.9,12.9,12.9,12.9,13,13,13.1,13.1,13.1,,,,
1967,13.1,13.1,13.1,13.2,13.2,13.3,13.3,13.3,13.4,13.4,13.5,13.5,,,,
1968,13.6,13.6,13.7,13.7,13.7,13.8,13.9,13.9,14,14.1,14.1,14.1,,,,
1969,14.2,14.2,14.4,14.4,14.5,14.6,14.6,14.7,14.8,14.8,14.9,15,,,,
1970,15,15.1,15.2,15.3,15.4,15.4,15.5,15.5,15.6,15.7,15.8,15.8,,,,
1971,15.8,15.9,15.9,16,16,16.2,16.2,16.2,16.2,16.3,16.3,16.4,,,,
1972,16.4,16.4,16.5,16.5,16.6,16.6,16.7,16.7,16.8,16.8,16.9,16.9,,,,
1973,17,17.1,17.2,17.4,17.5,17.6,17.6,18,18,18.2,18.3,18.4,,,,
1974,18.5,18.8,19,19.1,19.3,19.5,19.7,19.9,20.1,20.3,20.5,20.7,,,,
1975,20.7,20.9,21,21.1,21.2,21.3,21.6,21.6,21.7,21.9,22,22.1,,,,
1976,22.1,22.2,22.3,22.3,22.5,22.6,22.7,22.8,22.9,23,23.1,23.2,,,,
1977,23.3,23.5,23.7,23.9,24,24.2,24.3,24.4,24.4,24.5,24.6,24.7,,,,
1978,24.9,25,25.2,25.4,25.7,26,26.2,26.3,26.5,26.7,26.8,26.9,,,,
1979,27.2,27.5,27.8,28.1,28.5,28.8,29.1,29.4,29.7,29.9,30.2,30.5,,,,
1980,31,31.4,31.9,32.2,32.6,32.9,32.9,33.2,33.4,33.8,34,34.4,,,,
1981,34.6,35,35.2,35.5,35.7,36.1,36.5,36.7,37.1,37.2,37.3,37.4,,,,
1982,37.5,37.7,37.6,37.8,38.1,38.6,38.8,38.9,39,39.1,39,38.8,,,,
1983,38.9,39,39,39.2,39.5,39.6,39.8,39.9,40.1,40.2,40.3,40.3,,,,
1984,40.6,40.8,40.8,41,41.2,41.3,41.4,41.6,41.8,41.9,41.9,41.9,,,,
1985,42,42.2,42.4,42.6,42.7,42.8,42.9,43,43.1,43.3,43.4,43.5,,,,
1986,43.6,43.5,43.3,43.2,43.3,43.6,43.6,43.7,43.9,43.9,43.9,44,,,,
1987,44.3,44.4,44.6,44.9,45,45.2,45.3,45.5,45.8,45.9,45.9,45.9,,,,
1988,46.1,46.2,46.4,46.6,46.8,47,47.2,47.4,47.7,47.8,47.9,48,,,,
1989,48.2,48.4,48.7,49,49.3,49.4,49.5,49.6,49.8,50,50.1,50.2,,,,
1990,50.7,50.9,51.2,51.3,51.4,51.7,51.9,52.4,52.8,53.1,53.3,53.3,,,,
1991,53.6,53.7,53.7,53.8,54,54.1,54.2,54.4,54.6,54.7,54.8,54.9,,,,
1992,55,55.2,55.4,55.5,55.6,55.8,55.9,56.1,56.2,56.4,56.5,56.5,,,,
1993,56.8,57,57.2,57.3,57.4,57.5,57.5,57.6,57.8,58,58,58,,,,
1994,58.2,58.4,58.6,58.7,58.7,58.9,59.1,59.3,59.5,59.5,59.6,59.6,,,,
1995,59.8,60.1,60.3,60.5,60.6,60.7,60.7,60.9,61,61.2,61.1,61.1,,,,
1996,61.5,61.7,62,62.2,62.3,62.4,62.5,62.6,62.8,63,63.1,63.1,,,,
1997,63.3,63.5,63.7,63.8,63.7,63.8,63.9,64,64.2,64.3,64.3,64.2,,,,
1998,64.3,64.4,64.6,64.7,64.8,64.9,65,65,65.1,65.3,65.3,65.2,,,,
1999,65.4,65.5,65.7,66.2,66.2,66.2,66.4,66.5,66.8,66.9,67,67,,,,
2000,67.2,67.6,68.1,68.2,68.3,68.6,68.8,68.8,69.1,69.3,69.3,69.3,,,,
2001,69.7,70,70.1,70.4,70.7,70.9,70.7,70.7,71,70.7,70.6,70.3,,,,
2002,70.5,70.8,71.2,71.6,71.6,71.6,71.7,71.9,72,72.2,72.2,72,,,,
2003,72.3,72.9,73.3,73.2,73,73.1,73.2,73.5,73.7,73.6,73.4,73.4,,,,
2004,73.7,74.1,74.6,74.8,75.3,75.5,75.4,75.4,75.6,76,76,75.7,,,,
2005,75.906,76.343,76.941,77.458,77.378,77.418,77.776,78.174,79.13,79.289,78.652,78.334,,,,
2006,78.931,79.09,79.528,80.204,80.602,80.762,81.001,81.16,80.762,80.324,80.204,80.324,,,,
2007,80.569,81,81.738,82.269,82.771,82.932,82.911,82.759,82.987,83.164,83.658,83.602,,,,
2008,84.018,84.262,84.992,85.507,86.228,87.096,87.554,87.204,87.084,86.204,84.553,83.678,,,,
2009,84.043,84.461,84.666,84.877,85.123,85.854,85.718,85.91,85.964,86.046,86.107,85.956,,,,
2010,86.249,86.271,86.625,86.776,86.843,86.758,86.776,86.896,86.947,87.055,87.092,87.241,,,,
2011,87.657,88.089,88.948,89.521,89.942,89.846,89.925,90.173,90.31,90.124,90.048,89.826,,,,
2012,90.221,90.618,91.306,91.582,91.475,91.341,91.192,91.699,92.109,92.073,91.636,91.39,,,,
2013,91.66,92.411,92.652,92.556,92.721,92.943,92.98,93.092,93.2,92.96,92.77,92.762,,,,
2014,93.107,93.451,94.053,94.363,94.693,94.869,94.832,94.674,94.745,94.507,93.997,93.464,,,,
2015,93.024,93.428,93.984,94.175,94.655,94.987,94.993,94.859,94.711,94.668,94.468,94.146,,,,
2016,94.301,94.379,94.785,95.235,95.62,95.934,95.779,95.867,96.097,96.217,96.067,96.099,,,,
2017,96.659,96.963,97.042,97.33,97.413,97.501,97.434,97.726,98.243,98.181,98.183,98.126,,,,
2018,98.66,99.108,99.332,99.727,100.141,100.301,100.308,100.363,100.48,100.658,100.32,100,,,,