Name,OBJECTID,COLOR_2,Population,White,Blk_AfAm,AmInd_AkNa,Asian,NatHaw_Pac,Other_Race,TwoOrMore,Hisp_Lat,Male,Female,AGE0_4,AGE5_11,AGE12_14,AGE15_17,AGE18_24,AGE25_34,AGE35_44,AGE45_64,AGE65ovr,Families,Married,Married18,MaleHH,MaleHH18,FemaleHH,FemaleHH18,Housing,Occupied,Occ_Own,Occ_Rent,Vacant,Vac_Rent,Vac_Sale,Vac_Other,geodataEGI,Pop_dens,Pop_chng,HH_chng,AveHHsize
Abell,1,2,889.0,606.0,213.0,3.0,33.0,1,4.0,29.0,30.0,424.0,465.0,55.0,43.0,5.0,10.0,118.0,254.0,149.0,186.0,69.0,159.0,105.0,41.0,12.0,4.0,42.0,19.0,515.0,440.0,248.0,192.0,75.0,49.0,4.0,22.0,0.07298534,12180.5280869,-107.0,-45.0,2.02045011
Allendale,2,2,3554.0,18.0,3497.0,8.0,6.0,0,5.0,20.0,21.0,1536.0,2018.0,179.0,315.0,136.0,181.0,317.0,383.0,315.0,1039.0,689.0,874.0,253.0,62.0,111.0,34.0,510.0,193.0,1608.0,1433.0,818.0,615.0,175.0,99.0,20.0,56.0,0.40628891,8747.46982184,-150.0,-11.0,2.47244
Arcadia,3,2,1235.0,623.0,537.0,4.0,12.0,0,10.0,49.0,31.0,592.0,643.0,101.0,85.0,40.0,55.0,116.0,188.0,164.0,380.0,106.0,305.0,194.0,79.0,23.0,9.0,88.0,40.0,510.0,462.0,356.0,106.0,48.0,14.0,9.0,25.0,0.22606039,5463.14180959,-17.0,-8.0,2.67316007
Arlington,4,5,2598.0,33.0,2496.0,3.0,9.0,0,10.0,47.0,17.0,1219.0,1379.0,148.0,237.0,92.0,114.0,231.0,297.0,305.0,775.0,399.0,585.0,215.0,63.0,76.0,28.0,294.0,130.0,1312.0,1079.0,485.0,594.0,233.0,64.0,24.0,145.0,0.18060179,14385.2387423,-437.0,-126.0,2.38369011
Armistead Gardens,5,2,3458.0,2698.0,108.0,51.0,14.0,8,413.0,166.0,841.0,1621.0,1837.0,266.0,330.0,113.0,125.0,272.0,496.0,438.0,929.0,489.0,877.0,431.0,164.0,115.0,47.0,331.0,160.0,1543.0,1459.0,981.0,478.0,84.0,26.0,17.0,41.0,0.47279197,7313.99894072,547.0,176.0,2.37012004
Ashburton,6,3,2520.0,33.0,2431.0,6.0,4.0,0,15.0,31.0,39.0,1082.0,1438.0,106.0,178.0,79.0,103.0,192.0,214.0,250.0,791.0,607.0,625.0,326.0,99.0,65.0,21.0,234.0,78.0,1202.0,1097.0,787.0,310.0,105.0,18.0,14.0,73.0,0.35243146,7150.32636247,8.0,-16.0,2.29444003
Baltimore Highlands,7,4,2703.0,1023.0,700.0,63.0,75.0,11,693.0,138.0,1117.0,1485.0,1218.0,253.0,203.0,85.0,95.0,358.0,569.0,413.0,500.0,227.0,514.0,194.0,90.0,108.0,35.0,212.0,119.0,1148.0,876.0,302.0,574.0,272.0,98.0,45.0,129.0,0.15151165,17840.2120197,387.0,-79.0,3.08561992
Patterson Park Neighborhood,8,2,5820.0,2904.0,1682.0,108.0,143.0,2,774.0,207.0,1624.0,2957.0,2863.0,506.0,443.0,150.0,149.0,665.0,1732.0,851.0,1017.0,307.0,1152.0,625.0,250.0,157.0,65.0,370.0,195.0,2569.0,2095.0,1185.0,910.0,474.0,187.0,75.0,212.0,0.1689267,34452.8113236,-135.0,28.0,2.76897001
Barclay,9,1,2181.0,302.0,1764.0,10.0,23.0,0,35.0,47.0,78.0,1149.0,1032.0,127.0,129.0,42.0,57.0,255.0,368.0,280.0,740.0,183.0,379.0,119.0,24.0,52.0,10.0,208.0,97.0,1490.0,955.0,223.0,732.0,535.0,127.0,33.0,375.0,0.14055223,15517.3631535,-537.0,-132.0,2.1329801
Barre Circle,10,3,450.0,228.0,154.0,6.0,34.0,0,12.0,16.0,14.0,224.0,226.0,14.0,19.0,7.0,10.0,82.0,165.0,62.0,65.0,26.0,69.0,49.0,14.0,7.0,5.0,13.0,5.0,245.0,209.0,98.0,111.0,36.0,11.0,3.0,22.0,0.02394857,18790.2626146,117.0,64.0,2.15311002
Beechfield,11,4,3708.0,363.0,3216.0,7.0,29.0,0,20.0,73.0,87.0,1638.0,2070.0,256.0,372.0,174.0,161.0,384.0,573.0,484.0,1051.0,253.0,970.0,404.0,161.0,95.0,46.0,471.0,266.0,1554.0,1440.0,888.0,552.0,114.0,74.0,13.0,27.0,0.40295492,9202.02177984,-50.0,30.0,2.54653
Belair-Parkside,12,4,444.0,108.0,299.0,1.0,7.0,0,1.0,28.0,10.0,197.0,247.0,24.0,51.0,18.0,33.0,33.0,68.0,54.0,119.0,44.0,106.0,55.0,19.0,5.0,3.0,46.0,23.0,183.0,157.0,121.0,36.0,26.0,5.0,8.0,13.0,0.03221343,13783.0674115,-58.0,-7.0,2.8280301
Bellona-Gittings,13,1,599.0,481.0,64.0,0.0,35.0,0,2.0,17.0,19.0,286.0,313.0,38.0,58.0,20.0,21.0,32.0,39.0,69.0,191.0,131.0,178.0,159.0,63.0,8.0,2.0,11.0,5.0,265.0,246.0,211.0,35.0,19.0,6.0,6.0,7.0,0.16255973,3684.79933242,0.0,-9.0,2.43495988
Berea,14,5,3865.0,32.0,3784.0,11.0,7.0,0,5.0,26.0,35.0,1749.0,2116.0,234.0,319.0,133.0,185.0,362.0,382.0,421.0,1092.0,737.0,930.0,280.0,72.0,119.0,34.0,531.0,193.0,1815.0,1518.0,815.0,703.0,297.0,115.0,16.0,166.0,0.34002464,11366.8232976,-660.0,-179.0,2.54216003
Better Waverly,15,4,2874.0,389.0,2363.0,9.0,27.0,0,28.0,58.0,92.0,1251.0,1623.0,224.0,260.0,109.0,118.0,306.0,507.0,361.0,790.0,199.0,606.0,173.0,63.0,82.0,39.0,351.0,186.0,1383.0,1149.0,434.0,715.0,234.0,60.0,29.0,145.0,0.28177899,10199.4826231,-153.0,18.0,2.46475005
Beverly Hills,16,3,669.0,389.0,265.0,1.0,3.0,0,8.0,3.0,13.0,309.0,360.0,36.0,46.0,20.0,25.0,44.0,95.0,96.0,234.0,73.0,170.0,112.0,39.0,10.0,4.0,48.0,22.0,317.0,289.0,237.0,52.0,28.0,4.0,6.0,18.0,0.10416271,6422.64387354,-132.0,-3.0,2.31487989
Biddle Street,17,4,1265.0,8.0,1239.0,0.0,2.0,0,6.0,10.0,10.0,601.0,664.0,97.0,129.0,44.0,66.0,139.0,126.0,155.0,315.0,194.0,314.0,78.0,23.0,39.0,4.0,197.0,84.0,601.0,429.0,208.0,221.0,172.0,45.0,4.0,123.0,0.11285041,11209.5285785,-209.0,-64.0,2.94871997
Blythewood,18,4,72.0,67.0,0.0,0.0,0.0,0,0.0,5.0,3.0,38.0,34.0,2.0,12.0,2.0,5.0,1.0,2.0,12.0,20.0,16.0,21.0,19.0,8.0,2.0,0.0,0.0,0.0,28.0,26.0,26.0,0.0,2.0,0.0,0.0,2.0,0.0758924,948.71155783,44.0,15.0,2.76922988
Bolton Hill,19,4,4974.0,2807.0,1581.0,10.0,361.0,2,53.0,160.0,163.0,2215.0,2759.0,139.0,152.0,49.0,41.0,1496.0,708.0,479.0,1070.0,840.0,613.0,439.0,125.0,48.0,22.0,126.0,54.0,2883.0,2589.0,693.0,1896.0,294.0,177.0,8.0,109.0,0.22772467,21842.1651763,-318.0,-83.0,1.6516
Boyd-Booth,20,2,822.0,25.0,776.0,3.0,1.0,0,0.0,17.0,8.0,408.0,414.0,60.0,94.0,26.0,40.0,98.0,106.0,89.0,232.0,77.0,187.0,39.0,13.0,21.0,9.0,127.0,54.0,430.0,275.0,74.0,201.0,155.0,9.0,10.0,136.0,0.03873237,21222.556703,-164.0,-38.0,2.98908996
Brewers Hill,21,3,1511.0,1249.0,56.0,24.0,39.0,1,104.0,38.0,171.0,737.0,774.0,79.0,56.0,24.0,19.0,129.0,526.0,200.0,309.0,169.0,289.0,182.0,49.0,38.0,16.0,69.0,24.0,754.0,691.0,477.0,214.0,63.0,16.0,18.0,29.0,0.08915617,16947.7876045,17.0,14.0,2.18669009
Bridgeview/Greenlawn,22,1,1975.0,7.0,1943.0,4.0,2.0,0,1.0,18.0,11.0,874.0,1101.0,119.0,162.0,61.0,84.0,183.0,223.0,243.0,663.0,237.0,460.0,141.0,33.0,61.0,19.0,258.0,101.0,927.0,848.0,394.0,454.0,79.0,25.0,7.0,47.0,0.28330317,6971.33021795,-335.0,-47.0,2.32901
Broadway East,23,2,4931.0,117.0,4681.0,15.0,17.0,2,15.0,84.0,65.0,2217.0,2714.0,456.0,478.0,205.0,245.0,547.0,571.0,588.0,1272.0,569.0,1082.0,243.0,85.0,141.0,55.0,698.0,351.0,2617.0,1680.0,642.0,1038.0,937.0,219.0,39.0,679.0,0.3463413,14237.4010178,-1905.0,-523.0,2.87142992
Broening Manor,24,4,1726.0,1062.0,343.0,28.0,18.0,1,231.0,43.0,429.0,847.0,879.0,130.0,133.0,42.0,74.0,167.0,264.0,225.0,464.0,227.0,390.0,213.0,76.0,48.0,22.0,129.0,58.0,706.0,663.0,352.0,311.0,43.0,29.0,8.0,6.0,0.1625869,10615.8612734,56.0,-33.0,2.60331988
Brooklyn,25,4,9996.0,4788.0,4051.0,52.0,148.0,2,502.0,453.0,1149.0,4870.0,5126.0,1055.0,1163.0,378.0,390.0,1132.0,1740.0,1237.0,2242.0,659.0,2279.0,937.0,423.0,320.0,171.0,1022.0,647.0,4343.0,3597.0,1282.0,2315.0,746.0,450.0,103.0,193.0,0.85331795,11714.2736389,867.0,-10.0,2.77870011
Burleith-Leighton,26,1,737.0,5.0,711.0,2.0,0.0,0,0.0,19.0,3.0,330.0,407.0,55.0,57.0,23.0,26.0,70.0,90.0,72.0,211.0,133.0,187.0,55.0,12.0,23.0,4.0,109.0,40.0,327.0,291.0,196.0,95.0,36.0,4.0,3.0,29.0,0.08452922,8718.87755314,33.0,-3.0,2.53264999
Butcher's Hill,27,1,1889.0,1320.0,349.0,45.0,68.0,0,70.0,37.0,130.0,932.0,957.0,123.0,63.0,29.0,28.0,191.0,634.0,328.0,361.0,132.0,351.0,238.0,79.0,22.0,9.0,91.0,34.0,1025.0,888.0,454.0,434.0,137.0,42.0,38.0,57.0,0.07764354,24329.1299953,1.0,28.0,2.10247993
Callaway-Garrison,28,1,1798.0,35.0,1720.0,9.0,7.0,0,7.0,20.0,11.0,819.0,979.0,97.0,130.0,57.0,70.0,197.0,224.0,233.0,516.0,274.0,443.0,174.0,44.0,52.0,16.0,217.0,73.0,769.0,657.0,368.0,289.0,112.0,14.0,9.0,89.0,0.190305,9447.99100767,-165.0,-26.0,2.72603011
Cameron Village,29,3,1435.0,48.0,1353.0,7.0,0.0,1,11.0,15.0,32.0,642.0,793.0,101.0,127.0,41.0,67.0,145.0,215.0,169.0,414.0,156.0,368.0,139.0,41.0,39.0,18.0,190.0,104.0,725.0,630.0,335.0,295.0,95.0,47.0,7.0,41.0,0.10384221,13819.0422776,-158.0,-18.0,2.27143001
Canton,30,4,12192.0,10811.0,485.0,45.0,383.0,11,222.0,235.0,641.0,6017.0,6175.0,512.0,232.0,80.0,88.0,1253.0,4835.0,1738.0,2192.0,1262.0,2126.0,1603.0,387.0,198.0,55.0,325.0,91.0,7336.0,6406.0,3893.0,2513.0,930.0,325.0,212.0,393.0,0.57047339,21371.724141,1305.0,855.0,1.87871003
Canton Industrial Area,31,2,0.0,0.0,0.0,0.0,0.0,0,0.0,0.0,0.0,0.0,0.0,0.0,0.0,0.0,0.0,0.0,0.0,0.0,0.0,0.0,0.0,0.0,0.0,0.0,0.0,0.0,0.0,0.0,0.0,0.0,0.0,0.0,0.0,0.0,0.0,2.48846934,0.0,0.0,0.0,0.0
Carroll - Camden Industrial Area,32,4,0.0,0.0,0.0,0.0,0.0,0,0.0,0.0,0.0,0.0,0.0,0.0,0.0,0.0,0.0,0.0,0.0,0.0,0.0,0.0,0.0,0.0,0.0,0.0,0.0,0.0,0.0,0.0,0.0,0.0,0.0,0.0,0.0,0.0,0.0,0.70301747,0.0,0.0,0.0,0.0
Carroll Park,33,3,0.0,0.0,0.0,0.0,0.0,0,0.0,0.0,0.0,0.0,0.0,0.0,0.0,0.0,0.0,0.0,0.0,0.0,0.0,0.0,0.0,0.0,0.0,0.0,0.0,0.0,0.0,0.0,0.0,0.0,0.0,0.0,0.0,0.0,0.0,0.34396398,0.0,0.0,0.0,0.0
Carroll-South Hilton,34,3,1370.0,40.0,1315.0,1.0,1.0,0,1.0,12.0,13.0,630.0,740.0,84.0,131.0,44.0,62.0,142.0,177.0,169.0,367.0,194.0,340.0,101.0,24.0,47.0,15.0,192.0,76.0,625.0,518.0,315.0,203.0,107.0,27.0,11.0,69.0,0.48509858,2824.168215,-182.0,-54.0,2.63513994
Carrollton Ridge,35,5,3645.0,1222.0,2162.0,10.0,80.0,1,65.0,105.0,108.0,1752.0,1893.0,327.0,467.0,173.0,198.0,393.0,484.0,507.0,878.0,218.0,782.0,234.0,108.0,136.0,61.0,412.0,242.0,1988.0,1145.0,322.0,823.0,843.0,176.0,51.0,616.0,0.22287565,16354.4109497,-1180.0,-521.0,3.17118
Cedarcroft,36,3,726.0,633.0,45.0,1.0,28.0,0,3.0,16.0,25.0,352.0,374.0,54.0,101.0,26.0,21.0,31.0,35.0,127.0,236.0,95.0,192.0,175.0,94.0,2.0,1.0,15.0,9.0,277.0,263.0,237.0,26.0,14.0,5.0,4.0,5.0,0.13371576,5429.42693465,137.0,36.0,2.74144005
Cedmont,37,1,2594.0,1175.0,1307.0,10.0,50.0,0,16.0,36.0,66.0,1226.0,1368.0,174.0,214.0,96.0,117.0,205.0,365.0,391.0,757.0,275.0,626.0,382.0,166.0,57.0,20.0,187.0,78.0,1074.0,976.0,796.0,180.0,98.0,33.0,25.0,40.0,0.37598718,6899.17136823,13.0,-32.0,2.64548993
Cedonia,38,2,3316.0,176.0,3051.0,4.0,15.0,0,21.0,49.0,63.0,1467.0,1849.0,232.0,298.0,136.0,149.0,364.0,483.0,415.0,940.0,299.0,857.0,391.0,136.0,65.0,29.0,401.0,196.0,1428.0,1295.0,742.0,553.0,133.0,77.0,20.0,36.0,0.28220315,11750.4001996,-265.0,-78.0,2.56062006
Central Forest Park,39,2,1273.0,48.0,1205.0,1.0,7.0,0,1.0,11.0,18.0,606.0,667.0,82.0,100.0,36.0,64.0,121.0,149.0,124.0,374.0,223.0,261.0,119.0,44.0,28.0,8.0,114.0,43.0,571.0,418.0,222.0,196.0,153.0,78.0,19.0,56.0,0.1493383,8524.26976047,-216.0,-96.0,2.82296991
Central Park Heights,40,2,6026.0,109.0,5774.0,11.0,15.0,0,22.0,95.0,85.0,2746.0,3280.0,492.0,570.0,225.0,297.0,731.0,774.0,713.0,1572.0,652.0,1355.0,368.0,97.0,180.0,69.0,807.0,392.0,2829.0,1994.0,846.0,1148.0,835.0,175.0,36.0,624.0,0.44284568,13607.4487934,-1890.0,-488.0,2.95436
Charles North,41,2,1059.0,216.0,666.0,5.0,100.0,1,39.0,32.0,60.0,608.0,451.0,26.0,17.0,6.0,10.0,94.0,209.0,152.0,390.0,155.0,104.0,58.0,10.0,16.0,5.0,30.0,13.0,916.0,716.0,51.0,665.0,200.0,117.0,11.0,72.0,0.13879817,7629.78315034,-77.0,-44.0,1.39664995
Cherry Hill,42,1,8367.0,238.0,7919.0,16.0,21.0,1,62.0,110.0,140.0,3431.0,4936.0,949.0,1242.0,398.0,375.0,1013.0,1228.0,759.0,1710.0,693.0,2096.0,397.0,149.0,193.0,82.0,1506.0,1015.0,3441.0,3199.0,547.0,2652.0,242.0,127.0,12.0,103.0,1.17120628,7143.91659329,595.0,268.0,2.61549997
Cheswolde,43,3,7270.0,5654.0,1053.0,12.0,391.0,11,43.0,106.0,170.0,3296.0,3974.0,693.0,626.0,248.0,220.0,714.0,1301.0,733.0,1353.0,1382.0,1661.0,1354.0,611.0,70.0,30.0,237.0,125.0,3445.0,3291.0,1311.0,1980.0,154.0,74.0,30.0,50.0,0.85527834,8500.15670917,876.0,173.0,2.20904994
Chinquapin Park,44,4,1309.0,134.0,1121.0,14.0,7.0,1,6.0,26.0,23.0,584.0,725.0,75.0,93.0,50.0,47.0,116.0,140.0,170.0,421.0,197.0,352.0,177.0,48.0,27.0,12.0,148.0,57.0,551.0,525.0,456.0,69.0,26.0,11.0,7.0,8.0,0.11472921,11409.4739451,-125.0,-9.0,2.48380994
Orchard Ridge,45,5,546.0,44.0,475.0,9.0,2.0,0,7.0,9.0,18.0,216.0,330.0,68.0,80.0,29.0,30.0,60.0,84.0,62.0,103.0,30.0,142.0,9.0,5.0,14.0,8.0,119.0,77.0,273.0,222.0,26.0,196.0,51.0,41.0,10.0,0.0,0.27758565,1966.96041383,-1154.0,-473.0,2.45946002
Clifton Park,46,2,0.0,0.0,0.0,0.0,0.0,0,0.0,0.0,0.0,0.0,0.0,0.0,0.0,0.0,0.0,0.0,0.0,0.0,0.0,0.0,0.0,0.0,0.0,0.0,0.0,0.0,0.0,0.0,0.0,0.0,0.0,0.0,0.0,0.0,0.0,0.56029005,0.0,0.0,0.0,0.0
Coldspring,47,5,1029.0,165.0,790.0,5.0,35.0,0,4.0,30.0,17.0,413.0,616.0,52.0,57.0,22.0,27.0,51.0,109.0,149.0,300.0,262.0,201.0,124.0,49.0,12.0,6.0,65.0,28.0,630.0,608.0,321.0,287.0,22.0,11.0,3.0,8.0,0.64987672,1583.37721653,149.0,113.0,1.69243001
Coldstream Homestead Montebello,48,5,7266.0,118.0,6972.0,21.0,31.0,0,16.0,108.0,102.0,3337.0,3929.0,489.0,732.0,310.0,365.0,818.0,911.0,842.0,1917.0,882.0,1714.0,486.0,151.0,211.0,63.0,1017.0,432.0,3140.0,2428.0,1257.0,1171.0,712.0,208.0,60.0,444.0,0.51473833,14115.9099058,-1471.0,-327.0,2.96169996
Concerned Citizens Of Forest Park,49,3,1153.0,12.0,1126.0,1.0,2.0,0,1.0,11.0,12.0,523.0,630.0,58.0,97.0,48.0,65.0,138.0,122.0,118.0,341.0,166.0,288.0,98.0,33.0,30.0,13.0,160.0,59.0,546.0,432.0,238.0,194.0,114.0,44.0,20.0,50.0,0.07988739,14432.8142023,-177.0,-39.0,2.63193988
Coppin Heights/Ash-Co-East,50,4,2660.0,13.0,2592.0,7.0,10.0,3,7.0,28.0,20.0,1210.0,1450.0,189.0,273.0,119.0,131.0,295.0,316.0,292.0,719.0,326.0,604.0,164.0,43.0,79.0,21.0,361.0,159.0,1269.0,891.0,457.0,434.0,378.0,78.0,28.0,272.0,0.1919624,13856.8801631,-444.0,-202.0,2.97979998
Cross Country,51,4,5157.0,4039.0,822.0,2.0,175.0,0,50.0,69.0,111.0,2340.0,2817.0,483.0,614.0,242.0,251.0,461.0,674.0,481.0,1015.0,936.0,1143.0,921.0,457.0,58.0,26.0,164.0,85.0,2130.0,1989.0,1037.0,952.0,141.0,64.0,32.0,45.0,0.59240599,8705.17868903,492.0,19.0,2.51154994
Cross Keys,52,1,856.0,725.0,85.0,0.0,25.0,1,5.0,15.0,15.0,344.0,512.0,9.0,18.0,4.0,1.0,17.0,89.0,60.0,272.0,386.0,169.0,143.0,18.0,3.0,1.0,23.0,5.0,729.0,625.0,497.0,128.0,104.0,18.0,20.0,66.0,0.2782102,3076.81019608,-3.0,-15.0,1.36960005
Curtis Bay,53,1,4063.0,2512.0,1086.0,30.0,104.0,0,88.0,243.0,227.0,2028.0,2035.0,386.0,395.0,113.0,122.0,430.0,706.0,528.0,1051.0,332.0,943.0,456.0,170.0,144.0,67.0,343.0,189.0,1904.0,1528.0,618.0,910.0,376.0,232.0,48.0,96.0,0.51111181,7949.33687397,81.0,-35.0,2.65902996
Curtis Bay Industrial Area,54,5,0.0,0.0,0.0,0.0,0.0,0,0.0,0.0,0.0,0.0,0.0,0.0,0.0,0.0,0.0,0.0,0.0,0.0,0.0,0.0,0.0,0.0,0.0,0.0,0.0,0.0,0.0,0.0,0.0,0.0,0.0,0.0,0.0,0.0,0.0,0.41878134,0.0,0.0,0.0,0.0
Cylburn,55,4,2357.0,43.0,2245.0,18.0,5.0,0,12.0,34.0,26.0,1065.0,1292.0,154.0,208.0,99.0,84.0,211.0,284.0,247.0,671.0,399.0,591.0,213.0,55.0,62.0,20.0,316.0,138.0,1047.0,950.0,523.0,427.0,97.0,35.0,9.0,53.0,0.22094155,10667.9796573,-229.0,7.0,2.48105001
Darley Park,56,4,1218.0,7.0,1189.0,1.0,6.0,0,0.0,15.0,7.0,585.0,633.0,94.0,128.0,57.0,61.0,138.0,144.0,145.0,312.0,139.0,278.0,76.0,24.0,34.0,15.0,168.0,66.0,525.0,378.0,181.0,197.0,147.0,42.0,10.0,95.0,0.05196522,23438.749595,-334.0,-87.0,3.22221994
Dickeyville,57,4,156.0,143.0,9.0,0.0,0.0,0,1.0,3.0,6.0,73.0,83.0,12.0,5.0,0.0,1.0,3.0,15.0,19.0,67.0,34.0,33.0,28.0,9.0,1.0,0.0,4.0,1.0,88.0,84.0,81.0,3.0,4.0,0.0,0.0,4.0,0.21312911,731.95066533,-143.0,-7.0,1.85713994
Dolfield,58,2,2156.0,48.0,2065.0,12.0,10.0,0,4.0,17.0,17.0,931.0,1225.0,147.0,175.0,75.0,90.0,191.0,251.0,251.0,610.0,366.0,517.0,168.0,46.0,45.0,20.0,304.0,132.0,935.0,792.0,396.0,396.0,143.0,41.0,9.0,93.0,0.17005855,12677.9864541,-87.0,-55.0,2.61364006
Dorchester,59,4,1700.0,17.0,1659.0,3.0,6.0,0,3.0,12.0,17.0,797.0,903.0,128.0,146.0,87.0,87.0,172.0,211.0,181.0,479.0,209.0,396.0,131.0,52.0,57.0,22.0,208.0,88.0,760.0,598.0,301.0,297.0,162.0,30.0,7.0,125.0,0.19057692,8920.28262498,-118.0,-71.0,2.82106995
Downtown,60,2,4448.0,2161.0,1126.0,12.0,927.0,6,65.0,151.0,234.0,2259.0,2189.0,98.0,40.0,21.0,17.0,1017.0,1999.0,512.0,634.0,110.0,417.0,310.0,75.0,37.0,14.0,70.0,31.0,3228.0,2600.0,137.0,2463.0,628.0,349.0,133.0,146.0,0.40735121,10919.324132,2592.0,1550.0,1.48385
Druid Heights,61,2,1497.0,19.0,1454.0,5.0,4.0,0,2.0,13.0,11.0,732.0,765.0,105.0,129.0,68.0,72.0,165.0,193.0,162.0,432.0,171.0,292.0,64.0,22.0,46.0,16.0,182.0,90.0,1074.0,591.0,173.0,418.0,483.0,55.0,22.0,406.0,0.09051564,16538.5774252,-402.0,-184.0,2.50931
Druid Hill Park,62,4,0.0,0.0,0.0,0.0,0.0,0,0.0,0.0,0.0,0.0,0.0,0.0,0.0,0.0,0.0,0.0,0.0,0.0,0.0,0.0,0.0,0.0,0.0,0.0,0.0,0.0,0.0,0.0,0.0,0.0,0.0,0.0,0.0,0.0,0.0,0.97471749,0.0,0.0,0.0,0.0
Dunbar-Broadway,63,3,889.0,47.0,734.0,1.0,91.0,0,1.0,15.0,8.0,343.0,546.0,75.0,102.0,24.0,28.0,154.0,166.0,74.0,197.0,69.0,170.0,25.0,11.0,9.0,3.0,136.0,80.0,385.0,367.0,1.0,366.0,18.0,14.0,0.0,4.0,0.17156584,5181.68389101,-289.0,-211.0,1.98909997
Dundalk Marine Terminal,64,3,0.0,0.0,0.0,0.0,0.0,0,0.0,0.0,0.0,0.0,0.0,0.0,0.0,0.0,0.0,0.0,0.0,0.0,0.0,0.0,0.0,0.0,0.0,0.0,0.0,0.0,0.0,0.0,0.0,0.0,0.0,0.0,0.0,0.0,0.0,0.42808836,0.0,0.0,0.0,0.0
East Arlington,65,4,2432.0,18.0,2368.0,0.0,8.0,2,8.0,28.0,27.0,1036.0,1396.0,160.0,231.0,96.0,95.0,248.0,342.0,289.0,640.0,331.0,635.0,196.0,69.0,82.0,30.0,357.0,167.0,1067.0,1000.0,481.0,519.0,67.0,41.0,11.0,15.0,0.12934849,18801.9198561,-27.0,-37.0,2.43199992
East Baltimore Midway,66,2,3034.0,40.0,2924.0,13.0,20.0,0,0.0,37.0,13.0,1407.0,1627.0,227.0,291.0,122.0,120.0,337.0,364.0,365.0,824.0,384.0,708.0,195.0,57.0,83.0,25.0,430.0,164.0,1556.0,1019.0,511.0,508.0,537.0,142.0,43.0,352.0,0.29982052,10119.3872211,-1105.0,-303.0,2.9774301
Easterwood,67,3,1596.0,31.0,1539.0,6.0,3.0,0,1.0,16.0,26.0,727.0,869.0,114.0,160.0,73.0,85.0,182.0,204.0,177.0,412.0,189.0,353.0,93.0,27.0,41.0,16.0,219.0,108.0,775.0,561.0,291.0,270.0,214.0,39.0,5.0,170.0,0.07724201,20662.3289462,-139.0,-93.0,2.84491991
Eastwood,68,5,577.0,486.0,25.0,1.0,10.0,1,29.0,25.0,74.0,281.0,296.0,34.0,40.0,14.0,16.0,58.0,101.0,81.0,144.0,89.0,137.0,84.0,31.0,19.0,7.0,34.0,13.0,270.0,253.0,188.0,65.0,17.0,4.0,6.0,7.0,0.02804998,20570.4229888,36.0,0.0,2.28063011
Edmondson Village,69,3,3940.0,30.0,3832.0,6.0,2.0,0,4.0,66.0,32.0,1712.0,2228.0,272.0,298.0,185.0,179.0,464.0,475.0,404.0,1043.0,620.0,1044.0,334.0,89.0,100.0,33.0,610.0,274.0,1666.0,1493.0,943.0,550.0,173.0,64.0,19.0,90.0,0.18583065,21202.0994404,-524.0,-89.0,2.63697004
Ednor Gardens-Lakeside,70,2,5185.0,802.0,4153.0,10.0,93.0,0,25.0,102.0,70.0,2284.0,2901.0,290.0,363.0,159.0,167.0,375.0,699.0,683.0,1464.0,985.0,1244.0,646.0,188.0,95.0,39.0,503.0,181.0,2410.0,2261.0,1604.0,657.0,149.0,72.0,29.0,48.0,0.51069282,10152.8741069,117.0,333.0,2.27775001
Ellwood Park/Monument,71,5,3580.0,415.0,2647.0,44.0,72.0,7,276.0,119.0,501.0,1738.0,1842.0,323.0,416.0,163.0,180.0,486.0,601.0,435.0,795.0,181.0,789.0,217.0,77.0,94.0,46.0,478.0,261.0,1363.0,1047.0,365.0,682.0,316.0,175.0,26.0,115.0,0.13944485,25673.2306233,74.0,-31.0,3.41929006
Evergreen,72,1,382.0,348.0,9.0,2.0,9.0,0,0.0,14.0,9.0,182.0,200.0,26.0,41.0,3.0,8.0,12.0,53.0,77.0,126.0,36.0,98.0,76.0,38.0,6.0,1.0,16.0,9.0,216.0,185.0,128.0,57.0,31.0,10.0,7.0,14.0,0.0575549,6637.14009299,-25.0,-22.0,2.04324007
Evergreen Lawn,73,4,1132.0,10.0,1082.0,2.0,3.0,0,8.0,27.0,19.0,523.0,609.0,72.0,88.0,39.0,59.0,114.0,115.0,130.0,345.0,170.0,273.0,102.0,35.0,36.0,8.0,135.0,51.0,441.0,399.0,283.0,116.0,42.0,8.0,3.0,31.0,0.0534031,21197.2687424,-91.0,-47.0,2.83709001
Fairfield Area,74,3,159.0,105.0,43.0,0.0,1.0,0,7.0,3.0,19.0,72.0,87.0,13.0,16.0,4.0,1.0,11.0,30.0,24.0,46.0,14.0,32.0,13.0,5.0,2.0,1.0,17.0,13.0,100.0,69.0,9.0,60.0,31.0,17.0,5.0,9.0,2.4042995,66.13152802,-60.0,0.0,2.30434989
Fairmont,75,1,347.0,10.0,322.0,7.0,1.0,0,3.0,4.0,2.0,166.0,181.0,21.0,22.0,4.0,11.0,32.0,29.0,42.0,101.0,85.0,82.0,40.0,5.0,11.0,3.0,31.0,7.0,164.0,143.0,104.0,39.0,21.0,8.0,5.0,8.0,0.16566149,2094.63279645,-37.0,-20.0,2.42656993
Fallstaff,76,1,4219.0,1575.0,2031.0,23.0,102.0,25,382.0,81.0,589.0,1958.0,2261.0,343.0,331.0,140.0,176.0,431.0,607.0,494.0,1109.0,588.0,965.0,525.0,225.0,123.0,39.0,317.0,160.0,1935.0,1789.0,649.0,1140.0,146.0,108.0,13.0,25.0,0.2955371,14275.7031028,312.0,96.0,2.3543899
Federal Hill,77,4,2600.0,2315.0,132.0,5.0,86.0,0,13.0,49.0,79.0,1349.0,1251.0,123.0,71.0,9.0,19.0,358.0,933.0,345.0,537.0,205.0,424.0,366.0,102.0,23.0,9.0,35.0,16.0,1554.0,1395.0,670.0,725.0,159.0,83.0,27.0,49.0,0.14891493,17459.6324902,198.0,101.0,1.83369004
Fells Point,78,3,3976.0,3074.0,349.0,19.0,208.0,6,195.0,125.0,444.0,2141.0,1835.0,119.0,66.0,16.0,29.0,377.0,1467.0,621.0,937.0,344.0,620.0,475.0,92.0,62.0,17.0,83.0,29.0,2807.0,2246.0,681.0,1565.0,561.0,293.0,55.0,213.0,0.28805982,13802.6883426,924.0,542.0,1.67808997
Forest Park,79,5,1560.0,25.0,1504.0,8.0,1.0,0,5.0,17.0,35.0,681.0,879.0,96.0,102.0,45.0,64.0,177.0,169.0,180.0,500.0,227.0,367.0,137.0,38.0,46.0,21.0,184.0,59.0,933.0,667.0,275.0,392.0,266.0,54.0,6.0,206.0,0.15508019,10059.3117376,-147.0,-40.0,2.33882999
Forest Park Golf Course,80,4,392.0,11.0,376.0,0.0,0.0,0,2.0,3.0,9.0,185.0,207.0,34.0,36.0,9.0,14.0,45.0,35.0,45.0,103.0,71.0,93.0,34.0,9.0,18.0,7.0,41.0,15.0,136.0,126.0,105.0,21.0,10.0,1.0,1.0,8.0,0.10300755,3805.54626503,61.0,0.0,3.11110997
Frankford,81,4,17694.0,2092.0,14595.0,67.0,400.0,4,115.0,421.0,362.0,8056.0,9638.0,1383.0,1708.0,654.0,748.0,2180.0,2672.0,2269.0,4617.0,1463.0,4175.0,1761.0,679.0,432.0,211.0,1982.0,1191.0,7894.0,7137.0,2970.0,4167.0,757.0,430.0,106.0,221.0,2.12482169,8327.28694902,902.0,31.0,2.44359993
Franklin Square,82,1,2967.0,98.0,2728.0,22.0,11.0,0,62.0,46.0,108.0,1432.0,1535.0,249.0,275.0,103.0,118.0,324.0,369.0,351.0,859.0,319.0,649.0,144.0,39.0,84.0,38.0,421.0,207.0,1861.0,1172.0,296.0,876.0,689.0,168.0,23.0,498.0,0.17211564,17238.4092852,-585.0,-220.0,2.5
Franklintown,83,1,1282.0,88.0,1170.0,4.0,1.0,0,9.0,10.0,28.0,559.0,723.0,120.0,155.0,59.0,60.0,164.0,212.0,159.0,287.0,66.0,316.0,102.0,44.0,32.0,17.0,182.0,117.0,546.0,500.0,107.0,393.0,46.0,28.0,2.0,16.0,0.59535569,2153.3345669,-132.0,-60.0,2.54999995
Franklintown Road,84,1,1940.0,5.0,1885.0,5.0,8.0,0,6.0,31.0,31.0,909.0,1031.0,136.0,157.0,71.0,98.0,210.0,218.0,183.0,553.0,314.0,425.0,117.0,33.0,55.0,19.0,253.0,110.0,962.0,793.0,338.0,455.0,169.0,59.0,33.0,77.0,0.12289767,15785.4894218,-425.0,-173.0,2.44640994
Garwyn Oaks,85,1,1132.0,19.0,1100.0,0.0,1.0,0,0.0,12.0,6.0,520.0,612.0,71.0,107.0,37.0,46.0,126.0,120.0,142.0,330.0,153.0,247.0,107.0,27.0,22.0,11.0,118.0,49.0,673.0,404.0,196.0,208.0,269.0,18.0,13.0,238.0,0.13135706,8617.7321378,-442.0,-169.0,2.76237988
Gay Street,86,5,1998.0,21.0,1943.0,0.0,13.0,0,3.0,18.0,16.0,775.0,1223.0,227.0,288.0,104.0,90.0,229.0,262.0,171.0,359.0,268.0,441.0,70.0,33.0,25.0,9.0,346.0,240.0,927.0,800.0,83.0,717.0,127.0,50.0,5.0,72.0,0.10959025,18231.5479262,-80.0,-19.0,2.47749996
Glen,87,2,7876.0,2949.0,4624.0,16.0,72.0,6,92.0,117.0,154.0,3605.0,4271.0,511.0,693.0,293.0,322.0,703.0,797.0,767.0,2103.0,1687.0,1822.0,1055.0,404.0,160.0,63.0,607.0,227.0,3630.0,3381.0,1641.0,1740.0,249.0,107.0,42.0,100.0,0.74724458,10540.0563738,-235.0,-51.0,2.36824011
Glen Oaks,88,2,2887.0,212.0,2558.0,11.0,37.0,4,11.0,54.0,55.0,1282.0,1605.0,202.0,284.0,117.0,125.0,405.0,397.0,357.0,785.0,215.0,735.0,287.0,124.0,82.0,36.0,366.0,195.0,1300.0,1171.0,538.0,633.0,129.0,82.0,15.0,32.0,0.26925678,10722.1069082,-45.0,-30.0,2.46540999
Glenham-Belhar,89,3,6175.0,2314.0,3573.0,31.0,59.0,1,43.0,154.0,124.0,2805.0,3370.0,390.0,543.0,242.0,304.0,554.0,855.0,860.0,1725.0,702.0,1476.0,775.0,326.0,138.0,67.0,563.0,305.0,2674.0,2422.0,1715.0,707.0,252.0,84.0,56.0,112.0,0.74944236,8239.45946394,86.0,-38.0,2.4913299
Graceland Park,90,2,2011.0,1444.0,224.0,39.0,71.0,0,162.0,71.0,410.0,997.0,1014.0,137.0,157.0,45.0,55.0,205.0,312.0,215.0,562.0,323.0,465.0,296.0,93.0,52.0,14.0,117.0,51.0,830.0,741.0,551.0,190.0,89.0,31.0,24.0,34.0,0.31253865,6434.40411715,292.0,35.0,2.69095993
Greektown,91,5,3678.0,2401.0,251.0,41.0,56.0,11,777.0,141.0,1293.0,1925.0,1753.0,289.0,281.0,124.0,86.0,346.0,844.0,454.0,777.0,477.0,827.0,508.0,199.0,115.0,41.0,204.0,99.0,1510.0,1309.0,664.0,645.0,201.0,98.0,38.0,65.0,0.22444475,16387.1060852,384.0,-5.0,2.80977988
Greenmount Cemetery,92,3,0.0,0.0,0.0,0.0,0.0,0,0.0,0.0,0.0,0.0,0.0,0.0,0.0,0.0,0.0,0.0,0.0,0.0,0.0,0.0,0.0,0.0,0.0,0.0,0.0,0.0,0.0,0.0,0.0,0.0,0.0,0.0,0.0,0.0,0.0,0.1068963,0.0,0.0,0.0,0.0
Greenmount West,93,5,1339.0,331.0,960.0,5.0,20.0,0,2.0,21.0,14.0,697.0,642.0,83.0,86.0,35.0,30.0,215.0,289.0,164.0,342.0,95.0,241.0,72.0,23.0,37.0,10.0,132.0,68.0,854.0,570.0,135.0,435.0,284.0,102.0,16.0,166.0,0.10012821,13372.8536277,144.0,90.0,2.31052994
Greenspring,94,3,3436.0,22.0,3357.0,5.0,7.0,1,3.0,41.0,17.0,1512.0,1924.0,338.0,347.0,152.0,173.0,400.0,445.0,360.0,799.0,422.0,856.0,235.0,72.0,94.0,43.0,527.0,281.0,1513.0,1187.0,576.0,611.0,326.0,130.0,56.0,140.0,0.1738566,19763.414123,-562.0,-165.0,2.8761599
Grove Park,95,5,1934.0,21.0,1859.0,10.0,4.0,0,5.0,35.0,19.0,832.0,1102.0,126.0,129.0,76.0,83.0,201.0,218.0,197.0,517.0,387.0,489.0,192.0,54.0,53.0,21.0,244.0,124.0,945.0,871.0,406.0,465.0,74.0,38.0,5.0,31.0,0.34330437,5633.48493242,-239.0,63.0,2.21929001
Guilford,96,4,2214.0,1810.0,221.0,2.0,100.0,3,16.0,62.0,70.0,1099.0,1115.0,132.0,218.0,80.0,79.0,139.0,134.0,327.0,775.0,330.0,610.0,552.0,232.0,13.0,6.0,45.0,20.0,941.0,876.0,791.0,85.0,65.0,7.0,7.0,51.0,0.55272714,4005.59300369,116.0,65.0,2.52740001
Gwynns Falls,97,5,1184.0,641.0,479.0,9.0,3.0,0,12.0,40.0,51.0,593.0,591.0,85.0,116.0,47.0,58.0,117.0,167.0,166.0,327.0,101.0,285.0,137.0,52.0,49.0,22.0,99.0,47.0,511.0,439.0,244.0,195.0,72.0,19.0,8.0,45.0,0.17874824,6623.84126819,1.0,-28.0,2.69704008
Gwynns Falls/Leakin Park,98,2,0.0,0.0,0.0,0.0,0.0,0,0.0,0.0,0.0,0.0,0.0,0.0,0.0,0.0,0.0,0.0,0.0,0.0,0.0,0.0,0.0,0.0,0.0,0.0,0.0,0.0,0.0,0.0,0.0,0.0,0.0,0.0,0.0,0.0,0.0,0.74538332,0.0,0.0,0.0,0.0
Hampden,99,5,6963.0,6208.0,314.0,18.0,186.0,1,60.0,176.0,221.0,3371.0,3592.0,356.0,304.0,114.0,126.0,640.0,1912.0,1005.0,1566.0,940.0,1417.0,933.0,248.0,170.0,69.0,314.0,131.0,3858.0,3432.0,1913.0,1519.0,426.0,164.0,68.0,194.0,0.61445428,11332.0066295,-499.0,-35.0,2.01980996
Hanlon-Longwood,100,2,2311.0,23.0,2222.0,2.0,2.0,0,18.0,44.0,35.0,1029.0,1282.0,123.0,216.0,89.0,101.0,211.0,290.0,269.0,641.0,371.0,564.0,183.0,53.0,66.0,22.0,315.0,122.0,1133.0,898.0,533.0,365.0,235.0,60.0,25.0,150.0,0.43518338,5310.40493297,-378.0,-148.0,2.57349991
Hamilton Hills,101,1,9752.0,2495.0,6837.0,17.0,94.0,1,89.0,219.0,266.0,4522.0,5230.0,777.0,885.0,324.0,373.0,1091.0,1482.0,1335.0,2670.0,815.0,2427.0,1152.0,421.0,258.0,132.0,1017.0,598.0,4410.0,4054.0,1972.0,2082.0,356.0,198.0,51.0,107.0,1.14193358,8539.90117559,-28.0,-100.0,2.40305995
Harlem Park,102,4,3654.0,43.0,3524.0,7.0,22.0,0,6.0,52.0,29.0,1747.0,1907.0,236.0,287.0,118.0,128.0,400.0,419.0,405.0,1011.0,650.0,715.0,176.0,56.0,112.0,31.0,427.0,220.0,2648.0,1579.0,345.0,1234.0,1069.0,203.0,38.0,828.0,0.31217524,11704.9641194,-1065.0,-320.0,2.25205993
Harwood,103,3,1575.0,324.0,1174.0,5.0,25.0,0,10.0,37.0,44.0,717.0,858.0,117.0,133.0,66.0,59.0,214.0,281.0,230.0,350.0,125.0,331.0,128.0,40.0,34.0,13.0,169.0,83.0,749.0,570.0,303.0,267.0,179.0,62.0,19.0,98.0,0.07093151,22204.5176238,-208.0,1.0,2.75439
Hawkins Point,104,2,0.0,0.0,0.0,0.0,0.0,0,0.0,0.0,0.0,0.0,0.0,0.0,0.0,0.0,0.0,0.0,0.0,0.0,0.0,0.0,0.0,0.0,0.0,0.0,0.0,0.0,0.0,0.0,0.0,0.0,0.0,0.0,0.0,0.0,0.0,1.96445879,0.0,0.0,0.0,0.0
Heritage Crossing,105,2,1029.0,30.0,958.0,2.0,17.0,0,5.0,17.0,25.0,428.0,601.0,102.0,123.0,34.0,45.0,139.0,145.0,128.0,252.0,61.0,254.0,61.0,26.0,27.0,16.0,166.0,104.0,446.0,437.0,156.0,281.0,9.0,5.0,0.0,4.0,0.08518165,12080.0659703,629.0,244.0,2.35469007
Herring Run Park,106,3,0.0,0.0,0.0,0.0,0.0,0,0.0,0.0,0.0,0.0,0.0,0.0,0.0,0.0,0.0,0.0,0.0,0.0,0.0,0.0,0.0,0.0,0.0,0.0,0.0,0.0,0.0,0.0,0.0,0.0,0.0,0.0,0.0,0.0,0.0,0.24079362,0.0,0.0,0.0,0.0
Highlandtown,107,1,2666.0,1779.0,336.0,25.0,36.0,0,396.0,94.0,750.0,1414.0,1252.0,201.0,145.0,67.0,73.0,283.0,664.0,391.0,563.0,279.0,534.0,306.0,112.0,87.0,33.0,141.0,54.0,1315.0,1077.0,637.0,440.0,238.0,85.0,43.0,110.0,0.14210869,18760.2877308,-155.0,-73.0,2.46982002
Hillen,108,5,2344.0,110.0,2178.0,2.0,10.0,0,10.0,34.0,24.0,1085.0,1259.0,146.0,187.0,89.0,91.0,277.0,289.0,260.0,669.0,336.0,584.0,254.0,76.0,62.0,27.0,268.0,111.0,980.0,898.0,679.0,219.0,82.0,39.0,20.0,23.0,0.16870856,13893.781802,-328.0,-84.0,2.61023998
Hoes Heights,109,2,865.0,626.0,145.0,4.0,56.0,2,8.0,24.0,28.0,421.0,444.0,51.0,38.0,16.0,19.0,62.0,185.0,142.0,232.0,120.0,209.0,134.0,48.0,26.0,4.0,49.0,23.0,461.0,428.0,272.0,156.0,33.0,10.0,6.0,17.0,0.07752859,11157.1733356,-69.0,-11.0,2.02102994
Holabird Industrial Park,110,1,0.0,0.0,0.0,0.0,0.0,0,0.0,0.0,0.0,0.0,0.0,0.0,0.0,0.0,0.0,0.0,0.0,0.0,0.0,0.0,0.0,0.0,0.0,0.0,0.0,0.0,0.0,0.0,0.0,0.0,0.0,0.0,0.0,0.0,0.0,0.56413698,0.0,0.0,0.0,0.0
Hollins Market,111,4,1838.0,561.0,1169.0,6.0,39.0,1,21.0,41.0,53.0,947.0,891.0,101.0,130.0,49.0,63.0,205.0,412.0,303.0,474.0,101.0,343.0,128.0,47.0,55.0,11.0,160.0,94.0,1144.0,853.0,220.0,633.0,291.0,86.0,31.0,174.0,0.10695453,17184.872841,-212.0,1.0,2.1547501
Homeland,112,5,3201.0,2782.0,232.0,5.0,116.0,0,18.0,48.0,80.0,1558.0,1643.0,256.0,311.0,101.0,108.0,232.0,230.0,502.0,1028.0,433.0,827.0,742.0,380.0,23.0,14.0,62.0,29.0,1191.0,1143.0,1019.0,124.0,48.0,11.0,15.0,22.0,0.61573724,5198.64609599,113.0,8.0,2.6098001
Hopkins Bayview,113,2,103.0,53.0,32.0,0.0,8.0,0,9.0,1.0,15.0,46.0,57.0,2.0,3.0,1.0,2.0,2.0,17.0,12.0,20.0,44.0,11.0,7.0,1.0,0.0,0.0,4.0,2.0,22.0,20.0,11.0,9.0,2.0,0.0,1.0,1.0,0.41529041,248.0192095,-355.0,-99.0,2.40000009
Howard Park,114,1,5929.0,174.0,5588.0,16.0,19.0,0,36.0,96.0,104.0,2737.0,3192.0,305.0,442.0,224.0,242.0,519.0,609.0,714.0,1799.0,1075.0,1438.0,671.0,185.0,146.0,44.0,621.0,235.0,2578.0,2335.0,1521.0,814.0,243.0,84.0,26.0,133.0,1.05748092,5606.72051356,-189.0,43.0,2.51777005
Hunting Ridge,115,4,1296.0,365.0,882.0,3.0,4.0,1,5.0,36.0,25.0,613.0,683.0,96.0,98.0,45.0,36.0,107.0,146.0,192.0,398.0,178.0,349.0,214.0,85.0,31.0,13.0,104.0,45.0,616.0,563.0,398.0,165.0,53.0,26.0,12.0,15.0,0.26182773,4949.81936793,125.0,46.0,2.30194997
Idlewood,116,4,2676.0,349.0,2228.0,1.0,25.0,1,23.0,49.0,65.0,1200.0,1476.0,173.0,256.0,114.0,129.0,253.0,401.0,384.0,754.0,212.0,700.0,316.0,146.0,64.0,24.0,320.0,160.0,1144.0,1084.0,848.0,236.0,60.0,15.0,34.0,11.0,0.20800497,12865.0766365,-34.0,4.0,2.46217989
Inner Harbor,117,5,1484.0,1144.0,125.0,2.0,158.0,0,22.0,33.0,81.0,758.0,726.0,58.0,17.0,1.0,3.0,93.0,460.0,240.0,447.0,165.0,317.0,277.0,45.0,17.0,6.0,23.0,8.0,1443.0,922.0,437.0,485.0,521.0,90.0,246.0,185.0,0.24140182,6147.42658185,843.0,502.0,1.58677005
Irvington,118,1,4167.0,429.0,3593.0,22.0,13.0,1,12.0,97.0,55.0,1863.0,2304.0,308.0,413.0,196.0,205.0,436.0,579.0,478.0,1130.0,422.0,983.0,340.0,126.0,107.0,47.0,536.0,307.0,1740.0,1510.0,713.0,797.0,230.0,82.0,20.0,128.0,0.88885172,4688.07101131,-234.0,-103.0,2.60595989
Johns Hopkins Homewood,119,2,669.0,394.0,28.0,1.0,203.0,1,9.0,33.0,41.0,364.0,305.0,4.0,0.0,0.0,5.0,646.0,8.0,4.0,2.0,0.0,4.0,1.0,1.0,1.0,0.0,2.0,2.0,13.0,9.0,3.0,6.0,4.0,3.0,0.0,1.0,0.25650034,2608.18357943,-1302.0,0.0,2.0
Johnston Square,120,1,1906.0,36.0,1831.0,7.0,3.0,0,11.0,18.0,20.0,867.0,1039.0,112.0,154.0,80.0,87.0,197.0,189.0,200.0,640.0,247.0,452.0,114.0,32.0,49.0,17.0,289.0,103.0,1054.0,793.0,337.0,456.0,261.0,27.0,18.0,216.0,0.17087755,11154.1857041,-821.0,-174.0,2.40352988
Jones Falls Area,121,1,0.0,0.0,0.0,0.0,0.0,0,0.0,0.0,0.0,0.0,0.0,0.0,0.0,0.0,0.0,0.0,0.0,0.0,0.0,0.0,0.0,0.0,0.0,0.0,0.0,0.0,0.0,0.0,0.0,0.0,0.0,0.0,0.0,0.0,0.0,0.28001205,0.0,0.0,0.0,0.0
Jonestown,122,1,1367.0,318.0,918.0,8.0,67.0,0,21.0,35.0,63.0,786.0,581.0,101.0,122.0,28.0,33.0,120.0,302.0,185.0,433.0,43.0,228.0,80.0,37.0,13.0,8.0,135.0,84.0,432.0,381.0,127.0,254.0,51.0,30.0,13.0,8.0,0.13445953,10166.6275177,814.0,308.0,2.50656008
Bayview,123,4,2263.0,1481.0,234.0,7.0,123.0,0,342.0,76.0,519.0,1151.0,1112.0,189.0,133.0,53.0,74.0,221.0,479.0,284.0,522.0,308.0,502.0,285.0,124.0,76.0,31.0,141.0,62.0,1114.0,968.0,520.0,448.0,146.0,60.0,20.0,66.0,0.09341616,24224.9290561,87.0,-75.0,2.32851004
Kenilworth Park,124,5,1206.0,25.0,1167.0,1.0,2.0,0,3.0,8.0,10.0,546.0,660.0,74.0,98.0,37.0,51.0,96.0,130.0,152.0,349.0,219.0,325.0,156.0,38.0,30.0,9.0,139.0,63.0,545.0,494.0,315.0,179.0,51.0,27.0,7.0,17.0,0.14503175,8315.42018599,-176.0,-47.0,2.44129991
Kernewood,125,1,726.0,326.0,354.0,0.0,19.0,0,12.0,15.0,20.0,330.0,396.0,46.0,63.0,35.0,34.0,66.0,76.0,92.0,219.0,95.0,166.0,99.0,52.0,16.0,6.0,51.0,23.0,321.0,256.0,200.0,56.0,65.0,8.0,4.0,53.0,0.07195671,10089.3991804,203.0,45.0,2.75
Keswick,126,5,650.0,553.0,42.0,0.0,39.0,0,0.0,16.0,13.0,294.0,356.0,34.0,44.0,20.0,13.0,22.0,63.0,106.0,212.0,136.0,181.0,151.0,54.0,6.0,3.0,24.0,12.0,322.0,313.0,273.0,40.0,9.0,3.0,1.0,5.0,0.07997295,8127.74761251,26.0,0.0,2.07667994
Kresson,127,5,440.0,201.0,116.0,2.0,13.0,0,97.0,11.0,145.0,247.0,193.0,30.0,36.0,17.0,18.0,54.0,92.0,72.0,97.0,24.0,86.0,31.0,17.0,19.0,4.0,36.0,22.0,191.0,152.0,47.0,105.0,39.0,19.0,4.0,16.0,0.26794341,1642.13775517,43.0,16.0,2.8947401
Lake Evesham,128,2,543.0,427.0,90.0,2.0,5.0,0,3.0,16.0,11.0,275.0,268.0,39.0,47.0,12.0,13.0,80.0,72.0,88.0,142.0,50.0,123.0,87.0,41.0,9.0,4.0,27.0,19.0,253.0,228.0,146.0,82.0,25.0,8.0,10.0,7.0,0.07108995,7638.20983542,60.0,1.0,2.38158011
Lake Walker,129,4,2095.0,1063.0,762.0,3.0,89.0,5,119.0,54.0,183.0,955.0,1140.0,174.0,116.0,40.0,32.0,288.0,393.0,282.0,513.0,257.0,419.0,242.0,108.0,48.0,23.0,129.0,66.0,1190.0,1059.0,424.0,635.0,131.0,96.0,11.0,24.0,0.20295479,10322.495743,10.0,-97.0,1.96977996
Lakeland,130,2,4551.0,1370.0,2509.0,12.0,132.0,3,421.0,104.0,889.0,2289.0,2262.0,403.0,537.0,195.0,216.0,492.0,813.0,590.0,968.0,337.0,1069.0,469.0,217.0,158.0,85.0,442.0,257.0,1739.0,1581.0,736.0,845.0,158.0,85.0,22.0,51.0,0.54808907,8303.39480187,271.0,47.0,2.87792992
Langston Hughes,131,3,1036.0,9.0,1006.0,0.0,0.0,0,8.0,13.0,12.0,492.0,544.0,67.0,115.0,44.0,42.0,111.0,112.0,126.0,290.0,129.0,236.0,76.0,24.0,24.0,13.0,136.0,55.0,435.0,332.0,175.0,157.0,103.0,30.0,9.0,64.0,0.06047174,17131.9684654,-132.0,-48.0,3.12048006
Lauraville,132,4,4151.0,1698.0,2222.0,22.0,52.0,1,47.0,109.0,120.0,1930.0,2221.0,231.0,345.0,159.0,178.0,352.0,559.0,559.0,1241.0,527.0,944.0,562.0,205.0,80.0,34.0,302.0,143.0,1703.0,1549.0,1139.0,410.0,154.0,55.0,28.0,71.0,0.59131377,7019.96163541,-224.0,-78.0,2.58811998
Levindale,133,3,1218.0,180.0,1018.0,5.0,1.0,0,0.0,14.0,10.0,564.0,654.0,39.0,53.0,22.0,34.0,75.0,72.0,87.0,352.0,484.0,197.0,82.0,14.0,20.0,5.0,95.0,41.0,531.0,493.0,182.0,311.0,38.0,31.0,0.0,7.0,0.14782164,8239.65943807,-21.0,-2.0,1.89249002
Liberty Square,134,3,770.0,9.0,740.0,1.0,2.0,0,9.0,9.0,3.0,323.0,447.0,41.0,42.0,15.0,35.0,74.0,88.0,91.0,214.0,170.0,174.0,52.0,14.0,25.0,5.0,97.0,41.0,405.0,371.0,83.0,288.0,34.0,16.0,3.0,15.0,0.11702097,6580.01691402,9.0,55.0,2.07546997
Little Italy,135,4,576.0,494.0,21.0,0.0,21.0,0,21.0,19.0,50.0,300.0,276.0,27.0,6.0,2.0,1.0,51.0,169.0,91.0,134.0,95.0,105.0,72.0,17.0,12.0,1.0,21.0,3.0,393.0,322.0,172.0,150.0,71.0,33.0,16.0,22.0,0.05003339,11512.310429,23.0,35.0,1.78882002
Loch Raven,136,5,6163.0,505.0,5422.0,4.0,120.0,0,22.0,90.0,110.0,2557.0,3606.0,347.0,474.0,191.0,216.0,653.0,914.0,701.0,1647.0,1020.0,1401.0,614.0,184.0,125.0,53.0,662.0,322.0,2978.0,2838.0,1143.0,1695.0,140.0,62.0,23.0,55.0,0.57044916,10803.7672261,133.0,92.0,2.10747003
Locust Point,137,1,2138.0,2019.0,27.0,7.0,53.0,1,10.0,21.0,37.0,1081.0,1057.0,117.0,55.0,23.0,30.0,173.0,714.0,319.0,508.0,199.0,461.0,355.0,103.0,39.0,10.0,67.0,18.0,1292.0,1046.0,741.0,305.0,246.0,40.0,127.0,79.0,0.13429989,15919.5955366,209.0,151.0,2.03823995
Locust Point Industrial Area,138,4,642.0,547.0,33.0,1.0,31.0,0,9.0,21.0,23.0,336.0,306.0,69.0,13.0,2.0,3.0,60.0,199.0,121.0,137.0,38.0,159.0,139.0,52.0,12.0,5.0,8.0,1.0,388.0,289.0,230.0,59.0,99.0,20.0,55.0,24.0,0.79815532,804.35471514,565.0,260.0,2.20414996
Lower Herring Run Park,139,3,0.0,0.0,0.0,0.0,0.0,0,0.0,0.0,0.0,0.0,0.0,0.0,0.0,0.0,0.0,0.0,0.0,0.0,0.0,0.0,0.0,0.0,0.0,0.0,0.0,0.0,0.0,0.0,0.0,0.0,0.0,0.0,0.0,0.0,0.0,0.08696272,0.0,0.0,0.0,0.0
Loyola/Notre Dame,140,3,3208.0,2780.0,188.0,7.0,108.0,1,40.0,84.0,158.0,1195.0,2013.0,2.0,0.0,2.0,6.0,3132.0,32.0,3.0,22.0,9.0,13.0,11.0,4.0,1.0,0.0,1.0,0.0,15.0,15.0,13.0,2.0,0.0,0.0,0.0,0.0,0.30078127,10665.5576581,-864.0,-481.0,2.66667008
Lucille Park,141,5,567.0,9.0,548.0,3.0,1.0,0,0.0,6.0,5.0,301.0,266.0,40.0,48.0,11.0,24.0,64.0,59.0,99.0,172.0,50.0,110.0,26.0,8.0,11.0,5.0,73.0,28.0,220.0,159.0,75.0,84.0,61.0,7.0,1.0,53.0,0.10481052,5409.76194567,51.0,-1.0,3.05660009
Madison Park,142,1,2134.0,305.0,1730.0,8.0,31.0,2,9.0,49.0,38.0,986.0,1148.0,191.0,215.0,62.0,65.0,317.0,379.0,237.0,502.0,166.0,403.0,93.0,25.0,39.0,20.0,271.0,191.0,1316.0,1033.0,101.0,932.0,283.0,147.0,13.0,123.0,0.15908533,13414.1842004,-6.0,-55.0,1.98837995
Madison-Eastend,143,2,2487.0,54.0,2371.0,10.0,6.0,0,15.0,31.0,53.0,1141.0,1346.0,271.0,297.0,112.0,152.0,293.0,316.0,294.0,555.0,197.0,599.0,151.0,54.0,66.0,27.0,382.0,200.0,916.0,746.0,312.0,434.0,170.0,73.0,6.0,91.0,0.104293,23846.2791761,30.0,1.0,3.31903004
Mayfield,144,4,861.0,638.0,166.0,1.0,17.0,0,3.0,36.0,24.0,404.0,457.0,59.0,43.0,25.0,27.0,63.0,96.0,126.0,328.0,94.0,224.0,172.0,66.0,10.0,3.0,42.0,18.0,375.0,354.0,319.0,35.0,21.0,2.0,9.0,10.0,0.13002813,6621.6436321,-95.0,-15.0,2.41525006
McElderry Park,145,3,4033.0,382.0,3238.0,33.0,48.0,0,190.0,142.0,473.0,1916.0,2117.0,411.0,524.0,202.0,230.0,533.0,615.0,522.0,790.0,206.0,877.0,229.0,107.0,109.0,43.0,539.0,325.0,1719.0,1172.0,341.0,831.0,547.0,187.0,52.0,308.0,0.12646332,31890.6680099,-426.0,-156.0,3.43857002
Medfield,146,3,2748.0,2074.0,337.0,7.0,216.0,0,48.0,66.0,113.0,1323.0,1425.0,141.0,158.0,77.0,58.0,251.0,671.0,425.0,669.0,298.0,634.0,419.0,149.0,50.0,28.0,165.0,84.0,1406.0,1327.0,787.0,540.0,79.0,39.0,17.0,23.0,0.2601958,10561.277269,-12.0,-8.0,2.07083988
Medford,147,3,1412.0,664.0,379.0,16.0,35.0,2,251.0,65.0,423.0,721.0,691.0,107.0,101.0,25.0,46.0,165.0,281.0,202.0,342.0,143.0,317.0,152.0,50.0,56.0,21.0,109.0,56.0,610.0,578.0,202.0,376.0,32.0,21.0,2.0,9.0,0.154009,9168.29518053,229.0,24.0,2.44290995
Mid-Govans,148,4,1465.0,135.0,1271.0,2.0,21.0,0,1.0,35.0,18.0,661.0,804.0,103.0,150.0,66.0,77.0,153.0,188.0,185.0,390.0,153.0,352.0,149.0,58.0,30.0,14.0,173.0,78.0,596.0,512.0,349.0,163.0,84.0,27.0,13.0,44.0,0.12883738,11370.9227161,-75.0,-47.0,2.84570002
Mid-Town Belvedere,149,3,3830.0,2298.0,1001.0,17.0,329.0,0,39.0,146.0,178.0,1957.0,1873.0,66.0,45.0,9.0,15.0,655.0,1468.0,520.0,761.0,291.0,365.0,261.0,37.0,42.0,9.0,62.0,21.0,3005.0,2550.0,413.0,2137.0,455.0,263.0,31.0,161.0,0.2209043,17337.8239361,636.0,325.0,1.44471001
Middle Branch/Reedbird Parks,150,5,0.0,0.0,0.0,0.0,0.0,0,0.0,0.0,0.0,0.0,0.0,0.0,0.0,0.0,0.0,0.0,0.0,0.0,0.0,0.0,0.0,0.0,0.0,0.0,0.0,0.0,0.0,0.0,0.0,0.0,0.0,0.0,0.0,0.0,0.0,0.36427893,0.0,0.0,0.0,0.0
Middle East,151,1,1484.0,54.0,1408.0,2.0,6.0,0,8.0,6.0,26.0,667.0,817.0,117.0,152.0,41.0,63.0,158.0,174.0,146.0,376.0,257.0,313.0,86.0,23.0,43.0,15.0,184.0,100.0,913.0,628.0,155.0,473.0,285.0,32.0,7.0,246.0,0.19801392,7494.42229724,-2069.0,-518.0,2.33438992
Midtown-Edmondson,152,2,1663.0,19.0,1623.0,1.0,1.0,0,5.0,14.0,7.0,807.0,856.0,102.0,174.0,56.0,88.0,206.0,199.0,179.0,474.0,185.0,382.0,99.0,26.0,50.0,12.0,233.0,94.0,1112.0,544.0,211.0,333.0,568.0,28.0,10.0,530.0,0.14956529,11118.8898587,-665.0,-255.0,3.0569899
Millhill,153,2,1787.0,711.0,917.0,8.0,36.0,1,54.0,60.0,93.0,846.0,941.0,149.0,202.0,76.0,92.0,191.0,227.0,200.0,466.0,184.0,374.0,159.0,66.0,40.0,13.0,175.0,103.0,843.0,672.0,224.0,448.0,171.0,36.0,10.0,125.0,0.20979569,8517.81061801,-63.0,-34.0,2.65922999
Milton-Montford,154,5,1391.0,21.0,1305.0,9.0,10.0,0,23.0,23.0,39.0,623.0,768.0,153.0,162.0,58.0,61.0,200.0,188.0,154.0,327.0,88.0,315.0,67.0,33.0,56.0,17.0,192.0,92.0,744.0,416.0,139.0,277.0,328.0,39.0,6.0,283.0,0.056786,24495.4721484,-156.0,-63.0,3.34375
Mondawmin,155,2,3512.0,41.0,3374.0,13.0,13.0,2,14.0,55.0,51.0,1488.0,2024.0,180.0,256.0,115.0,136.0,902.0,370.0,314.0,786.0,453.0,643.0,178.0,51.0,92.0,27.0,373.0,160.0,1522.0,1145.0,478.0,667.0,377.0,79.0,11.0,287.0,0.38277174,9175.18081482,-44.0,-170.0,2.5301299
Montebello,156,1,117.0,19.0,84.0,0.0,1.0,0,8.0,5.0,8.0,53.0,64.0,24.0,19.0,8.0,4.0,5.0,23.0,11.0,19.0,4.0,7.0,5.0,3.0,1.0,1.0,1.0,0.0,22.0,16.0,11.0,5.0,6.0,3.0,0.0,3.0,0.4641626,252.06683566,-361.0,-2.0,2.625
Moravia-Walther,157,5,999.0,375.0,582.0,3.0,5.0,0,3.0,31.0,21.0,473.0,526.0,63.0,79.0,33.0,38.0,88.0,113.0,177.0,312.0,96.0,256.0,159.0,66.0,16.0,9.0,81.0,37.0,432.0,409.0,338.0,71.0,23.0,8.0,9.0,6.0,0.13101388,7625.14614876,-79.0,-5.0,2.42543005
Morgan Park,158,3,256.0,3.0,243.0,0.0,0.0,0,0.0,10.0,1.0,113.0,143.0,11.0,15.0,7.0,8.0,17.0,23.0,27.0,76.0,72.0,69.0,45.0,6.0,3.0,1.0,21.0,5.0,121.0,114.0,100.0,14.0,7.0,2.0,0.0,5.0,0.07261075,3525.64840891,0.0,0.0,2.24560999
Morgan State University,159,2,1790.0,48.0,1698.0,2.0,14.0,1,0.0,27.0,5.0,769.0,1021.0,4.0,4.0,1.0,26.0,1686.0,41.0,9.0,15.0,4.0,9.0,2.0,0.0,2.0,1.0,5.0,3.0,37.0,25.0,5.0,20.0,12.0,9.0,2.0,1.0,0.26376592,6786.32002667,1790.0,25.0,2.27999997
Morrell Park,160,5,4204.0,3208.0,586.0,26.0,132.0,9,114.0,129.0,217.0,2058.0,2146.0,277.0,349.0,162.0,124.0,393.0,685.0,543.0,1153.0,518.0,977.0,561.0,195.0,104.0,45.0,312.0,141.0,1832.0,1688.0,1127.0,561.0,144.0,27.0,30.0,87.0,0.83863166,5012.92782167,49.0,0.0,2.49052
Mosher,161,3,1589.0,15.0,1542.0,7.0,4.0,0,0.0,21.0,17.0,701.0,888.0,124.0,156.0,68.0,80.0,199.0,170.0,171.0,410.0,211.0,387.0,87.0,30.0,61.0,22.0,239.0,100.0,786.0,548.0,233.0,315.0,238.0,68.0,12.0,158.0,0.11526371,13785.7784128,-420.0,-120.0,2.86679005
New Southwest/Mount Clare,162,2,2313.0,764.0,1190.0,27.0,67.0,0,165.0,100.0,267.0,1143.0,1170.0,224.0,260.0,109.0,112.0,260.0,361.0,305.0,528.0,154.0,456.0,148.0,76.0,97.0,33.0,211.0,123.0,1141.0,751.0,257.0,494.0,390.0,46.0,49.0,295.0,0.11823957,19561.9790285,-80.0,-71.0,2.94007992
Mount Holly,163,4,1279.0,21.0,1238.0,0.0,2.0,0,5.0,13.0,14.0,656.0,623.0,71.0,98.0,49.0,71.0,113.0,142.0,178.0,415.0,142.0,283.0,93.0,28.0,47.0,16.0,143.0,70.0,705.0,495.0,195.0,300.0,210.0,85.0,9.0,116.0,0.12392056,10321.1282764,-381.0,-122.0,2.48283004
Mount Vernon,164,5,4818.0,2842.0,1257.0,12.0,458.0,3,67.0,179.0,229.0,2379.0,2439.0,71.0,38.0,14.0,24.0,1053.0,1740.0,521.0,670.0,687.0,424.0,291.0,46.0,35.0,14.0,98.0,38.0,3860.0,3352.0,241.0,3111.0,508.0,298.0,7.0,203.0,0.22666112,21256.4020821,299.0,322.0,1.36545002
Mount Washington,165,4,3878.0,2804.0,822.0,11.0,81.0,3,37.0,120.0,107.0,1760.0,2118.0,221.0,312.0,144.0,132.0,155.0,443.0,580.0,1253.0,638.0,1001.0,802.0,330.0,45.0,22.0,154.0,85.0,1721.0,1649.0,1298.0,351.0,72.0,17.0,27.0,28.0,1.24104049,3124.79731984,-2.0,-15.0,2.30079007
Mount Winans,166,4,748.0,21.0,709.0,3.0,3.0,0,0.0,12.0,15.0,323.0,425.0,59.0,85.0,26.0,36.0,74.0,85.0,86.0,207.0,90.0,192.0,55.0,15.0,17.0,6.0,120.0,55.0,372.0,286.0,179.0,107.0,86.0,9.0,2.0,75.0,0.07656696,9769.22646614,-282.0,-57.0,2.61538004
Mt Pleasant Park,167,3,0.0,0.0,0.0,0.0,0.0,0,0.0,0.0,0.0,0.0,0.0,0.0,0.0,0.0,0.0,0.0,0.0,0.0,0.0,0.0,0.0,0.0,0.0,0.0,0.0,0.0,0.0,0.0,0.0,0.0,0.0,0.0,0.0,0.0,0.0,0.25298873,0.0,0.0,0.0,0.0
New Northwood,168,4,4972.0,134.0,4677.0,7.0,30.0,1,46.0,77.0,102.0,2272.0,2700.0,286.0,313.0,154.0,231.0,1013.0,611.0,529.0,1148.0,687.0,1174.0,467.0,123.0,107.0,41.0,600.0,264.0,2092.0,1940.0,959.0,981.0,152.0,73.0,24.0,55.0,0.32088432,15494.6800474,-2028.0,-69.0,2.39123988
North Harford Road,169,2,5380.0,3437.0,1672.0,13.0,50.0,2,99.0,107.0,251.0,2583.0,2797.0,356.0,429.0,160.0,171.0,442.0,808.0,842.0,1487.0,685.0,1352.0,875.0,353.0,138.0,50.0,339.0,153.0,2421.0,2221.0,1780.0,441.0,200.0,63.0,51.0,86.0,0.63995986,8406.77716406,102.0,-34.0,2.42188
North Roland Park/Poplar Hill,170,3,1450.0,992.0,169.0,1.0,262.0,0,1.0,25.0,19.0,708.0,742.0,70.0,100.0,57.0,58.0,106.0,170.0,196.0,440.0,253.0,364.0,310.0,123.0,10.0,5.0,44.0,29.0,663.0,620.0,361.0,259.0,43.0,13.0,10.0,20.0,0.61312719,2364.92526665,196.0,33.0,2.33871006
Northwest Community Action,171,3,1896.0,18.0,1823.0,5.0,0.0,0,3.0,47.0,25.0,846.0,1050.0,129.0,199.0,92.0,86.0,226.0,196.0,233.0,508.0,227.0,415.0,110.0,39.0,52.0,13.0,253.0,116.0,782.0,616.0,326.0,290.0,166.0,39.0,11.0,116.0,0.11595587,16351.0475468,-184.0,-85.0,2.99025988
O'Donnell Heights,172,5,763.0,80.0,653.0,1.0,0.0,0,6.0,23.0,37.0,273.0,490.0,115.0,134.0,45.0,47.0,85.0,111.0,65.0,123.0,38.0,206.0,13.0,6.0,8.0,2.0,185.0,130.0,289.0,275.0,6.0,269.0,14.0,2.0,3.0,9.0,0.15790099,4832.1419006,-1311.0,-416.0,2.77454996
Oakenshawe,173,1,1144.0,823.0,130.0,2.0,134.0,1,18.0,36.0,50.0,604.0,540.0,49.0,53.0,18.0,15.0,280.0,218.0,169.0,249.0,93.0,180.0,132.0,55.0,16.0,7.0,32.0,14.0,575.0,505.0,262.0,243.0,70.0,30.0,17.0,23.0,0.06250668,18302.0420396,65.0,6.0,2.2653501
Oaklee,174,5,754.0,445.0,241.0,4.0,27.0,1,12.0,24.0,41.0,364.0,390.0,41.0,60.0,14.0,9.0,101.0,185.0,98.0,182.0,64.0,163.0,79.0,28.0,29.0,13.0,55.0,21.0,405.0,384.0,107.0,277.0,21.0,15.0,2.0,4.0,0.04074534,18505.1794228,1.0,-22.0,1.96353995
Oldtown,175,2,2658.0,35.0,2535.0,2.0,38.0,1,3.0,44.0,11.0,1068.0,1590.0,286.0,367.0,110.0,129.0,232.0,405.0,243.0,636.0,250.0,632.0,102.0,31.0,49.0,21.0,481.0,335.0,1231.0,1177.0,168.0,1009.0,54.0,28.0,9.0,17.0,0.16738106,15879.9328795,-883.0,-401.0,2.24809002
Oliver,176,4,4153.0,55.0,4016.0,6.0,11.0,1,8.0,56.0,39.0,1896.0,2257.0,302.0,342.0,172.0,228.0,460.0,455.0,460.0,1210.0,524.0,932.0,189.0,62.0,132.0,39.0,611.0,281.0,2514.0,1591.0,594.0,997.0,923.0,111.0,39.0,773.0,0.26293101,15795.0172638,-1320.0,-359.0,2.60778999
Orangeville,177,1,202.0,145.0,25.0,2.0,1.0,1,17.0,11.0,23.0,99.0,103.0,15.0,11.0,8.0,4.0,24.0,27.0,29.0,55.0,29.0,44.0,30.0,11.0,6.0,1.0,8.0,4.0,101.0,85.0,62.0,23.0,16.0,2.0,7.0,7.0,0.36951726,546.65916693,-80.0,1.0,2.35294008
Orangeville Industrial Area,178,3,0.0,0.0,0.0,0.0,0.0,0,0.0,0.0,0.0,0.0,0.0,0.0,0.0,0.0,0.0,0.0,0.0,0.0,0.0,0.0,0.0,0.0,0.0,0.0,0.0,0.0,0.0,0.0,0.0,0.0,0.0,0.0,0.0,0.0,0.0,0.44537248,0.0,0.0,0.0,0.0
Original Northwood,179,3,1241.0,465.0,684.0,7.0,14.0,1,25.0,45.0,55.0,645.0,596.0,72.0,76.0,29.0,33.0,84.0,186.0,148.0,400.0,213.0,280.0,181.0,70.0,22.0,6.0,77.0,31.0,545.0,518.0,376.0,142.0,27.0,6.0,8.0,13.0,0.17242944,7197.1466514,1.0,17.0,2.18146991
Otterbein,180,2,1823.0,1406.0,282.0,8.0,78.0,4,19.0,26.0,50.0,826.0,997.0,68.0,44.0,10.0,14.0,112.0,323.0,179.0,461.0,612.0,336.0,279.0,61.0,13.0,5.0,44.0,19.0,1275.0,1162.0,439.0,723.0,113.0,61.0,10.0,42.0,0.10251737,17782.3512566,-402.0,-59.0,1.56885004
Overlea,181,4,774.0,506.0,235.0,3.0,6.0,0,13.0,11.0,21.0,381.0,393.0,43.0,59.0,25.0,33.0,43.0,104.0,113.0,251.0,103.0,174.0,101.0,41.0,21.0,3.0,52.0,31.0,324.0,297.0,236.0,61.0,27.0,6.0,7.0,14.0,0.30430461,2543.50395506,63.0,14.0,2.52862
Panway/Braddish Avenue,182,4,1221.0,10.0,1197.0,1.0,0.0,2,0.0,11.0,4.0,508.0,713.0,62.0,90.0,63.0,60.0,123.0,129.0,151.0,359.0,184.0,313.0,102.0,31.0,26.0,10.0,185.0,77.0,574.0,507.0,343.0,164.0,67.0,22.0,8.0,37.0,0.08114838,15046.5096757,-21.0,-33.0,2.40827989
Park Circle,183,5,3153.0,65.0,3006.0,10.0,9.0,1,21.0,41.0,44.0,1463.0,1690.0,213.0,264.0,125.0,157.0,293.0,341.0,321.0,976.0,463.0,652.0,195.0,69.0,80.0,19.0,377.0,149.0,1560.0,1270.0,426.0,844.0,290.0,80.0,35.0,175.0,0.31055601,10152.7579256,-680.0,-174.0,2.44566988
Parklane,184,1,2049.0,46.0,1967.0,9.0,7.0,0,4.0,16.0,20.0,905.0,1144.0,176.0,197.0,77.0,92.0,231.0,289.0,215.0,523.0,249.0,509.0,151.0,54.0,64.0,23.0,294.0,154.0,814.0,719.0,324.0,395.0,95.0,36.0,6.0,53.0,0.12385896,16543.0087714,-80.0,-37.0,2.7246201
Parkside,185,5,2683.0,281.0,2231.0,10.0,88.0,0,14.0,59.0,28.0,1261.0,1422.0,178.0,240.0,101.0,110.0,329.0,408.0,369.0,777.0,171.0,694.0,278.0,114.0,74.0,26.0,342.0,165.0,1190.0,1113.0,575.0,538.0,77.0,40.0,12.0,25.0,0.11749987,22834.0669443,134.0,40.0,2.41059994
Parkview/Woodbrook,186,5,1981.0,35.0,1889.0,3.0,3.0,0,9.0,42.0,25.0,924.0,1057.0,156.0,157.0,89.0,105.0,220.0,227.0,242.0,602.0,183.0,407.0,114.0,37.0,58.0,26.0,235.0,109.0,1105.0,755.0,292.0,463.0,350.0,75.0,8.0,267.0,0.0985475,20101.9805228,-353.0,-144.0,2.61059999
Patterson Park,187,5,0.0,0.0,0.0,0.0,0.0,0,0.0,0.0,0.0,0.0,0.0,0.0,0.0,0.0,0.0,0.0,0.0,0.0,0.0,0.0,0.0,0.0,0.0,0.0,0.0,0.0,0.0,0.0,0.0,0.0,0.0,0.0,0.0,0.0,0.0,0.22589095,0.0,0.0,0.0,0.0
Patterson Place,188,4,1165.0,558.0,413.0,14.0,32.0,1,114.0,33.0,270.0,602.0,563.0,78.0,92.0,31.0,35.0,130.0,336.0,200.0,205.0,58.0,223.0,104.0,46.0,32.0,15.0,87.0,44.0,573.0,432.0,211.0,221.0,141.0,55.0,38.0,48.0,0.03800757,30651.7870622,-61.0,-8.0,2.68518996
Pen Lucy,189,1,3078.0,152.0,2838.0,16.0,4.0,3,20.0,45.0,43.0,1383.0,1695.0,245.0,265.0,117.0,140.0,331.0,455.0,384.0,826.0,315.0,680.0,211.0,75.0,86.0,38.0,383.0,201.0,1483.0,1250.0,438.0,812.0,233.0,160.0,24.0,49.0,0.17157715,17939.4508092,-184.0,-62.0,2.43440008
Penn North,190,1,1846.0,19.0,1780.0,3.0,5.0,0,4.0,35.0,10.0,849.0,997.0,153.0,154.0,82.0,95.0,201.0,228.0,243.0,467.0,223.0,392.0,109.0,51.0,54.0,15.0,229.0,95.0,1074.0,686.0,244.0,442.0,388.0,75.0,6.0,307.0,0.13520164,13653.6800368,-496.0,-164.0,2.69095993
Penn-Fallsway,191,3,6423.0,967.0,5374.0,5.0,9.0,3,52.0,13.0,147.0,5866.0,557.0,9.0,25.0,7.0,107.0,1524.0,1916.0,1434.0,1352.0,49.0,0.0,0.0,0.0,0.0,0.0,0.0,0.0,5.0,1.0,0.0,1.0,4.0,4.0,0.0,0.0,0.13446333,47767.6694277,0.0,0.0,1.0
Penrose/Fayette Street Outreach,192,5,3266.0,41.0,3167.0,11.0,2.0,0,4.0,41.0,22.0,1554.0,1712.0,203.0,278.0,131.0,151.0,364.0,346.0,341.0,926.0,526.0,737.0,202.0,43.0,106.0,23.0,429.0,167.0,1579.0,1174.0,540.0,634.0,405.0,63.0,16.0,326.0,0.35292928,9253.97836011,-542.0,-132.0,2.77256989
Perkins Homes,193,1,1649.0,26.0,1584.0,12.0,0.0,0,5.0,22.0,16.0,645.0,1004.0,200.0,305.0,94.0,98.0,194.0,265.0,151.0,279.0,63.0,411.0,32.0,15.0,24.0,10.0,355.0,282.0,636.0,614.0,3.0,611.0,22.0,16.0,0.0,6.0,0.03706349,44491.2210205,95.0,-44.0,2.68566989
Perring Loch,194,3,3014.0,116.0,2839.0,6.0,9.0,0,9.0,35.0,28.0,1327.0,1687.0,178.0,236.0,113.0,122.0,308.0,303.0,339.0,921.0,494.0,797.0,411.0,89.0,48.0,15.0,338.0,120.0,1164.0,1124.0,1005.0,119.0,40.0,4.0,8.0,28.0,0.21869692,13781.6293644,-108.0,32.0,2.68148994
Pimlico Good Neighbors,195,1,1102.0,30.0,1048.0,0.0,3.0,0,12.0,9.0,12.0,517.0,585.0,60.0,82.0,46.0,42.0,118.0,90.0,117.0,310.0,237.0,248.0,87.0,21.0,28.0,12.0,133.0,51.0,506.0,449.0,233.0,216.0,57.0,11.0,5.0,41.0,0.29570385,3726.70149703,-67.0,-37.0,2.41870999
Pleasant View Gardens,196,5,713.0,7.0,699.0,1.0,0.0,0,2.0,4.0,4.0,266.0,447.0,53.0,68.0,28.0,41.0,77.0,79.0,57.0,164.0,146.0,176.0,26.0,11.0,11.0,1.0,139.0,67.0,352.0,331.0,23.0,308.0,21.0,3.0,0.0,18.0,0.04600013,15499.9540726,-262.0,-61.0,2.15407991
Poppleton,197,5,3105.0,74.0,2980.0,8.0,4.0,0,8.0,31.0,25.0,1388.0,1717.0,267.0,372.0,134.0,149.0,313.0,406.0,295.0,803.0,366.0,674.0,111.0,39.0,60.0,26.0,503.0,305.0,1625.0,1263.0,209.0,1054.0,362.0,89.0,5.0,268.0,0.18214708,17046.6626935,-146.0,-27.0,2.33729004
Port Covington,198,5,0.0,0.0,0.0,0.0,0.0,0,0.0,0.0,0.0,0.0,0.0,0.0,0.0,0.0,0.0,0.0,0.0,0.0,0.0,0.0,0.0,0.0,0.0,0.0,0.0,0.0,0.0,0.0,0.0,0.0,0.0,0.0,0.0,0.0,0.0,0.33193435,0.0,0.0,0.0,0.0
Pulaski Industrial Area,199,1,123.0,76.0,25.0,0.0,1.0,0,16.0,5.0,27.0,62.0,61.0,11.0,6.0,3.0,4.0,14.0,29.0,11.0,27.0,18.0,30.0,15.0,4.0,3.0,2.0,12.0,6.0,184.0,55.0,28.0,27.0,129.0,11.0,3.0,115.0,1.96771433,62.5090736,41.0,19.0,2.23636007
Purnell,200,3,849.0,26.0,809.0,3.0,5.0,0,2.0,4.0,8.0,366.0,483.0,73.0,117.0,36.0,33.0,86.0,217.0,122.0,140.0,25.0,214.0,77.0,38.0,22.0,17.0,115.0,84.0,341.0,325.0,17.0,308.0,16.0,11.0,0.0,5.0,0.03875637,21906.071274,152.0,59.0,2.61230993
Radnor-Winston,201,2,684.0,419.0,230.0,1.0,11.0,0,5.0,18.0,22.0,312.0,372.0,39.0,72.0,21.0,14.0,94.0,44.0,107.0,193.0,100.0,150.0,101.0,49.0,8.0,3.0,41.0,24.0,239.0,229.0,163.0,66.0,10.0,3.0,2.0,5.0,0.07858822,8703.59402897,81.0,-30.0,2.54585003
Ramblewood,202,3,1705.0,100.0,1568.0,3.0,10.0,0,0.0,24.0,9.0,776.0,929.0,83.0,140.0,82.0,68.0,180.0,215.0,199.0,570.0,168.0,449.0,234.0,78.0,37.0,11.0,178.0,78.0,686.0,654.0,560.0,94.0,32.0,5.0,17.0,10.0,0.15585434,10939.7014838,-315.0,-110.0,2.60702991
Reisterstown Station,203,4,1968.0,131.0,1700.0,8.0,26.0,2,52.0,49.0,116.0,898.0,1070.0,113.0,144.0,65.0,83.0,210.0,285.0,246.0,602.0,220.0,483.0,203.0,69.0,44.0,14.0,236.0,88.0,912.0,840.0,349.0,491.0,72.0,57.0,5.0,10.0,0.45328545,4341.63504548,-23.0,8.0,2.32261991
Remington,204,3,2458.0,1440.0,643.0,8.0,213.0,0,63.0,91.0,113.0,1279.0,1179.0,120.0,155.0,71.0,70.0,394.0,608.0,323.0,533.0,184.0,463.0,232.0,76.0,70.0,27.0,161.0,69.0,1250.0,1072.0,521.0,551.0,178.0,70.0,32.0,76.0,0.24541272,10015.780656,157.0,100.0,2.29291009
Reservoir Hill,205,5,6140.0,522.0,5415.0,30.0,22.0,0,23.0,128.0,112.0,2862.0,3278.0,465.0,557.0,207.0,200.0,596.0,958.0,786.0,1857.0,514.0,1280.0,390.0,129.0,168.0,61.0,722.0,416.0,3840.0,2904.0,685.0,2219.0,936.0,393.0,114.0,429.0,0.30460629,20157.167167,-761.0,-166.0,2.10606002
Richnor Springs,206,3,676.0,6.0,649.0,8.0,2.0,0,0.0,11.0,2.0,288.0,388.0,38.0,70.0,26.0,27.0,55.0,83.0,80.0,185.0,112.0,164.0,53.0,16.0,18.0,3.0,93.0,36.0,297.0,256.0,169.0,87.0,41.0,24.0,2.0,15.0,0.03340118,20238.8004079,17.0,-6.0,2.64063
Ridgely's Delight,207,2,884.0,578.0,203.0,3.0,66.0,1,9.0,24.0,32.0,453.0,431.0,33.0,21.0,6.0,11.0,162.0,388.0,101.0,123.0,39.0,114.0,78.0,21.0,9.0,4.0,27.0,10.0,477.0,416.0,147.0,269.0,61.0,26.0,3.0,32.0,0.04905133,18021.9360179,-44.0,-5.0,2.125
Riverside,208,3,5671.0,5275.0,122.0,6.0,143.0,2,33.0,90.0,159.0,2847.0,2824.0,301.0,161.0,38.0,44.0,690.0,2163.0,867.0,987.0,420.0,1096.0,873.0,257.0,76.0,18.0,147.0,42.0,3116.0,2820.0,1799.0,1021.0,296.0,97.0,85.0,114.0,0.29520816,19210.1731659,212.0,204.0,2.00921988
Rognel Heights,209,1,1695.0,20.0,1632.0,9.0,6.0,0,5.0,23.0,24.0,767.0,928.0,73.0,116.0,53.0,71.0,148.0,146.0,212.0,462.0,414.0,463.0,185.0,38.0,54.0,9.0,224.0,76.0,724.0,668.0,529.0,139.0,56.0,18.0,12.0,26.0,0.16992194,9975.16825135,-459.0,-114.0,2.52694988
Roland Park,210,4,5269.0,4141.0,480.0,23.0,465.0,1,48.0,111.0,170.0,2427.0,2842.0,197.0,409.0,148.0,125.0,386.0,700.0,613.0,1344.0,1347.0,1062.0,936.0,402.0,31.0,16.0,95.0,44.0,2391.0,2188.0,1190.0,998.0,203.0,118.0,14.0,71.0,0.95749711,5502.88867003,573.0,-61.0,2.21891999
Rosebank,211,3,394.0,191.0,175.0,4.0,4.0,0,2.0,18.0,8.0,181.0,213.0,19.0,28.0,9.0,7.0,32.0,72.0,71.0,122.0,34.0,85.0,50.0,18.0,10.0,6.0,25.0,13.0,233.0,204.0,103.0,101.0,29.0,17.0,0.0,12.0,0.06613982,5957.07686225,-47.0,-33.0,1.91175997
Rosemont,212,4,3102.0,17.0,3021.0,5.0,3.0,0,10.0,46.0,22.0,1452.0,1650.0,301.0,399.0,167.0,151.0,327.0,428.0,292.0,741.0,296.0,710.0,163.0,54.0,98.0,26.0,449.0,238.0,1233.0,1031.0,468.0,563.0,202.0,76.0,16.0,110.0,0.17417469,17809.7052154,-35.0,-88.0,3.00872993
Rosemont East,213,2,1871.0,724.0,1032.0,19.0,30.0,1,10.0,55.0,28.0,882.0,989.0,78.0,172.0,75.0,94.0,152.0,273.0,245.0,553.0,229.0,446.0,235.0,92.0,47.0,25.0,164.0,82.0,888.0,808.0,472.0,336.0,80.0,28.0,7.0,45.0,0.2520888,7421.9875533,-19.0,-43.0,2.3155899
Rosemont Homeowners/Tenants,214,1,1460.0,14.0,1413.0,3.0,0.0,0,9.0,21.0,11.0,679.0,781.0,102.0,120.0,62.0,79.0,157.0,137.0,153.0,431.0,219.0,335.0,100.0,23.0,46.0,16.0,189.0,67.0,635.0,497.0,288.0,209.0,138.0,44.0,4.0,90.0,0.06302283,23166.2078656,-284.0,-94.0,2.93359994
Sabina-Mattfeldt,215,2,172.0,156.0,5.0,0.0,6.0,0,0.0,5.0,2.0,79.0,93.0,6.0,14.0,5.0,1.0,6.0,20.0,38.0,54.0,28.0,43.0,35.0,13.0,0.0,0.0,8.0,6.0,92.0,86.0,74.0,12.0,6.0,0.0,5.0,1.0,0.11814473,1455.841437,-21.0,-6.0,2.0
Saint Agnes,216,3,671.0,325.0,322.0,5.0,4.0,0,5.0,10.0,12.0,307.0,364.0,21.0,33.0,22.0,15.0,39.0,46.0,75.0,184.0,236.0,88.0,48.0,17.0,12.0,8.0,28.0,14.0,307.0,299.0,104.0,195.0,8.0,2.0,1.0,5.0,0.08329936,8055.28347013,42.0,53.0,1.76923
Saint Helena,217,5,602.0,496.0,55.0,6.0,0.0,5,18.0,22.0,41.0,276.0,326.0,43.0,43.0,21.0,22.0,60.0,91.0,81.0,174.0,67.0,142.0,80.0,27.0,16.0,11.0,46.0,20.0,251.0,230.0,144.0,86.0,21.0,8.0,6.0,7.0,0.05670624,10616.1155161,62.0,16.0,2.61738991
Saint Josephs,218,4,2032.0,35.0,1940.0,4.0,4.0,0,7.0,42.0,16.0,895.0,1137.0,125.0,191.0,94.0,81.0,193.0,233.0,203.0,585.0,327.0,517.0,154.0,38.0,63.0,15.0,300.0,105.0,848.0,720.0,507.0,213.0,128.0,42.0,19.0,67.0,0.13974825,14540.4320311,-237.0,-82.0,2.82222008
Saint Paul,219,2,107.0,98.0,6.0,0.0,0.0,0,0.0,3.0,3.0,55.0,52.0,9.0,14.0,5.0,3.0,8.0,19.0,16.0,24.0,9.0,23.0,13.0,9.0,3.0,1.0,7.0,2.0,49.0,41.0,20.0,21.0,8.0,3.0,0.0,5.0,0.10368359,1031.98584662,-61.0,-11.0,2.60976004
Sandtown-Winchester,220,5,8534.0,95.0,8304.0,7.0,20.0,0,13.0,95.0,51.0,3747.0,4787.0,694.0,886.0,352.0,429.0,997.0,1075.0,1023.0,2272.0,806.0,1901.0,398.0,139.0,233.0,84.0,1270.0,660.0,4096.0,3053.0,1186.0,1867.0,1043.0,156.0,34.0,853.0,0.40652175,20992.7262084,-720.0,-215.0,2.71535992
South Baltimore,221,2,3450.0,3070.0,195.0,9.0,69.0,1,47.0,59.0,138.0,1851.0,1599.0,135.0,107.0,40.0,49.0,536.0,1388.0,450.0,532.0,213.0,558.0,395.0,108.0,74.0,23.0,89.0,31.0,1787.0,1585.0,911.0,674.0,202.0,73.0,51.0,78.0,0.12980718,26577.8807513,-443.0,29.0,2.16719007
Seton Business Park,222,3,0.0,0.0,0.0,0.0,0.0,0,0.0,0.0,0.0,0.0,0.0,0.0,0.0,0.0,0.0,0.0,0.0,0.0,0.0,0.0,0.0,0.0,0.0,0.0,0.0,0.0,0.0,0.0,0.0,0.0,0.0,0.0,0.0,0.0,0.0,0.39103829,0.0,0.0,0.0,0.0
Seton Hill,223,4,1249.0,168.0,1036.0,5.0,14.0,0,1.0,25.0,30.0,513.0,736.0,104.0,106.0,33.0,49.0,139.0,204.0,142.0,354.0,118.0,248.0,62.0,20.0,15.0,3.0,171.0,116.0,731.0,646.0,100.0,546.0,85.0,49.0,8.0,28.0,0.07455378,16753.006214,-116.0,19.0,1.90711998
Sharp-Leadenhall,224,5,822.0,221.0,561.0,1.0,18.0,0,2.0,19.0,12.0,390.0,432.0,74.0,83.0,29.0,36.0,145.0,190.0,81.0,134.0,50.0,172.0,44.0,14.0,13.0,6.0,115.0,82.0,376.0,350.0,87.0,263.0,26.0,10.0,6.0,10.0,0.06906592,11901.6727092,34.0,40.0,2.3485701
Shipley Hill,225,4,2110.0,56.0,2008.0,2.0,8.0,2,3.0,31.0,9.0,991.0,1119.0,183.0,207.0,73.0,120.0,237.0,262.0,243.0,558.0,227.0,487.0,123.0,47.0,71.0,20.0,293.0,150.0,1097.0,724.0,254.0,470.0,373.0,47.0,24.0,302.0,0.18235058,11571.1173564,-344.0,-84.0,2.91436004
South Clifton Park,226,3,737.0,5.0,715.0,5.0,0.0,0,2.0,10.0,4.0,334.0,403.0,43.0,69.0,34.0,32.0,77.0,69.0,90.0,204.0,119.0,169.0,47.0,16.0,30.0,9.0,92.0,23.0,342.0,253.0,152.0,101.0,89.0,18.0,10.0,61.0,0.09437542,7809.23676145,-480.0,-124.0,2.91303992
Spring Garden Industrial Area,227,1,0.0,0.0,0.0,0.0,0.0,0,0.0,0.0,0.0,0.0,0.0,0.0,0.0,0.0,0.0,0.0,0.0,0.0,0.0,0.0,0.0,0.0,0.0,0.0,0.0,0.0,0.0,0.0,0.0,0.0,0.0,0.0,0.0,0.0,0.0,0.27022408,0.0,0.0,0.0,0.0
Stadium Area,228,3,0.0,0.0,0.0,0.0,0.0,0,0.0,0.0,0.0,0.0,0.0,0.0,0.0,0.0,0.0,0.0,0.0,0.0,0.0,0.0,0.0,0.0,0.0,0.0,0.0,0.0,0.0,0.0,0.0,0.0,0.0,0.0,0.0,0.0,0.0,0.16416508,0.0,0.0,0.0,0.0
Stonewood-Pentwood-Winston,229,1,1405.0,147.0,1208.0,4.0,7.0,0,10.0,29.0,31.0,540.0,865.0,58.0,73.0,28.0,36.0,600.0,138.0,93.0,217.0,162.0,228.0,96.0,21.0,22.0,7.0,110.0,36.0,351.0,322.0,237.0,85.0,29.0,16.0,3.0,10.0,0.09327047,15063.7170801,555.0,6.0,2.66459989
Taylor Heights,230,5,365.0,268.0,67.0,4.0,9.0,0,13.0,4.0,28.0,187.0,178.0,15.0,25.0,6.0,11.0,40.0,53.0,52.0,110.0,53.0,93.0,58.0,17.0,4.0,2.0,31.0,9.0,158.0,153.0,113.0,40.0,5.0,1.0,2.0,2.0,0.19123303,1908.66603587,41.0,16.0,2.38562011
Ten Hills,231,3,1416.0,529.0,792.0,1.0,30.0,5,15.0,44.0,40.0,673.0,743.0,81.0,102.0,55.0,46.0,152.0,231.0,182.0,427.0,140.0,347.0,228.0,94.0,25.0,15.0,94.0,52.0,683.0,649.0,278.0,371.0,34.0,9.0,7.0,18.0,0.33319536,4249.75904743,-178.0,-36.0,2.18181991
The Orchards,232,4,494.0,433.0,32.0,2.0,19.0,0,1.0,7.0,9.0,241.0,253.0,33.0,69.0,15.0,19.0,12.0,18.0,74.0,179.0,75.0,154.0,135.0,65.0,4.0,1.0,15.0,10.0,197.0,191.0,187.0,4.0,6.0,0.0,2.0,4.0,0.21114478,2339.62684403,33.0,3.0,2.58639001
Towanda-Grantley,233,1,1322.0,17.0,1284.0,4.0,0.0,0,1.0,16.0,6.0,638.0,684.0,86.0,116.0,41.0,57.0,151.0,149.0,171.0,389.0,162.0,320.0,92.0,18.0,43.0,11.0,185.0,82.0,613.0,460.0,209.0,251.0,153.0,39.0,10.0,104.0,0.13982165,9454.90193883,-88.0,-30.0,2.79999995
Tremont,234,2,958.0,58.0,882.0,2.0,3.0,2,2.0,9.0,4.0,434.0,524.0,59.0,86.0,40.0,31.0,137.0,154.0,104.0,279.0,68.0,247.0,92.0,27.0,22.0,9.0,133.0,68.0,422.0,389.0,204.0,185.0,33.0,18.0,2.0,13.0,0.03521631,27203.3026657,-37.0,-4.0,2.46271991
Tuscany-Canterbury,235,3,3413.0,2380.0,153.0,1.0,790.0,1,21.0,67.0,122.0,1609.0,1804.0,102.0,48.0,9.0,18.0,803.0,808.0,317.0,630.0,678.0,568.0,490.0,105.0,22.0,5.0,56.0,17.0,2370.0,2160.0,763.0,1397.0,210.0,115.0,21.0,74.0,0.14552273,23453.3803561,-34.0,-204.0,1.58009004
Union Square,236,3,1187.0,323.0,781.0,13.0,19.0,0,14.0,37.0,37.0,654.0,533.0,63.0,86.0,31.0,39.0,118.0,200.0,198.0,370.0,82.0,194.0,95.0,32.0,27.0,10.0,72.0,42.0,738.0,446.0,188.0,258.0,292.0,69.0,40.0,183.0,0.06631154,17900.3532826,-138.0,-94.0,2.30716991
University Of Maryland,237,1,387.0,204.0,93.0,2.0,77.0,0,2.0,9.0,12.0,197.0,190.0,5.0,6.0,3.0,3.0,101.0,183.0,38.0,42.0,6.0,23.0,14.0,1.0,2.0,2.0,7.0,3.0,287.0,229.0,4.0,225.0,58.0,25.0,0.0,33.0,0.15100451,2562.83726472,-828.0,-109.0,1.35371005
Uplands,238,5,820.0,15.0,790.0,1.0,6.0,0,2.0,6.0,10.0,354.0,466.0,54.0,75.0,32.0,37.0,79.0,89.0,90.0,255.0,109.0,208.0,93.0,32.0,11.0,5.0,104.0,39.0,325.0,301.0,240.0,61.0,24.0,4.0,7.0,13.0,0.19784931,4144.56834652,-1703.0,-838.0,2.72425007
Upper Fells Point,239,2,3851.0,2904.0,264.0,13.0,142.0,1,387.0,140.0,832.0,1994.0,1857.0,227.0,139.0,50.0,55.0,503.0,1298.0,635.0,666.0,278.0,678.0,444.0,167.0,101.0,27.0,133.0,55.0,2157.0,1797.0,933.0,864.0,360.0,112.0,89.0,159.0,0.12729489,30252.5872805,-338.0,-89.0,2.14301991
Upton,240,3,5746.0,78.0,5546.0,13.0,8.0,3,20.0,78.0,73.0,2508.0,3238.0,559.0,750.0,251.0,262.0,634.0,700.0,584.0,1353.0,653.0,1191.0,201.0,85.0,133.0,55.0,857.0,538.0,3232.0,2406.0,329.0,2077.0,826.0,149.0,20.0,657.0,0.29300458,19610.614402,-575.0,-257.0,2.37157011
Villages Of Homeland,241,1,562.3255,428.8685,66.3225,0.5235,50.9465,0,4.047,11.6175,20.7585,210.102,352.2235,18.7585,22.7585,3.5235,9.047,181.666,88.6045,72.3225,125.175,40.47,71.658,49.47,19.188,3.0,3.0,19.188,11.141,316.995,289.619,165.0745,124.5445,27.376,14.188,4.5705,8.6175,0.03167454,17753.2283497,312.32598876,115.61900329,1.93792998
Violetville,242,2,2506.0,2056.0,307.0,8.0,42.0,4,24.0,65.0,72.0,1094.0,1412.0,145.0,140.0,81.0,71.0,159.0,376.0,289.0,549.0,696.0,530.0,352.0,126.0,61.0,25.0,117.0,56.0,1156.0,1083.0,708.0,375.0,73.0,23.0,22.0,28.0,0.59282329,4227.22929121,-171.0,-15.0,2.13111996
Wakefield,243,3,1772.0,68.0,1643.0,4.0,13.0,0,17.0,27.0,33.0,713.0,1059.0,135.0,154.0,54.0,70.0,225.0,266.0,185.0,465.0,218.0,384.0,89.0,34.0,44.0,22.0,251.0,155.0,1037.0,948.0,24.0,924.0,89.0,75.0,1.0,13.0,0.27299516,6490.95736517,0.0,-22.0,1.86919999
Walbrook,244,5,2443.0,37.0,2374.0,3.0,5.0,0,1.0,23.0,19.0,1154.0,1289.0,138.0,203.0,79.0,135.0,252.0,262.0,268.0,713.0,393.0,532.0,164.0,43.0,60.0,22.0,308.0,123.0,1151.0,916.0,466.0,450.0,235.0,103.0,29.0,103.0,0.19943231,12249.7703386,-367.0,-181.0,2.58951997
Waltherson,245,2,6980.0,1982.0,4683.0,13.0,78.0,1,67.0,156.0,130.0,3292.0,3688.0,421.0,624.0,298.0,315.0,650.0,946.0,1033.0,2096.0,597.0,1662.0,933.0,365.0,166.0,71.0,563.0,275.0,2953.0,2614.0,2024.0,590.0,339.0,86.0,69.0,184.0,0.73918769,9442.79788403,172.0,5.0,2.66106009
Washington Hill,246,5,1969.0,590.0,1046.0,17.0,124.0,2,122.0,68.0,248.0,939.0,1030.0,121.0,132.0,55.0,38.0,211.0,483.0,299.0,493.0,137.0,373.0,166.0,57.0,39.0,11.0,168.0,89.0,1060.0,914.0,372.0,542.0,146.0,83.0,20.0,43.0,0.15719587,12525.7739492,57.0,103.0,2.09190011
Washington Village/Pigtown,247,1,5116.0,2034.0,2611.0,12.0,265.0,1,60.0,133.0,177.0,2550.0,2566.0,380.0,409.0,141.0,185.0,553.0,1130.0,738.0,1155.0,425.0,1089.0,450.0,167.0,139.0,48.0,500.0,269.0,2720.0,2093.0,1028.0,1065.0,627.0,159.0,108.0,360.0,0.32680271,15654.70476,-294.0,55.0,2.39895009
Waverly,248,3,2789.0,431.0,2219.0,8.0,46.0,1,26.0,58.0,71.0,1296.0,1493.0,196.0,228.0,111.0,121.0,304.0,461.0,332.0,787.0,249.0,646.0,236.0,80.0,64.0,26.0,346.0,155.0,1269.0,1079.0,638.0,441.0,190.0,88.0,22.0,80.0,0.15461006,18038.9290164,-386.0,-10.0,2.5848
West Arlington,249,3,2041.0,22.0,1973.0,6.0,4.0,0,16.0,20.0,27.0,951.0,1090.0,105.0,136.0,69.0,100.0,211.0,195.0,246.0,636.0,343.0,497.0,211.0,58.0,46.0,17.0,240.0,90.0,895.0,757.0,451.0,306.0,138.0,33.0,12.0,93.0,0.27270878,7484.17399002,-208.0,-83.0,2.68032002
West Forest Park,250,5,2408.0,89.0,2271.0,5.0,4.0,0,10.0,29.0,26.0,1036.0,1372.0,180.0,217.0,82.0,82.0,272.0,334.0,284.0,633.0,324.0,633.0,203.0,68.0,53.0,20.0,377.0,198.0,1149.0,1014.0,388.0,626.0,135.0,63.0,9.0,63.0,0.37241143,6465.96692132,-124.0,-12.0,2.37474989
West Hills,251,5,2159.0,139.0,1980.0,1.0,15.0,0,5.0,19.0,16.0,931.0,1228.0,119.0,173.0,91.0,105.0,192.0,235.0,256.0,667.0,321.0,542.0,253.0,91.0,37.0,11.0,252.0,114.0,970.0,936.0,567.0,369.0,34.0,11.0,6.0,17.0,0.33508615,6443.11899672,2.0,31.0,2.30661988
Westfield,252,5,3141.0,1585.0,1377.0,13.0,42.0,4,26.0,94.0,110.0,1502.0,1639.0,203.0,284.0,102.0,150.0,233.0,429.0,523.0,890.0,327.0,799.0,470.0,198.0,73.0,29.0,256.0,120.0,1386.0,1243.0,989.0,254.0,143.0,31.0,47.0,65.0,0.42892015,7323.04126966,-69.0,-37.0,2.51487994
Westgate,253,2,2683.0,709.0,1882.0,9.0,20.0,1,11.0,51.0,30.0,1268.0,1415.0,184.0,233.0,90.0,105.0,264.0,430.0,370.0,709.0,298.0,664.0,319.0,120.0,79.0,34.0,266.0,148.0,1145.0,1087.0,512.0,575.0,58.0,35.0,7.0,16.0,0.33289083,8059.69920067,-191.0,-58.0,2.35695004
Westport,254,3,1593.0,165.0,1370.0,8.0,7.0,0,7.0,36.0,17.0,715.0,878.0,137.0,203.0,75.0,74.0,186.0,224.0,171.0,367.0,156.0,395.0,88.0,30.0,43.0,17.0,264.0,143.0,696.0,552.0,160.0,392.0,144.0,23.0,10.0,111.0,0.4977407,3200.46157083,-591.0,-172.0,2.88586997
Wilson Park,255,2,632.3202,13.3254,597.9948,2.0,7.0,0,1.0,11.0,3.0,283.463,348.8572,42.6508,54.0926,34.9881,28.5463,73.418,80.418,63.8717,174.8122,79.5225,147.7196,56.0926,15.8836,21.4418,5.2209,70.1852,37.209,258.9974,223.6839,143.8241,79.8598,35.3135,14.2209,2.0,19.0926,0.09373605,6745.75209613,-53.51060104,-18.42989921,2.8125
Winchester,256,2,1420.0,16.0,1373.0,4.0,0.0,0,5.0,22.0,12.0,643.0,777.0,120.0,140.0,64.0,70.0,164.0,189.0,163.0,333.0,177.0,333.0,92.0,32.0,39.0,9.0,202.0,95.0,613.0,492.0,238.0,254.0,121.0,28.0,3.0,90.0,0.08312807,17082.0753147,-127.0,-54.0,2.88617992
Windsor Hills,257,2,1552.0,81.0,1435.0,4.0,3.0,1,2.0,26.0,15.0,701.0,851.0,96.0,104.0,69.0,63.0,159.0,151.0,184.0,470.0,256.0,389.0,182.0,58.0,38.0,15.0,169.0,60.0,723.0,618.0,407.0,211.0,105.0,23.0,22.0,60.0,0.23422538,6626.09647903,-297.0,-94.0,2.50809001
Winston-Govans,258,1,1341.0,74.0,1218.0,10.0,2.0,0,5.0,32.0,26.0,601.0,740.0,99.0,138.0,50.0,67.0,149.0,153.0,178.0,353.0,154.0,288.0,117.0,49.0,25.0,11.0,146.0,64.0,582.0,475.0,271.0,204.0,107.0,32.0,11.0,64.0,0.1132634,11839.658135,-113.0,-23.0,2.82315993
Woodberry,259,2,1406.0,953.0,349.0,11.0,31.0,0,14.0,48.0,56.0,659.0,747.0,62.0,64.0,18.0,21.0,74.0,311.0,229.0,350.0,277.0,266.0,173.0,47.0,30.0,9.0,63.0,22.0,728.0,615.0,360.0,255.0,113.0,87.0,5.0,21.0,0.5318207,2643.74813507,295.0,175.0,2.00487995
Woodbourne Heights,260,1,1795.0,48.0,1674.0,0.0,10.0,0,17.0,46.0,38.0,781.0,1014.0,119.0,129.0,62.0,57.0,242.0,256.0,189.0,551.0,190.0,436.0,178.0,44.0,43.0,16.0,215.0,103.0,853.0,786.0,311.0,475.0,67.0,52.0,3.0,12.0,0.13455785,13339.9868277,-10.0,-12.0,2.27607989
Woodbourne-McCabe,261,2,908.0,20.0,864.0,3.0,1.0,0,5.0,15.0,10.0,389.0,519.0,75.0,96.0,40.0,45.0,105.0,122.0,102.0,209.0,114.0,211.0,77.0,28.0,24.0,12.0,110.0,49.0,378.0,300.0,178.0,122.0,78.0,12.0,8.0,58.0,0.07515329,12081.971645,-167.0,-24.0,3.02666997
Woodmere,262,1,2080.0,46.0,1995.0,1.0,7.0,0,4.0,27.0,18.0,901.0,1179.0,111.0,141.0,86.0,98.0,188.0,216.0,251.0,631.0,358.0,555.0,223.0,52.0,49.0,12.0,283.0,103.0,914.0,821.0,571.0,250.0,93.0,25.0,9.0,59.0,0.25838889,8049.88151809,-225.0,-14.0,2.52497005
Wyman Park,263,1,1141.0,1016.0,25.0,1.0,74.0,0,3.0,22.0,30.0,569.0,572.0,65.0,48.0,18.0,12.0,79.0,312.0,194.0,283.0,130.0,246.0,197.0,66.0,17.0,8.0,32.0,16.0,679.0,610.0,412.0,198.0,69.0,42.0,3.0,24.0,0.1103614,10338.7589363,-80.0,-41.0,1.87048995
Wyndhurst,264,2,702.0,616.0,31.0,0.0,24.0,0,4.0,27.0,24.0,338.0,364.0,42.0,78.0,27.0,21.0,30.0,79.0,131.0,212.0,82.0,166.0,134.0,75.0,9.0,4.0,23.0,12.0,343.0,312.0,182.0,130.0,31.0,11.0,3.0,17.0,0.30378345,2310.8565843,-100.0,-52.0,2.25
Yale Heights,265,5,2500.0,196.0,2202.0,12.0,27.0,2,31.0,30.0,41.0,1128.0,1372.0,186.0,243.0,106.0,95.0,315.0,391.0,350.0,641.0,173.0,647.0,248.0,87.0,57.0,27.0,342.0,180.0,1141.0,995.0,488.0,507.0,146.0,73.0,4.0,69.0,0.19212479,13012.3758027,-391.0,-120.0,2.51255989
Lower Edmondson Village,266,4,446.0,0.0,442.0,0.0,0.0,0,0.0,4.0,3.0,188.0,258.0,27.0,51.0,15.0,27.0,50.0,51.0,39.0,127.0,59.0,100.0,23.0,7.0,11.0,5.0,66.0,23.0,169.0,134.0,83.0,51.0,35.0,7.0,5.0,23.0,0.02258613,19746.624162,-34.0,-33.0,3.32836008
Wilhelm Park,267,1,534.0,401.0,86.0,10.0,12.0,1,14.0,10.0,23.0,257.0,277.0,24.0,50.0,18.0,9.0,52.0,92.0,69.0,167.0,53.0,124.0,79.0,24.0,10.0,6.0,35.0,12.0,235.0,215.0,133.0,82.0,20.0,4.0,8.0,8.0,0.44557997,1198.43806835,30.0,6.0,2.48372006
Edgewood,268,5,2399.0,20.0,2330.0,15.0,1.0,4,6.0,23.0,20.0,1059.0,1340.0,162.0,248.0,96.0,128.0,291.0,257.0,249.0,624.0,344.0,587.0,186.0,47.0,54.0,16.0,347.0,137.0,922.0,765.0,489.0,276.0,157.0,42.0,17.0,98.0,0.10384713,23101.2634872,-229.0,-66.0,3.13203001
Evesham Park,269,5,709.0,261.0,404.0,2.0,13.0,3,5.0,21.0,26.0,334.0,375.0,60.0,58.0,17.0,10.0,106.0,139.0,103.0,180.0,36.0,167.0,73.0,31.0,19.0,8.0,75.0,49.0,360.0,332.0,147.0,185.0,28.0,8.0,3.0,17.0,0.07342968,9655.49614788,32.0,-10.0,2.11747002
Belvedere,270,1,720.0,234.0,466.0,1.0,4.0,0,4.0,11.0,6.0,339.0,381.0,39.0,57.0,24.0,25.0,47.0,114.0,86.0,242.0,86.0,193.0,116.0,36.0,6.0,3.0,71.0,36.0,325.0,292.0,246.0,46.0,33.0,3.0,9.0,21.0,0.10364187,6946.99905265,0.0,-15.0,2.46574997
Wrenlane,271,4,628.6798,12.6746,603.0052,4.0,0.0,0,1.0,8.0,12.0,286.537,342.1428,51.3492,63.9074,30.0119,35.4537,58.582,80.582,59.1283,161.1878,88.4775,165.2804,54.9074,16.1164,11.5582,3.7791,98.8148,49.791,260.0026,221.3161,146.1759,75.1402,38.6865,5.7791,2.0,30.9074,0.02884858,21792.3929137,-41.48939895,0.42989999,2.84614992
York-Homeland,272,3,482.6745,198.1315,239.6775,0.4765,31.0535,0,4.953,8.3825,10.2415,204.898,277.7765,17.2415,24.2415,5.4765,4.953,83.334,40.3955,47.6775,129.825,129.53,54.342,37.53,9.812,3.0,1.0,13.812,6.859,322.005,300.381,66.9255,233.4555,21.624,15.812,2.4295,3.3825,0.02343313,20597.9469862,0.0,0.0,1.61000001
CARE,273,2,1151.0,102.0,969.0,1.0,47.0,5,10.0,17.0,41.0,518.0,633.0,76.0,84.0,34.0,50.0,109.0,144.0,148.0,287.0,219.0,248.0,77.0,23.0,30.0,13.0,141.0,56.0,693.0,501.0,158.0,343.0,192.0,65.0,20.0,107.0,0.08474102,13582.5589072,-714.0,-207.0,2.24950003
Downtown West,274,4,366.0,246.0,48.0,1.0,50.0,0,4.0,17.0,21.0,203.0,163.0,2.0,0.0,0.0,0.0,87.0,185.0,54.0,36.0,2.0,34.0,32.0,2.0,1.0,0.0,1.0,0.0,306.0,265.0,2.0,263.0,41.0,27.0,1.0,13.0,0.10969806,3336.43089331,245.0,183.0,1.34716999
Belair-Edison,275,1,16690.0,1338.0,14958.0,38.0,81.0,1,77.0,197.0,199.0,7500.0,9190.0,1134.0,1734.0,794.0,873.0,1825.0,2251.0,2145.0,4675.0,1259.0,4157.0,1457.0,491.0,382.0,155.0,2318.0,1191.0,6710.0,5986.0,4107.0,1879.0,724.0,238.0,104.0,382.0,0.82495409,20231.4288208,167.0,-37.0,2.78666996
Four By Four,276,4,1261.0,27.0,1197.0,1.0,3.0,0,10.0,23.0,16.0,587.0,674.0,104.0,164.0,65.0,64.0,157.0,175.0,167.0,256.0,109.0,300.0,83.0,35.0,28.0,14.0,189.0,101.0,463.0,391.0,192.0,199.0,72.0,35.0,9.0,28.0,0.07081031,17808.1410683,-363.0,-113.0,3.22505998
Charles Village,277,5,8255.0,4802.0,1288.0,19.0,1686.0,8,142.0,310.0,450.0,4320.0,3935.0,146.0,58.0,26.0,42.0,3917.0,1792.0,731.0,1086.0,457.0,612.0,454.0,111.0,55.0,12.0,103.0,53.0,4265.0,3725.0,619.0,3106.0,540.0,372.0,30.0,138.0,0.26335189,31345.8915316,904.0,-724.0,2.21610999
Old Goucher,278,4,1046.0,235.0,711.0,6.0,38.0,4,19.0,33.0,45.0,593.0,453.0,18.0,25.0,15.0,14.0,72.0,237.0,153.0,393.0,119.0,83.0,30.0,7.0,21.0,7.0,32.0,18.0,405.0,344.0,17.0,327.0,61.0,33.0,4.0,24.0,0.05792496,18057.8429965,470.0,98.0,1.61627995
