rownumber,activity_year,loan_type,action_taken_type,state,county,msa,respondentID,agency_code,nLenders,nLoans,amtLoans,nLoansToSmallest,amtLoansToSmallest
6892,2017,4,1,24.0,510.0,12580.0,31286,3,,17,7264000,9,3770000
6893,2017,4,1,24.0,510.0,12580.0,23880,1,,1,250000,0,0
6894,2017,4,1,24.0,510.0,12580.0,27471,3,,3,20000,0,0
6895,2017,4,1,24.0,510.0,12580.0,715648,1,,2053,28351000,1060,11423000
6896,2017,4,1,24.0,510.0,12580.0,20504,3,,44,583000,0,0
6897,2017,4,1,24.0,510.0,12580.0,24425,1,,1,150000,0,0
6898,2017,4,1,24.0,510.0,12580.0,13044,1,,1121,31939000,611,8741000
6899,2017,4,1,24.0,510.0,12580.0,3514,3,,8,788000,0,0
6900,2017,4,1,24.0,510.0,12580.0,25028,1,,1,800000,0,0
6901,2017,4,1,24.0,510.0,12580.0,17514,3,,1,139000,1,139000
6902,2017,4,1,24.0,510.0,12580.0,23216,1,,294,6501000,0,0
6903,2017,4,1,24.0,510.0,12580.0,90160,3,,3,2025000,0,0
6904,2017,4,1,24.0,510.0,12580.0,14583,1,,19,1264000,0,0
6905,2017,4,1,24.0,510.0,12580.0,23504,2,,1,500000,1,500000
6906,2017,4,1,24.0,510.0,12580.0,716456,1,,14,1005000,9,230000
6907,2017,4,1,24.0,510.0,12580.0,13679,1,,1,175000,0,0
6908,2017,4,1,24.0,510.0,12580.0,9846,3,,139,13355000,97,4673000
6909,2017,4,1,24.0,510.0,12580.0,24828,1,,865,5520000,447,2940000
6910,2017,4,1,24.0,510.0,12580.0,13688,1,,9,1114000,6,113000
6911,2017,4,1,24.0,510.0,12580.0,23160,1,,931,10104000,540,6322000
6912,2017,4,1,24.0,510.0,12580.0,25079,1,,27,1208000,0,0
6913,2017,4,1,24.0,510.0,12580.0,1461,1,,593,3149000,465,2330000
6914,2017,4,1,24.0,510.0,12580.0,24571,1,,39,1980000,39,1980000
6915,2017,4,1,24.0,510.0,12580.0,60143,2,,1,100000,0,0
6916,2017,4,1,24.0,510.0,12580.0,601050,2,,1,5000,0,0
6917,2017,4,1,24.0,510.0,12580.0,2652092,2,,8,3730000,2,950000
6918,2017,4,1,24.0,510.0,12580.0,11063,3,,3,244000,1,75000
6919,2017,4,1,24.0,510.0,12580.0,209,1,,5,98000,0,0
6920,2017,4,1,24.0,510.0,12580.0,249,1,,37,7417000,18,2782000
6921,2017,4,1,24.0,510.0,12580.0,24891,1,,3,550000,2,450000
6922,2017,4,1,24.0,510.0,12580.0,57776,3,,31,9761000,18,5726000
6923,2017,4,1,24.0,510.0,12580.0,24522,1,,11,325000,0,0
6924,2017,4,1,24.0,510.0,12580.0,715685,1,,4,36000,0,0
6925,2017,4,1,24.0,510.0,12580.0,8,1,,17,717000,0,0
6926,2017,4,1,24.0,510.0,12580.0,14761,1,,1,13000,0,0
6927,2017,4,1,24.0,510.0,12580.0,25149,1,,70,2725000,0,0
6928,2017,4,1,24.0,510.0,12580.0,501105,2,,148,29979000,75,7528000
6929,2017,4,1,24.0,510.0,12580.0,705902,1,,50,1132000,0,0
6930,2017,4,1,24.0,510.0,12580.0,24981,1,,1,250000,0,0
6931,2017,4,1,24.0,510.0,12580.0,27599,3,,2,511000,0,0
6932,2017,4,1,24.0,510.0,12580.0,8846,1,,1,800000,0,0
6933,2017,4,1,24.0,510.0,12580.0,57408,3,,2,322000,0,0
6934,2017,4,1,24.0,510.0,12580.0,13879,3,,26,5421000,13,3328000
6935,2017,4,1,24.0,510.0,12580.0,1316,1,,602,36994000,330,8454000
6936,2017,4,1,24.0,510.0,12580.0,24914,1,,1,995000,0,0
6937,2017,4,1,24.0,510.0,12580.0,23627,3,,14,1397000,0,0
6938,2017,4,1,24.0,510.0,12580.0,506922,2,,42,8662000,4,371000
6939,2017,4,1,24.0,510.0,12580.0,25022,1,,2,90000,1,40000
6940,2017,4,1,24.0,510.0,12580.0,802866,2,,15,2610000,8,705000
6941,2017,4,1,24.0,510.0,12580.0,3325759,2,,1,600000,0,0
6942,2017,4,1,24.0,510.0,12580.0,22327,3,,1,403000,1,403000
6943,2017,4,1,24.0,510.0,12580.0,57870,3,,7,648000,1,146000
6944,2017,4,1,24.0,510.0,12580.0,714640,1,,4,142000,2,77000
6945,2017,4,1,24.0,510.0,12580.0,15576,1,,7,853000,1,350000
6946,2017,4,1,24.0,510.0,12580.0,675332,2,,152,9897000,84,1524000
6947,2017,4,1,24.0,510.0,12580.0,715044,1,,226,663000,0,0
6948,2017,4,1,24.0,510.0,12580.0,23498,3,,5,235000,0,0
6949,2017,4,1,24.0,510.0,12580.0,23253,1,,4,227000,0,0
6950,2017,4,1,24.0,510.0,12580.0,24096,1,,17,379000,14,256000
6951,2017,4,1,24.0,510.0,12580.0,23248,1,,50,484000,14,98000
6952,2017,4,1,24.0,510.0,12580.0,528960,2,,1,10000,1,10000
6953,2017,4,1,24.0,510.0,12580.0,16820,3,,1,1000000,0,0
6954,2017,4,1,24.0,510.0,12580.0,27244,3,,27,9036000,10,4791000
6955,2017,4,1,24.0,510.0,12580.0,715115,1,,2,3000,2,3000
6956,2017,4,1,24.0,510.0,12580.0,35095,3,,1,255000,1,255000
6957,2017,4,1,24.0,510.0,12580.0,58457,3,,2,700000,0,0
6958,2017,4,1,24.0,510.0,12580.0,90290,3,,1,600000,0,0
6959,2017,4,1,24.0,510.0,12580.0,365325,2,,1,640000,0,0
6960,2017,4,1,24.0,510.0,12580.0,24,1,,324,3161000,243,1829000
6961,2017,4,1,24.0,510.0,12580.0,15790,1,,1,350000,1,350000
6962,2017,4,1,24.0,510.0,12580.0,3253571,2,,5,2851000,3,1351000
6963,2017,4,1,24.0,510.0,12580.0,1,1,,529,23159000,375,11680000
6964,2017,4,1,24.0,510.0,12580.0,34697,3,,125,931000,0,0
6965,2017,4,1,24.0,510.0,12580.0,16892,1,,2,7000,2,7000
6966,2017,4,1,24.0,510.0,12580.0,707938,1,,6,1449000,6,1449000
6967,2017,4,1,24.0,510.0,12580.0,1161029,2,,5,2663000,3,2063000
2418,2017,4,6,24.0,510.0,12580.0,3284070,2,,97,3330000,0,0
2419,2017,4,6,24.0,510.0,12580.0,20504,3,,2,50000,0,0
2420,2017,4,6,24.0,510.0,12580.0,23216,1,,3,35000,0,0
2421,2017,4,6,24.0,510.0,12580.0,24466,1,,1,12000,0,0
2422,2017,4,6,24.0,510.0,12580.0,25079,1,,6,336000,0,0
2423,2017,4,6,24.0,510.0,12580.0,57135,3,,1,170000,1,170000
2424,2017,4,6,24.0,510.0,12580.0,23574,1,,3,121000,0,0
2425,2017,4,6,24.0,510.0,12580.0,2119773,2,,3,117000,0,0
2426,2017,4,6,24.0,510.0,12580.0,25149,1,,6,9000,0,0
2427,2017,4,6,24.0,510.0,12580.0,2339795,2,,4,153000,0,0
2428,2017,4,6,24.0,510.0,12580.0,2938198,2,,5,656000,0,0
2429,2017,4,6,24.0,510.0,12580.0,19690,3,,1,235000,0,0
2430,2017,4,6,24.0,510.0,12580.0,24646,1,,5,761000,0,0
2431,2017,4,6,24.0,510.0,12580.0,24914,1,,5,1073000,0,0
2432,2017,4,6,24.0,510.0,12580.0,24150,1,,3,85000,0,0
2433,2017,4,6,24.0,510.0,12580.0,57053,3,,1,250000,0,0
2434,2017,4,6,24.0,510.0,12580.0,428547,2,,5,77000,0,0
2435,2017,4,6,24.0,510.0,12580.0,595430,2,,6,45000,0,0
2436,2017,4,6,24.0,510.0,12580.0,15576,1,,3,211000,0,0
2437,2017,4,6,24.0,510.0,12580.0,23253,1,,2,862000,0,0
2438,2017,4,6,24.0,510.0,12580.0,23248,1,,28,212000,1,1000
2439,2017,4,6,24.0,510.0,12580.0,2693264,2,,7,71000,0,0
2440,2017,4,6,24.0,510.0,12580.0,13421,3,,1,500000,1,500000
2441,2017,4,6,24.0,510.0,12580.0,2298995,2,,1,63000,0,0
2442,2017,4,6,24.0,510.0,12580.0,1,1,,7,332000,0,0
2443,2017,4,6,24.0,510.0,12580.0,2044811,2,,2,21000,0,0
2444,2017,4,6,24.0,510.0,12580.0,2239288,2,,14,281000,0,0
1291,2017,5,1,24.0,510.0,12580.0,13044,1,,2,7000,1,4000
1292,2017,5,1,24.0,510.0,12580.0,23160,1,,2,13000,1,12000
1293,2017,5,1,24.0,510.0,12580.0,25103,3,,1,200000,1,200000
1294,2017,5,1,24.0,510.0,12580.0,715685,1,,1,14000,0,0
1295,2017,5,1,24.0,510.0,12580.0,16958,3,,1,225000,1,225000
6766,2016,4,1,24.0,510.0,12580.0,31286,3,,32,11657000,22,7687000
6767,2016,4,1,24.0,510.0,12580.0,23880,1,,1,593000,1,593000
6768,2016,4,1,24.0,510.0,12580.0,27471,3,,4,157000,0,0
6769,2016,4,1,24.0,510.0,12580.0,715648,1,,2037,24486000,1304,11938000
6770,2016,4,1,24.0,510.0,12580.0,25080,1,,2,141000,0,0
6771,2016,4,1,24.0,510.0,12580.0,18408,3,,1,570000,0,0
6772,2016,4,1,24.0,510.0,12580.0,13044,1,,969,21986000,590,6193000
6773,2016,4,1,24.0,510.0,12580.0,26610,3,,2,891000,2,891000
6774,2016,4,1,24.0,510.0,12580.0,3514,3,,6,568000,0,0
6775,2016,4,1,24.0,510.0,12580.0,25028,1,,2,197000,2,197000
6776,2016,4,1,24.0,510.0,12580.0,23216,1,,352,11276000,0,0
6777,2016,4,1,24.0,510.0,12580.0,14583,1,,21,1685000,0,0
6778,2016,4,1,24.0,510.0,12580.0,716456,1,,12,623000,9,164000
6779,2016,4,1,24.0,510.0,12580.0,9846,3,,253,19785000,185,6240000
6780,2016,4,1,24.0,510.0,12580.0,11578,3,,1,157000,1,157000
6781,2016,4,1,24.0,510.0,12580.0,24828,1,,857,5607000,524,3113000
6782,2016,4,1,24.0,510.0,12580.0,13688,1,,29,3624000,8,258000
6783,2016,4,1,24.0,510.0,12580.0,23160,1,,713,7684000,0,0
6784,2016,4,1,24.0,510.0,12580.0,25079,1,,27,1432000,0,0
6785,2016,4,1,24.0,510.0,12580.0,1461,1,,597,3034000,476,1980000
6786,2016,4,1,24.0,510.0,12580.0,24571,1,,38,1593000,34,1209000
6787,2016,4,1,24.0,510.0,12580.0,57570,3,,3,46000,0,0
6788,2016,4,1,24.0,510.0,12580.0,60143,2,,1,30000,0,0
6789,2016,4,1,24.0,510.0,12580.0,30903,3,,1,178000,1,178000
6790,2016,4,1,24.0,510.0,12580.0,2354985,2,,1,553000,0,0
6791,2016,4,1,24.0,510.0,12580.0,5649,3,,3,7000,3,7000
6792,2016,4,1,24.0,510.0,12580.0,2652092,2,,8,3000000,2,275000
6793,2016,4,1,24.0,510.0,12580.0,715115,1,,3,8000,3,8000
6794,2016,4,1,24.0,510.0,12580.0,12517,3,,1,550000,1,550000
6795,2016,4,1,24.0,510.0,12580.0,11063,3,,3,375000,1,250000
6796,2016,4,1,24.0,510.0,12580.0,209,1,,2,22000,0,0
6797,2016,4,1,24.0,510.0,12580.0,249,1,,35,8468000,13,2621000
6798,2016,4,1,24.0,510.0,12580.0,59017,3,,1,90000,1,90000
6799,2016,4,1,24.0,510.0,12580.0,24891,1,,1,358000,0,0
6800,2016,4,1,24.0,510.0,12580.0,24170,3,,1,383000,1,383000
6801,2016,4,1,24.0,510.0,12580.0,57776,3,,21,5931000,15,3829000
6802,2016,4,1,24.0,510.0,12580.0,24522,1,,1,5000,0,0
6803,2016,4,1,24.0,510.0,12580.0,715685,1,,7,89000,0,0
6804,2016,4,1,24.0,510.0,12580.0,8,1,,24,1593000,0,0
6805,2016,4,1,24.0,510.0,12580.0,1917301,2,,8,638000,0,0
6806,2016,4,1,24.0,510.0,12580.0,501105,2,,219,55036000,93,14381000
6807,2016,4,1,24.0,510.0,12580.0,705902,1,,64,1587000,0,0
6808,2016,4,1,24.0,510.0,12580.0,708146,1,,1,285000,0,0
6809,2016,4,1,24.0,510.0,12580.0,28178,3,,2,679000,1,510000
6810,2016,4,1,24.0,510.0,12580.0,27599,3,,4,2098000,3,1948000
6811,2016,4,1,24.0,510.0,12580.0,8846,1,,1,800000,0,0
6812,2016,4,1,24.0,510.0,12580.0,24045,3,,1,125000,0,0
6813,2016,4,1,24.0,510.0,12580.0,35583,3,,4,56000,4,56000
6814,2016,4,1,24.0,510.0,12580.0,637451,2,,1,50000,0,0
6815,2016,4,1,24.0,510.0,12580.0,1316,1,,620,43213000,328,9345000
6816,2016,4,1,24.0,510.0,12580.0,33539,3,,1,597000,0,0
6817,2016,4,1,24.0,510.0,12580.0,7714,3,,4,114000,0,0
6818,2016,4,1,24.0,510.0,12580.0,24914,1,,1,160000,0,0
6819,2016,4,1,24.0,510.0,12580.0,23627,3,,8,36000,0,0
6820,2016,4,1,24.0,510.0,12580.0,506922,2,,41,11146000,14,3735000
6821,2016,4,1,24.0,510.0,12580.0,57053,3,,2,1128000,0,0
6822,2016,4,1,24.0,510.0,12580.0,802866,2,,15,4305000,9,2505000
6823,2016,4,1,24.0,510.0,12580.0,57870,3,,1,125000,0,0
6824,2016,4,1,24.0,510.0,12580.0,714640,1,,2,26000,1,25000
6825,2016,4,1,24.0,510.0,12580.0,15576,1,,6,1074000,2,778000
6826,2016,4,1,24.0,510.0,12580.0,675332,2,,160,10016000,94,3723000
6827,2016,4,1,24.0,510.0,12580.0,715044,1,,281,969000,0,0
6828,2016,4,1,24.0,510.0,12580.0,23253,1,,3,188000,1,98000
6829,2016,4,1,24.0,510.0,12580.0,24096,1,,11,265000,3,155000
6830,2016,4,1,24.0,510.0,12580.0,23248,1,,46,612000,0,0
6831,2016,4,1,24.0,510.0,12580.0,35444,3,,1,865000,1,865000
6832,2016,4,1,24.0,510.0,12580.0,16820,3,,2,1200000,0,0
6833,2016,4,1,24.0,510.0,12580.0,27244,3,,28,6662000,10,2781000
6834,2016,4,1,24.0,510.0,12580.0,58457,3,,1,350000,0,0
6835,2016,4,1,24.0,510.0,12580.0,90290,3,,2,625000,0,0
6836,2016,4,1,24.0,510.0,12580.0,693224,2,,1,500000,1,500000
6837,2016,4,1,24.0,510.0,12580.0,1010930,2,,3,1305000,2,1055000
6838,2016,4,1,24.0,510.0,12580.0,365325,2,,1,364000,1,364000
6839,2016,4,1,24.0,510.0,12580.0,24,1,,316,3019000,226,1902000
6840,2016,4,1,24.0,510.0,12580.0,57696,3,,3,1219000,1,169000
6841,2016,4,1,24.0,510.0,12580.0,1,1,,606,24247000,434,11726000
6842,2016,4,1,24.0,510.0,12580.0,34697,3,,69,669000,0,0
6843,2016,4,1,24.0,510.0,12580.0,16892,1,,1,3000,1,3000
6844,2016,4,1,24.0,510.0,12580.0,24920,3,,1,200000,0,0
6845,2016,4,1,24.0,510.0,12580.0,707938,1,,7,1662000,6,1310000
6846,2016,4,1,24.0,510.0,12580.0,1161029,2,,4,972000,2,547000
2476,2016,4,6,24.0,510.0,12580.0,3284070,2,,109,3791000,0,0
2477,2016,4,6,24.0,510.0,12580.0,20504,3,,25,358000,0,0
2478,2016,4,6,24.0,510.0,12580.0,3514,3,,1,231000,0,0
2479,2016,4,6,24.0,510.0,12580.0,28489,3,,1,1000000,0,0
2480,2016,4,6,24.0,510.0,12580.0,24466,1,,1,363000,0,0
2481,2016,4,6,24.0,510.0,12580.0,1461,1,,321,5125000,80,1232000
2482,2016,4,6,24.0,510.0,12580.0,2119773,2,,2,5000,0,0
2483,2016,4,6,24.0,510.0,12580.0,1917301,2,,20,88000,0,0
2484,2016,4,6,24.0,510.0,12580.0,2339795,2,,1,2000,0,0
2485,2016,4,6,24.0,510.0,12580.0,2938198,2,,2,512000,0,0
2486,2016,4,6,24.0,510.0,12580.0,24646,1,,3,14000,0,0
2487,2016,4,6,24.0,510.0,12580.0,480808,2,,1,36000,1,36000
2488,2016,4,6,24.0,510.0,12580.0,57053,3,,2,253000,0,0
2489,2016,4,6,24.0,510.0,12580.0,428547,2,,3,5000,0,0
2490,2016,4,6,24.0,510.0,12580.0,15576,1,,2,127000,0,0
2491,2016,4,6,24.0,510.0,12580.0,3076248,2,,3,1258000,0,0
2492,2016,4,6,24.0,510.0,12580.0,23253,1,,6,727000,0,0
2493,2016,4,6,24.0,510.0,12580.0,23248,1,,17,74000,0,0
2494,2016,4,6,24.0,510.0,12580.0,2693264,2,,2,42000,0,0
2495,2016,4,6,24.0,510.0,12580.0,24,1,,1,5000,0,0
2496,2016,4,6,24.0,510.0,12580.0,1,1,,6,250000,0,0
2497,2016,4,6,24.0,510.0,12580.0,2044811,2,,1,2000,0,0
2498,2016,4,6,24.0,510.0,12580.0,2239288,2,,2,3000,0,0
1295,2016,5,1,24.0,510.0,12580.0,13044,1,,2,20000,2,20000
1296,2016,5,1,24.0,510.0,12580.0,663245,2,,1,50000,0,0
1297,2016,5,1,24.0,510.0,12580.0,24,1,,1,5000,1,5000
20582,2015,4,1,24.0,510.0,12580.0,31286,3,,39,14004000,28,9779000
20583,2015,4,1,24.0,510.0,12580.0,991340,2,,1,92000,0,0
20584,2015,4,1,24.0,510.0,12580.0,27471,3,,3,75000,0,0
20585,2015,4,1,24.0,510.0,12580.0,715648,1,,1929,19737000,1210,8424000
20586,2015,4,1,24.0,510.0,12580.0,25080,1,,1,84000,0,0
20587,2015,4,1,24.0,510.0,12580.0,13044,1,,917,21701000,546,6287000
20588,2015,4,1,24.0,510.0,12580.0,3514,3,,6,455000,0,0
20589,2015,4,1,24.0,510.0,12580.0,718140,1,,22,3304000,11,2141000
20590,2015,4,1,24.0,510.0,12580.0,26610,3,,3,987000,3,987000
20591,2015,4,1,24.0,510.0,12580.0,716456,1,,9,122000,9,122000
20592,2015,4,1,24.0,510.0,12580.0,9846,3,,154,13432000,109,2702000
20593,2015,4,1,24.0,510.0,12580.0,11578,3,,1,496000,1,496000
20594,2015,4,1,24.0,510.0,12580.0,57904,3,,1,496000,0,0
20595,2015,4,1,24.0,510.0,12580.0,5874,3,,1,800000,1,800000
20596,2015,4,1,24.0,510.0,12580.0,24828,1,,1068,7210000,546,3639000
20597,2015,4,1,24.0,510.0,12580.0,13688,1,,16,1778000,10,512000
20598,2015,4,1,24.0,510.0,12580.0,23160,1,,690,8126000,0,0
20599,2015,4,1,24.0,510.0,12580.0,25079,1,,9,392000,0,0
20600,2015,4,1,24.0,510.0,12580.0,1461,1,,441,2072000,312,1480000
20601,2015,4,1,24.0,510.0,12580.0,24571,1,,15,1091000,13,541000
20602,2015,4,1,24.0,510.0,12580.0,57570,3,,10,141000,0,0
20603,2015,4,1,24.0,510.0,12580.0,60143,2,,6,435000,0,0
20604,2015,4,1,24.0,510.0,12580.0,5649,3,,7,19000,2,4000
20605,2015,4,1,24.0,510.0,12580.0,2652092,2,,3,685000,1,608000
20606,2015,4,1,24.0,510.0,12580.0,715115,1,,3,4000,3,4000
20607,2015,4,1,24.0,510.0,12580.0,11063,3,,6,1239000,2,611000
20608,2015,4,1,24.0,510.0,12580.0,209,1,,6,61000,0,0
20609,2015,4,1,24.0,510.0,12580.0,249,1,,32,8293000,17,3974000
20610,2015,4,1,24.0,510.0,12580.0,33778,3,,15,1505000,0,0
20611,2015,4,1,24.0,510.0,12580.0,57776,3,,21,8365000,10,2473000
20612,2015,4,1,24.0,510.0,12580.0,715685,1,,2,9000,0,0
20613,2015,4,1,24.0,510.0,12580.0,8,1,,30,1628000,0,0
20614,2015,4,1,24.0,510.0,12580.0,501105,2,,171,42369000,71,9945000
20615,2015,4,1,24.0,510.0,12580.0,705902,1,,40,295000,0,0
20616,2015,4,1,24.0,510.0,12580.0,9889,3,,1,47000,1,47000
20617,2015,4,1,24.0,510.0,12580.0,28178,3,,2,209000,2,209000
20618,2015,4,1,24.0,510.0,12580.0,57408,3,,1,362000,0,0
20619,2015,4,1,24.0,510.0,12580.0,34888,3,,1,380000,1,380000
20620,2015,4,1,24.0,510.0,12580.0,35583,3,,6,111000,5,83000
20621,2015,4,1,24.0,510.0,12580.0,1316,1,,559,41005000,317,10383000
20622,2015,4,1,24.0,510.0,12580.0,7714,3,,1,71000,0,0
20623,2015,4,1,24.0,510.0,12580.0,23627,3,,9,42000,9,42000
20624,2015,4,1,24.0,510.0,12580.0,506922,2,,44,13384000,16,4204000
20625,2015,4,1,24.0,510.0,12580.0,25022,1,,4,241000,0,0
20626,2015,4,1,24.0,510.0,12580.0,57053,3,,2,1309000,0,0
20627,2015,4,1,24.0,510.0,12580.0,802866,2,,7,1858000,4,1155000
20628,2015,4,1,24.0,510.0,12580.0,6680,1,,3,103000,0,0
20629,2015,4,1,24.0,510.0,12580.0,15576,1,,14,781000,1,97000
20630,2015,4,1,24.0,510.0,12580.0,675332,2,,168,13390000,84,3175000
20631,2015,4,1,24.0,510.0,12580.0,682611,2,,29,8284000,4,1531000
20632,2015,4,1,24.0,510.0,12580.0,715044,1,,310,1163000,0,0
20633,2015,4,1,24.0,510.0,12580.0,23253,1,,8,382000,0,0
20634,2015,4,1,24.0,510.0,12580.0,24096,1,,8,319000,6,244000
20635,2015,4,1,24.0,510.0,12580.0,23248,1,,55,425000,0,0
20636,2015,4,1,24.0,510.0,12580.0,16820,3,,6,1858000,0,0
20637,2015,4,1,24.0,510.0,12580.0,1161029,2,,4,918000,0,0
20638,2015,4,1,24.0,510.0,12580.0,27244,3,,22,7891000,10,4730000
20639,2015,4,1,24.0,510.0,12580.0,7745,1,,1,25000,1,25000
20640,2015,4,1,24.0,510.0,12580.0,58457,3,,1,195000,0,0
20641,2015,4,1,24.0,510.0,12580.0,23920,1,,3,383000,0,0
20642,2015,4,1,24.0,510.0,12580.0,90290,3,,1,525000,0,0
20643,2015,4,1,24.0,510.0,12580.0,24,1,,359,3528000,241,1823000
20644,2015,4,1,24.0,510.0,12580.0,15790,1,,1,840000,1,840000
20645,2015,4,1,24.0,510.0,12580.0,1,1,,711,27419000,530,11323000
20646,2015,4,1,24.0,510.0,12580.0,34697,3,,117,1179000,0,0
20647,2015,4,1,24.0,510.0,12580.0,16892,1,,1,1000,1,1000
20648,2015,4,1,24.0,510.0,12580.0,24920,3,,1,250000,1,250000
20649,2015,4,1,24.0,510.0,12580.0,707938,1,,2,1120000,2,1120000
21463,2015,4,6,24.0,510.0,12580.0,57803,3,,78,2685000,0,0
21464,2015,4,6,24.0,510.0,12580.0,13688,1,,11,141000,0,0
21465,2015,4,6,24.0,510.0,12580.0,25079,1,,4,210000,0,0
21466,2015,4,6,24.0,510.0,12580.0,35583,3,,1,61000,1,61000
21467,2015,4,6,24.0,510.0,12580.0,24914,1,,2,239000,0,0
21468,2015,4,6,24.0,510.0,12580.0,57053,3,,1,460000,0,0
21469,2015,4,6,24.0,510.0,12580.0,15576,1,,6,249000,0,0
21470,2015,4,6,24.0,510.0,12580.0,3076248,2,,2,1150000,0,0
21471,2015,4,6,24.0,510.0,12580.0,23253,1,,1,132000,0,0
21472,2015,4,6,24.0,510.0,12580.0,23248,1,,10,178000,0,0
21473,2015,4,6,24.0,510.0,12580.0,1,1,,5,184000,0,0
21675,2015,5,1,24.0,510.0,12580.0,13044,1,,1,7000,1,7000
21676,2015,5,1,24.0,510.0,12580.0,23160,1,,1,9000,0,0
21677,2015,5,1,24.0,510.0,12580.0,715685,1,,1,5000,0,0
21678,2015,5,1,24.0,510.0,12580.0,1316,1,,1,268000,0,0
21679,2015,5,1,24.0,510.0,12580.0,24,1,,1,10000,1,10000
19716,2014,4,1,24.0,510.0,12580.0,31286,3,,36,11187000,26,7700000
19717,2014,4,1,24.0,510.0,12580.0,27471,3,,2,110000,0,0
19718,2014,4,1,24.0,510.0,12580.0,715648,1,,1722,15116000,1088,6913000
19719,2014,4,1,24.0,510.0,12580.0,928618,2,,1,500000,0,0
19720,2014,4,1,24.0,510.0,12580.0,18432,1,,1,170000,1,170000
19721,2014,4,1,24.0,510.0,12580.0,25080,1,,2,32000,1,11000
19722,2014,4,1,24.0,510.0,12580.0,13044,1,,326,21536000,153,5382000
19723,2014,4,1,24.0,510.0,12580.0,718140,1,,17,4756000,7,1045000
19724,2014,4,1,24.0,510.0,12580.0,26610,3,,1,100000,1,100000
19725,2014,4,1,24.0,510.0,12580.0,14583,1,,1,25000,0,0
19726,2014,4,1,24.0,510.0,12580.0,716456,1,,7,289000,4,93000
19727,2014,4,1,24.0,510.0,12580.0,9846,3,,118,15396000,68,4266000
19728,2014,4,1,24.0,510.0,12580.0,11578,3,,2,668000,2,668000
19729,2014,4,1,24.0,510.0,12580.0,57904,3,,1,500000,1,500000
19730,2014,4,1,24.0,510.0,12580.0,24828,1,,1112,4773000,333,1949000
19731,2014,4,1,24.0,510.0,12580.0,13688,1,,12,1086000,6,105000
19732,2014,4,1,24.0,510.0,12580.0,23160,1,,779,7908000,0,0
19733,2014,4,1,24.0,510.0,12580.0,35575,3,,5,432000,0,0
19734,2014,4,1,24.0,510.0,12580.0,1461,1,,330,1345000,218,872000
19735,2014,4,1,24.0,510.0,12580.0,24571,1,,1,20000,0,0
19736,2014,4,1,24.0,510.0,12580.0,14807,1,,2,305000,2,305000
19737,2014,4,1,24.0,510.0,12580.0,60143,2,,6,1655000,0,0
19738,2014,4,1,24.0,510.0,12580.0,5649,3,,9,34000,4,17000
19739,2014,4,1,24.0,510.0,12580.0,2652092,2,,7,1856000,3,1177000
19740,2014,4,1,24.0,510.0,12580.0,715115,1,,5,75000,4,5000
19741,2014,4,1,24.0,510.0,12580.0,22381,1,,657,7236000,440,3566000
19742,2014,4,1,24.0,510.0,12580.0,209,1,,6,69000,0,0
19743,2014,4,1,24.0,510.0,12580.0,249,1,,42,10037000,29,5726000
19744,2014,4,1,24.0,510.0,12580.0,11063,3,,3,270000,2,170000
19745,2014,4,1,24.0,510.0,12580.0,33778,3,,26,2600000,5,427000
19746,2014,4,1,24.0,510.0,12580.0,657365,2,,1,420000,1,420000
19747,2014,4,1,24.0,510.0,12580.0,57776,3,,17,4776000,7,1235000
19748,2014,4,1,24.0,510.0,12580.0,715685,1,,5,39000,0,0
19749,2014,4,1,24.0,510.0,12580.0,8,1,,21,714000,0,0
19750,2014,4,1,24.0,510.0,12580.0,501105,2,,201,43679000,91,10309000
19751,2014,4,1,24.0,510.0,12580.0,9889,3,,1,125000,1,125000
19752,2014,4,1,24.0,510.0,12580.0,28178,3,,4,1380000,3,880000
19753,2014,4,1,24.0,510.0,12580.0,34888,3,,1,890000,1,890000
19754,2014,4,1,24.0,510.0,12580.0,1316,1,,357,40007000,183,9243000
19755,2014,4,1,24.0,510.0,12580.0,33539,3,,2,1523000,1,823000
19756,2014,4,1,24.0,510.0,12580.0,34980,3,,1,71000,0,0
19757,2014,4,1,24.0,510.0,12580.0,506922,2,,41,13180000,7,2052000
19758,2014,4,1,24.0,510.0,12580.0,25022,1,,7,680000,4,397000
19759,2014,4,1,24.0,510.0,12580.0,57053,3,,2,364000,1,227000
19760,2014,4,1,24.0,510.0,12580.0,802866,2,,6,865000,2,115000
19761,2014,4,1,24.0,510.0,12580.0,714640,1,,2,50000,2,50000
19762,2014,4,1,24.0,510.0,12580.0,15576,1,,12,725000,2,295000
19763,2014,4,1,24.0,510.0,12580.0,675332,2,,143,17556000,77,4899000
19764,2014,4,1,24.0,510.0,12580.0,682611,2,,39,8424000,7,399000
19765,2014,4,1,24.0,510.0,12580.0,715044,1,,244,855000,0,0
19766,2014,4,1,24.0,510.0,12580.0,24096,1,,9,457000,2,28000
19767,2014,4,1,24.0,510.0,12580.0,23248,1,,56,630000,0,0
19768,2014,4,1,24.0,510.0,12580.0,16820,3,,5,1516000,2,210000
19769,2014,4,1,24.0,510.0,12580.0,27244,3,,14,2758000,5,436000
19770,2014,4,1,24.0,510.0,12580.0,58457,3,,1,260000,0,0
19771,2014,4,1,24.0,510.0,12580.0,23920,1,,1,300000,0,0
19772,2014,4,1,24.0,510.0,12580.0,90290,3,,3,1050000,0,0
19773,2014,4,1,24.0,510.0,12580.0,24,1,,348,3014000,246,1939000
19774,2014,4,1,24.0,510.0,12580.0,1,1,,687,25427000,483,10980000
19775,2014,4,1,24.0,510.0,12580.0,34697,3,,64,658000,0,0
19776,2014,4,1,24.0,510.0,12580.0,23301,3,,2,951000,1,258000
19777,2014,4,1,24.0,510.0,12580.0,16892,1,,2,3000,2,3000
19778,2014,4,1,24.0,510.0,12580.0,24920,3,,3,725000,3,725000
19779,2014,4,1,24.0,510.0,12580.0,707938,1,,3,865000,2,515000
20573,2014,4,6,24.0,510.0,12580.0,57803,3,,81,2779000,0,0
20574,2014,4,6,24.0,510.0,12580.0,3514,3,,2,113000,0,0
20575,2014,4,6,24.0,510.0,12580.0,28489,3,,1,600000,0,0
20576,2014,4,6,24.0,510.0,12580.0,715115,1,,3,266000,0,0
20577,2014,4,6,24.0,510.0,12580.0,33778,3,,1,31000,0,0
20578,2014,4,6,24.0,510.0,12580.0,24914,1,,2,411000,0,0
20579,2014,4,6,24.0,510.0,12580.0,57053,3,,2,1583000,2,1583000
20580,2014,4,6,24.0,510.0,12580.0,15576,1,,1,72000,0,0
20581,2014,4,6,24.0,510.0,12580.0,675332,2,,1,42000,0,0
20582,2014,4,6,24.0,510.0,12580.0,23248,1,,15,137000,0,0
20583,2014,4,6,24.0,510.0,12580.0,16892,1,,1,90000,0,0
20778,2014,5,1,24.0,510.0,12580.0,13044,1,,1,2000,0,0
20779,2014,5,1,24.0,510.0,12580.0,23160,1,,1,6000,0,0
20780,2014,5,1,24.0,510.0,12580.0,1,1,,2,11000,2,11000
17443,2013,4,1,24.0,510.0,12580.0,31286,3,,36,9213000,18,3727000
17444,2013,4,1,24.0,510.0,12580.0,715648,1,,1639,14052000,1064,6416000
17445,2013,4,1,24.0,510.0,12580.0,13044,1,,108,20315000,11,1781000
17446,2013,4,1,24.0,510.0,12580.0,718140,1,,15,3794000,4,706000
17447,2013,4,1,24.0,510.0,12580.0,26610,3,,1,150000,1,150000
17448,2013,4,1,24.0,510.0,12580.0,24811,3,,1,743000,1,743000
17449,2013,4,1,24.0,510.0,12580.0,9846,3,,116,23277000,53,4433000
17450,2013,4,1,24.0,510.0,12580.0,11578,3,,1,500000,1,500000
17451,2013,4,1,24.0,510.0,12580.0,24828,1,,573,1537000,201,628000
17452,2013,4,1,24.0,510.0,12580.0,13688,1,,10,1303000,6,260000
17453,2013,4,1,24.0,510.0,12580.0,23160,1,,504,5545000,0,0
17454,2013,4,1,24.0,510.0,12580.0,35575,3,,4,87000,0,0
17455,2013,4,1,24.0,510.0,12580.0,1461,1,,382,1941000,227,1305000
17456,2013,4,1,24.0,510.0,12580.0,60143,2,,2,275000,0,0
17457,2013,4,1,24.0,510.0,12580.0,717996,1,,1,508000,0,0
17458,2013,4,1,24.0,510.0,12580.0,5649,3,,17,62000,17,62000
17459,2013,4,1,24.0,510.0,12580.0,197478,2,,1,66000,0,0
17460,2013,4,1,24.0,510.0,12580.0,715115,1,,3,4000,1,2000
17461,2013,4,1,24.0,510.0,12580.0,22381,1,,810,6097000,495,3351000
17462,2013,4,1,24.0,510.0,12580.0,209,1,,16,159000,4,17000
17463,2013,4,1,24.0,510.0,12580.0,249,1,,3,596000,3,596000
17464,2013,4,1,24.0,510.0,12580.0,11063,3,,3,790000,2,590000
17465,2013,4,1,24.0,510.0,12580.0,33778,3,,8,377000,2,167000
17466,2013,4,1,24.0,510.0,12580.0,715044,1,,258,956000,0,0
17467,2013,4,1,24.0,510.0,12580.0,2182786,2,,1,300000,0,0
17468,2013,4,1,24.0,510.0,12580.0,57776,3,,16,4193000,5,1569000
17469,2013,4,1,24.0,510.0,12580.0,715685,1,,8,47000,1,1000
17470,2013,4,1,24.0,510.0,12580.0,8,1,,28,1217000,0,0
17471,2013,4,1,24.0,510.0,12580.0,14761,1,,1,15000,1,15000
17472,2013,4,1,24.0,510.0,12580.0,501105,2,,160,26966000,75,6534000
17473,2013,4,1,24.0,510.0,12580.0,28178,3,,8,1733000,7,1564000
17474,2013,4,1,24.0,510.0,12580.0,57408,3,,1,770000,0,0
17475,2013,4,1,24.0,510.0,12580.0,1316,1,,377,50729000,166,10859000
17476,2013,4,1,24.0,510.0,12580.0,33539,3,,1,44000,0,0
17477,2013,4,1,24.0,510.0,12580.0,7714,3,,1,44000,0,0
17478,2013,4,1,24.0,510.0,12580.0,233031,2,,1,110000,0,0
17479,2013,4,1,24.0,510.0,12580.0,506922,2,,29,7773000,8,2334000
17480,2013,4,1,24.0,510.0,12580.0,25022,1,,1,520000,0,0
17481,2013,4,1,24.0,510.0,12580.0,57053,3,,2,973000,0,0
17482,2013,4,1,24.0,510.0,12580.0,802866,2,,5,620000,2,180000
17483,2013,4,1,24.0,510.0,12580.0,714640,1,,3,33000,2,8000
17484,2013,4,1,24.0,510.0,12580.0,15576,1,,4,197000,0,0
17485,2013,4,1,24.0,510.0,12580.0,675332,2,,85,9499000,42,3060000
17486,2013,4,1,24.0,510.0,12580.0,682611,2,,45,11061000,13,3590000
17487,2013,4,1,24.0,510.0,12580.0,24096,1,,7,1205000,5,963000
17488,2013,4,1,24.0,510.0,12580.0,23248,1,,40,339000,0,0
17489,2013,4,1,24.0,510.0,12580.0,16820,3,,5,1682000,1,94000
17490,2013,4,1,24.0,510.0,12580.0,27244,3,,6,1433000,2,245000
17491,2013,4,1,24.0,510.0,12580.0,23920,1,,1,50000,0,0
17492,2013,4,1,24.0,510.0,12580.0,365325,2,,1,767000,1,767000
17493,2013,4,1,24.0,510.0,12580.0,24,1,,297,3393000,198,1556000
17494,2013,4,1,24.0,510.0,12580.0,3374298,2,,3,580000,2,180000
17495,2013,4,1,24.0,510.0,12580.0,1,1,,680,28119000,471,11350000
17496,2013,4,1,24.0,510.0,12580.0,34697,3,,99,776000,0,0
17497,2013,4,1,24.0,510.0,12580.0,23301,3,,1,308000,1,308000
17498,2013,4,1,24.0,510.0,12580.0,24920,3,,1,600000,1,600000
17499,2013,4,1,24.0,510.0,12580.0,707938,1,,1,530000,1,530000
18270,2013,4,6,24.0,510.0,12580.0,57803,3,,65,1907000,0,0
18271,2013,4,6,24.0,510.0,12580.0,23248,1,,6,24000,0,0
18272,2013,4,6,24.0,510.0,12580.0,24,1,,11,113000,0,0
18438,2013,5,1,24.0,510.0,12580.0,23160,1,,1,10000,0,0
18439,2013,5,1,24.0,510.0,12580.0,715685,1,,1,3000,0,0
17164,2012,4,1,24.0,510.0,12580.0,31286,3,,43,14037000,27,7846000
17165,2012,4,1,24.0,510.0,12580.0,991340,2,,12,936000,0,0
17166,2012,4,1,24.0,510.0,12580.0,715648,1,,2065,14394000,1025,5948000
17167,2012,4,1,24.0,510.0,12580.0,928618,2,,1,360000,0,0
17168,2012,4,1,24.0,510.0,12580.0,311845,2,,2,38000,2,38000
17169,2012,4,1,24.0,510.0,12580.0,13044,1,,120,16279000,5,1200000
17170,2012,4,1,24.0,510.0,12580.0,718095,1,,66,781000,28,295000
17171,2012,4,1,24.0,510.0,12580.0,9846,3,,53,14562000,28,4723000
17172,2012,4,1,24.0,510.0,12580.0,24828,1,,570,1724000,240,899000
17173,2012,4,1,24.0,510.0,12580.0,13688,1,,20,1295000,1,500000
17174,2012,4,1,24.0,510.0,12580.0,12433,3,,10,2206000,4,618000
17175,2012,4,1,24.0,510.0,12580.0,23160,1,,419,4164000,0,0
17176,2012,4,1,24.0,510.0,12580.0,35575,3,,1,9000,0,0
17177,2012,4,1,24.0,510.0,12580.0,1461,1,,381,1787000,245,1203000
17178,2012,4,1,24.0,510.0,12580.0,57282,3,,1,30000,0,0
17179,2012,4,1,24.0,510.0,12580.0,5649,3,,25,98000,25,98000
17180,2012,4,1,24.0,510.0,12580.0,2652092,2,,2,275000,1,25000
17181,2012,4,1,24.0,510.0,12580.0,715115,1,,3,4000,1,2000
17182,2012,4,1,24.0,510.0,12580.0,22381,1,,558,4157000,332,2350000
17183,2012,4,1,24.0,510.0,12580.0,209,1,,10,104000,1,4000
17184,2012,4,1,24.0,510.0,12580.0,249,1,,2,1352000,0,0
17185,2012,4,1,24.0,510.0,12580.0,11063,3,,1,200000,0,0
17186,2012,4,1,24.0,510.0,12580.0,33778,3,,16,749000,0,0
17187,2012,4,1,24.0,510.0,12580.0,715044,1,,225,607000,0,0
17188,2012,4,1,24.0,510.0,12580.0,657365,2,,1,270000,1,270000
17189,2012,4,1,24.0,510.0,12580.0,57776,3,,24,4781000,6,531000
17190,2012,4,1,24.0,510.0,12580.0,24522,1,,15,57000,1,10000
17191,2012,4,1,24.0,510.0,12580.0,715685,1,,12,97000,1,5000
17192,2012,4,1,24.0,510.0,12580.0,8,1,,22,756000,0,0
17193,2012,4,1,24.0,510.0,12580.0,501105,2,,121,19644000,44,3745000
17194,2012,4,1,24.0,510.0,12580.0,13684,1,,1,747000,0,0
17195,2012,4,1,24.0,510.0,12580.0,24908,1,,1,301000,0,0
17196,2012,4,1,24.0,510.0,12580.0,28178,3,,14,5422000,14,5422000
17197,2012,4,1,24.0,510.0,12580.0,57408,3,,3,128000,0,0
17198,2012,4,1,24.0,510.0,12580.0,1316,1,,301,41522000,130,9689000
17199,2012,4,1,24.0,510.0,12580.0,233031,2,,1,110000,0,0
17200,2012,4,1,24.0,510.0,12580.0,506922,2,,25,5431000,7,1017000
17201,2012,4,1,24.0,510.0,12580.0,57053,3,,4,576000,0,0
17202,2012,4,1,24.0,510.0,12580.0,802866,2,,3,230000,0,0
17203,2012,4,1,24.0,510.0,12580.0,714640,1,,3,60000,3,60000
17204,2012,4,1,24.0,510.0,12580.0,15576,1,,3,149000,1,18000
17205,2012,4,1,24.0,510.0,12580.0,675332,2,,79,11817000,28,2025000
17206,2012,4,1,24.0,510.0,12580.0,682611,2,,26,6129000,8,2399000
17207,2012,4,1,24.0,510.0,12580.0,24096,1,,5,595000,3,220000
17208,2012,4,1,24.0,510.0,12580.0,23248,1,,45,364000,0,0
17209,2012,4,1,24.0,510.0,12580.0,16820,3,,4,650000,2,315000
17210,2012,4,1,24.0,510.0,12580.0,27244,3,,7,2040000,1,200000
17211,2012,4,1,24.0,510.0,12580.0,58457,3,,1,750000,1,750000
17212,2012,4,1,24.0,510.0,12580.0,1010930,2,,1,625000,0,0
17213,2012,4,1,24.0,510.0,12580.0,23446,1,,255,2494000,161,1635000
17214,2012,4,1,24.0,510.0,12580.0,24,1,,4,228000,0,0
17215,2012,4,1,24.0,510.0,12580.0,3374298,2,,1,300000,0,0
17216,2012,4,1,24.0,510.0,12580.0,1,1,,508,24844000,312,9148000
17217,2012,4,1,24.0,510.0,12580.0,23301,3,,1,650000,0,0
17218,2012,4,1,24.0,510.0,12580.0,707938,1,,1,350000,1,350000
18005,2012,4,6,24.0,510.0,12580.0,57803,3,,42,1231000,0,0
18006,2012,4,6,24.0,510.0,12580.0,13688,1,,398,1798000,5,15000
18007,2012,4,6,24.0,510.0,12580.0,14761,1,,2,25000,0,0
18008,2012,4,6,24.0,510.0,12580.0,57053,3,,2,795000,2,795000
18009,2012,4,6,24.0,510.0,12580.0,23248,1,,8,22000,0,0
18010,2012,4,6,24.0,510.0,12580.0,23446,1,,1,10000,0,0
18235,2012,5,1,24.0,510.0,12580.0,22381,1,,1,7000,0,0
18236,2012,5,1,24.0,510.0,12580.0,715685,1,,1,15000,1,15000
18237,2012,5,1,24.0,510.0,12580.0,506922,2,,2,679000,2,679000
18238,2012,5,1,24.0,510.0,12580.0,24096,1,,1,25000,1,25000
15552,2011,4,1,24.0,510.0,12580.0,31286,3,,37,11241000,27,7777000
15553,2011,4,1,24.0,510.0,12580.0,991340,2,,1,28000,0,0
15554,2011,4,1,24.0,510.0,12580.0,715648,1,,1670,10723000,654,2850000
15555,2011,4,1,24.0,510.0,12580.0,13044,1,,99,19041000,6,1173000
15556,2011,4,1,24.0,510.0,12580.0,718095,1,,47,467000,22,163000
15557,2011,4,1,24.0,510.0,12580.0,6301,1,,1,500000,1,500000
15558,2011,4,1,24.0,510.0,12580.0,9846,3,,66,22151000,21,4064000
15559,2011,4,1,24.0,510.0,12580.0,11578,3,,1,185000,1,185000
15560,2011,4,1,24.0,510.0,12580.0,24976,1,,1,744000,0,0
15561,2011,4,1,24.0,510.0,12580.0,24828,1,,538,1582000,302,949000
15562,2011,4,1,24.0,510.0,12580.0,13688,1,,23,2443000,0,0
15563,2011,4,1,24.0,510.0,12580.0,58878,3,,1,302000,1,302000
15564,2011,4,1,24.0,510.0,12580.0,12433,3,,14,3087000,8,2188000
15565,2011,4,1,24.0,510.0,12580.0,23160,1,,402,3572000,0,0
15566,2011,4,1,24.0,510.0,12580.0,35575,3,,13,348000,0,0
15567,2011,4,1,24.0,510.0,12580.0,16971,1,,394,1822000,242,923000
15568,2011,4,1,24.0,510.0,12580.0,1461,1,,4,145000,2,45000
15569,2011,4,1,24.0,510.0,12580.0,601050,2,,1,4000,0,0
15570,2011,4,1,24.0,510.0,12580.0,5649,3,,16,91000,14,79000
15571,2011,4,1,24.0,510.0,12580.0,2652092,2,,2,300000,0,0
15572,2011,4,1,24.0,510.0,12580.0,715115,1,,3,4000,1,2000
15573,2011,4,1,24.0,510.0,12580.0,22381,1,,423,4148000,295,2583000
15574,2011,4,1,24.0,510.0,12580.0,209,1,,7,99000,0,0
15575,2011,4,1,24.0,510.0,12580.0,4857,3,,1,176000,1,176000
15576,2011,4,1,24.0,510.0,12580.0,11063,3,,4,487000,2,265000
15577,2011,4,1,24.0,510.0,12580.0,33778,3,,11,442000,0,0
15578,2011,4,1,24.0,510.0,12580.0,715044,1,,124,492000,0,0
15579,2011,4,1,24.0,510.0,12580.0,57776,3,,11,2249000,3,499000
15580,2011,4,1,24.0,510.0,12580.0,24522,1,,28,107000,0,0
15581,2011,4,1,24.0,510.0,12580.0,8,1,,18,1170000,0,0
15582,2011,4,1,24.0,510.0,12580.0,501105,2,,164,26788000,75,8569000
15583,2011,4,1,24.0,510.0,12580.0,24908,1,,1,418000,0,0
15584,2011,4,1,24.0,510.0,12580.0,718063,1,,4,56000,0,0
15585,2011,4,1,24.0,510.0,12580.0,28178,3,,3,1035000,3,1035000
15586,2011,4,1,24.0,510.0,12580.0,57408,3,,1,100000,0,0
15587,2011,4,1,24.0,510.0,12580.0,1316,1,,263,46199000,114,8376000
15588,2011,4,1,24.0,510.0,12580.0,7714,3,,1,49000,0,0
15589,2011,4,1,24.0,510.0,12580.0,24571,1,,2,22000,2,22000
15590,2011,4,1,24.0,510.0,12580.0,233031,2,,2,610000,1,110000
15591,2011,4,1,24.0,510.0,12580.0,506922,2,,17,4581000,3,541000
15592,2011,4,1,24.0,510.0,12580.0,708190,1,,4,955000,2,505000
15593,2011,4,1,24.0,510.0,12580.0,802866,2,,1,1000000,0,0
15594,2011,4,1,24.0,510.0,12580.0,704410,1,,3,1350000,0,0
15595,2011,4,1,24.0,510.0,12580.0,714640,1,,6,94000,6,94000
15596,2011,4,1,24.0,510.0,12580.0,15576,1,,3,83000,2,73000
15597,2011,4,1,24.0,510.0,12580.0,675332,2,,79,13837000,36,3290000
15598,2011,4,1,24.0,510.0,12580.0,682611,2,,29,8607000,6,2598000
15599,2011,4,1,24.0,510.0,12580.0,24096,1,,2,8000,1,3000
15600,2011,4,1,24.0,510.0,12580.0,35296,3,,2,103000,2,103000
15601,2011,4,1,24.0,510.0,12580.0,23248,1,,25,426000,0,0
15602,2011,4,1,24.0,510.0,12580.0,27244,3,,7,1313000,2,388000
15603,2011,4,1,24.0,510.0,12580.0,23920,1,,2,1300000,0,0
15604,2011,4,1,24.0,510.0,12580.0,23446,1,,187,1918000,128,1450000
15605,2011,4,1,24.0,510.0,12580.0,24,1,,2,60000,0,0
15606,2011,4,1,24.0,510.0,12580.0,1,1,,579,27560000,334,10961000
16334,2011,4,6,24.0,510.0,12580.0,57803,3,,35,1098000,0,0
16335,2011,4,6,24.0,510.0,12580.0,57833,3,,4,1155000,0,0
16336,2011,4,6,24.0,510.0,12580.0,714225,1,,1,5000,1,5000
16337,2011,4,6,24.0,510.0,12580.0,233031,2,,4,77000,0,0
16338,2011,4,6,24.0,510.0,12580.0,57053,3,,2,716000,2,716000
16339,2011,4,6,24.0,510.0,12580.0,15576,1,,5,308000,0,0
16340,2011,4,6,24.0,510.0,12580.0,23248,1,,52,517000,0,0
16341,2011,4,6,24.0,510.0,12580.0,23446,1,,40,1009000,0,0
16478,2011,5,1,24.0,510.0,12580.0,23160,1,,2,13000,0,0
16479,2011,5,1,24.0,510.0,12580.0,24096,1,,1,25000,1,25000
16480,2011,5,1,24.0,510.0,12580.0,1,1,,1,10000,1,10000
15105,2010,4,1,24.0,510.0,12580.0,31286,3,,43,13336000,27,6664000
15106,2010,4,1,24.0,510.0,12580.0,7506,3,,1,250000,1,250000
15107,2010,4,1,24.0,510.0,12580.0,15648,4,,1591,7923000,0,0
15108,2010,4,1,24.0,510.0,12580.0,13044,1,,67,21722000,8,2146000
15109,2010,4,1,24.0,510.0,12580.0,34120,3,,1,90000,1,90000
15110,2010,4,1,24.0,510.0,12580.0,18095,4,,61,855000,22,191000
15111,2010,4,1,24.0,510.0,12580.0,9846,3,,67,16115000,25,3604000
15112,2010,4,1,24.0,510.0,12580.0,11578,3,,1,180000,1,180000
15113,2010,4,1,24.0,510.0,12580.0,24828,1,,250,1352000,171,875000
15114,2010,4,1,24.0,510.0,12580.0,13688,1,,7,425000,1,30000
15115,2010,4,1,24.0,510.0,12580.0,58878,3,,1,463000,1,463000
15116,2010,4,1,24.0,510.0,12580.0,12433,3,,8,1746000,5,690000
15117,2010,4,1,24.0,510.0,12580.0,23160,1,,327,2828000,0,0
15118,2010,4,1,24.0,510.0,12580.0,35575,3,,18,69000,0,0
15119,2010,4,1,24.0,510.0,12580.0,16971,1,,440,1485000,274,947000
15120,2010,4,1,24.0,510.0,12580.0,1461,1,,2,100000,2,100000
15121,2010,4,1,24.0,510.0,12580.0,18112,1,,1,10000,1,10000
15122,2010,4,1,24.0,510.0,12580.0,5649,3,,7,33000,6,31000
15123,2010,4,1,24.0,510.0,12580.0,2652092,2,,2,115000,2,115000
15124,2010,4,1,24.0,510.0,12580.0,15115,4,,1,2000,1,2000
15125,2010,4,1,24.0,510.0,12580.0,22381,1,,345,3121000,199,1622000
15126,2010,4,1,24.0,510.0,12580.0,209,1,,13,108000,2,8000
15127,2010,4,1,24.0,510.0,12580.0,336,1,,1,350000,0,0
15128,2010,4,1,24.0,510.0,12580.0,11063,3,,2,300000,1,100000
15129,2010,4,1,24.0,510.0,12580.0,24891,1,,1,35000,1,35000
15130,2010,4,1,24.0,510.0,12580.0,33778,3,,13,700000,0,0
15131,2010,4,1,24.0,510.0,12580.0,15044,4,,121,624000,0,0
15132,2010,4,1,24.0,510.0,12580.0,57776,3,,10,804000,6,284000
15133,2010,4,1,24.0,510.0,12580.0,8,1,,15,447000,0,0
15134,2010,4,1,24.0,510.0,12580.0,983448,2,,3,1675000,0,0
15135,2010,4,1,24.0,510.0,12580.0,501105,2,,159,21441000,70,5342000
15136,2010,4,1,24.0,510.0,12580.0,8146,4,,1,200000,0,0
15137,2010,4,1,24.0,510.0,12580.0,18063,4,,1,3000,0,0
15138,2010,4,1,24.0,510.0,12580.0,28178,3,,8,3065000,8,3065000
15139,2010,4,1,24.0,510.0,12580.0,1316,1,,257,47138000,129,14971000
15140,2010,4,1,24.0,510.0,12580.0,33539,3,,1,275000,0,0
15141,2010,4,1,24.0,510.0,12580.0,233031,2,,2,610000,1,110000
15142,2010,4,1,24.0,510.0,12580.0,506922,2,,9,3390000,2,292000
15143,2010,4,1,24.0,510.0,12580.0,802866,2,,1,3000,0,0
15144,2010,4,1,24.0,510.0,12580.0,4410,4,,1,700000,1,700000
15145,2010,4,1,24.0,510.0,12580.0,14640,4,,6,99000,6,99000
15146,2010,4,1,24.0,510.0,12580.0,15576,1,,4,161000,0,0
15147,2010,4,1,24.0,510.0,12580.0,675332,2,,85,18012000,33,4010000
15148,2010,4,1,24.0,510.0,12580.0,682611,2,,20,6557000,7,1778000
15149,2010,4,1,24.0,510.0,12580.0,24096,1,,1,5000,1,5000
15150,2010,4,1,24.0,510.0,12580.0,16820,3,,6,382000,5,282000
15151,2010,4,1,24.0,510.0,12580.0,27244,3,,12,1216000,6,802000
15152,2010,4,1,24.0,510.0,12580.0,7745,1,,1,21000,0,0
15153,2010,4,1,24.0,510.0,12580.0,12010,3,,1,88000,0,0
15154,2010,4,1,24.0,510.0,12580.0,23446,1,,125,1335000,76,775000
15155,2010,4,1,24.0,510.0,12580.0,24,1,,3,135000,0,0
15156,2010,4,1,24.0,510.0,12580.0,1,1,,348,10679000,226,6139000
15157,2010,4,1,24.0,510.0,12580.0,15614,3,,1,78000,0,0
15158,2010,4,1,24.0,510.0,12580.0,272218,2,,2,30000,0,0
15159,2010,4,1,24.0,510.0,12580.0,12090,4,,8,3209000,1,300000
15160,2010,4,1,24.0,510.0,12580.0,23301,3,,1,457000,1,457000
15161,2010,4,1,24.0,510.0,12580.0,7938,4,,2,480000,2,480000
15863,2010,4,6,24.0,510.0,12580.0,57803,3,,31,1106000,0,0
15864,2010,4,6,24.0,510.0,12580.0,13688,1,,1,372000,0,0
15865,2010,4,6,24.0,510.0,12580.0,57053,3,,1,150000,0,0
16029,2010,5,1,24.0,510.0,12580.0,24828,1,,1,20000,0,0
16030,2010,5,1,24.0,510.0,12580.0,23160,1,,1,15000,0,0
16031,2010,5,1,24.0,510.0,12580.0,1,1,,1,5000,1,5000
15996,2009,4,1,24.0,510.0,12580.0,31286,3,,48,14272000,31,8683000
15997,2009,4,1,24.0,510.0,12580.0,15648,4,,1627,7946000,0,0
15998,2009,4,1,24.0,510.0,12580.0,13044,1,,83,24802000,9,1563000
15999,2009,4,1,24.0,510.0,12580.0,34120,3,,1,90000,1,90000
16000,2009,4,1,24.0,510.0,12580.0,18095,4,,49,1341000,13,141000
16001,2009,4,1,24.0,510.0,12580.0,9846,3,,79,18080000,41,6601000
16002,2009,4,1,24.0,510.0,12580.0,17777,4,,1,35000,1,35000
16003,2009,4,1,24.0,510.0,12580.0,11578,3,,1,191000,1,191000
16004,2009,4,1,24.0,510.0,12580.0,24828,1,,340,1604000,117,899000
16005,2009,4,1,24.0,510.0,12580.0,13688,1,,3,676000,0,0
16006,2009,4,1,24.0,510.0,12580.0,12433,3,,9,1209000,5,709000
16007,2009,4,1,24.0,510.0,12580.0,23160,1,,365,2894000,0,0
16008,2009,4,1,24.0,510.0,12580.0,8145,4,,5,1075000,3,625000
16009,2009,4,1,24.0,510.0,12580.0,35575,3,,137,1849000,0,0
16010,2009,4,1,24.0,510.0,12580.0,16971,1,,479,2201000,295,1343000
16011,2009,4,1,24.0,510.0,12580.0,1461,1,,4,303000,2,103000
16012,2009,4,1,24.0,510.0,12580.0,5649,3,,44,388000,41,355000
16013,2009,4,1,24.0,510.0,12580.0,15115,4,,1,2000,1,2000
16014,2009,4,1,24.0,510.0,12580.0,22381,1,,273,2738000,233,2184000
16015,2009,4,1,24.0,510.0,12580.0,209,1,,19,366000,1,8000
16016,2009,4,1,24.0,510.0,12580.0,336,1,,1,350000,0,0
16017,2009,4,1,24.0,510.0,12580.0,11063,3,,1,200000,1,200000
16018,2009,4,1,24.0,510.0,12580.0,33778,3,,155,896000,32,102000
16019,2009,4,1,24.0,510.0,12580.0,15044,4,,21,81000,0,0
16020,2009,4,1,24.0,510.0,12580.0,657365,2,,1,150000,0,0
16021,2009,4,1,24.0,510.0,12580.0,14583,1,,1,50000,1,50000
16022,2009,4,1,24.0,510.0,12580.0,14679,3,,1,39000,1,39000
16023,2009,4,1,24.0,510.0,12580.0,8,1,,23,662000,0,0
16024,2009,4,1,24.0,510.0,12580.0,31263,3,,11,3399000,7,1149000
16025,2009,4,1,24.0,510.0,12580.0,983448,2,,2,1600000,1,600000
16026,2009,4,1,24.0,510.0,12580.0,501105,2,,159,19674000,82,6915000
16027,2009,4,1,24.0,510.0,12580.0,28178,3,,9,2059000,9,2059000
16028,2009,4,1,24.0,510.0,12580.0,1316,1,,240,49816000,124,13335000
16029,2009,4,1,24.0,510.0,12580.0,15951,3,,17,4784000,4,521000
16030,2009,4,1,24.0,510.0,12580.0,233031,2,,1,110000,0,0
16031,2009,4,1,24.0,510.0,12580.0,506922,2,,16,3325000,9,1284000
16032,2009,4,1,24.0,510.0,12580.0,8190,4,,2,155000,1,100000
16033,2009,4,1,24.0,510.0,12580.0,4410,4,,1,100000,0,0
16034,2009,4,1,24.0,510.0,12580.0,14640,4,,1,20000,1,20000
16035,2009,4,1,24.0,510.0,12580.0,15576,1,,3,72000,1,50000
16036,2009,4,1,24.0,510.0,12580.0,675332,2,,106,17863000,56,5728000
16037,2009,4,1,24.0,510.0,12580.0,682611,2,,44,7835000,18,1857000
16038,2009,4,1,24.0,510.0,12580.0,24096,1,,2,1025000,1,25000
16039,2009,4,1,24.0,510.0,12580.0,16820,3,,4,578000,3,378000
16040,2009,4,1,24.0,510.0,12580.0,27244,3,,17,3932000,4,607000
16041,2009,4,1,24.0,510.0,12580.0,23446,1,,111,1534000,66,901000
16042,2009,4,1,24.0,510.0,12580.0,1,1,,155,35061000,55,5966000
16043,2009,4,1,24.0,510.0,12580.0,1741,1,,188,7441000,146,5480000
16044,2009,4,1,24.0,510.0,12580.0,12090,4,,7,3550000,0,0
16045,2009,4,1,24.0,510.0,12580.0,16892,1,,1,217000,0,0
16760,2009,4,6,24.0,510.0,12580.0,11063,3,,2,648000,1,159000
16761,2009,4,6,24.0,510.0,12580.0,15044,4,,1636,11934000,0,0
16762,2009,4,6,24.0,510.0,12580.0,12002,4,,6,1853000,0,0
16763,2009,4,6,24.0,510.0,12580.0,57053,3,,3,864000,0,0
16764,2009,4,6,24.0,510.0,12580.0,802866,2,,1,30000,0,0
16765,2009,4,6,24.0,510.0,12580.0,23446,1,,3,15000,0,0
16957,2009,5,1,24.0,510.0,12580.0,24828,1,,5,28000,2,6000
16958,2009,5,1,24.0,510.0,12580.0,2137,1,,1,30000,1,30000
16959,2009,5,1,24.0,510.0,12580.0,1,1,,1,200000,0,0
16960,2009,5,1,24.0,510.0,12580.0,1741,1,,1,10000,1,10000
18109,2008,4,1,24.0,510.0,12580.0,31286,3,,39,12860000,27,9614000
18110,2008,4,1,24.0,510.0,12580.0,991340,2,,1,44000,1,44000
18111,2008,4,1,24.0,510.0,12580.0,33535,3,,286,1827000,286,1827000
18112,2008,4,1,24.0,510.0,12580.0,15648,4,,3866,27721000,74,206000
18113,2008,4,1,24.0,510.0,12580.0,13044,1,,123,31610000,18,3143000
18114,2008,4,1,24.0,510.0,12580.0,34780,3,,14,139000,4,36000
18115,2008,4,1,24.0,510.0,12580.0,9846,3,,84,20327000,42,6560000
18116,2008,4,1,24.0,510.0,12580.0,17777,4,,2,645000,2,645000
18117,2008,4,1,24.0,510.0,12580.0,11578,3,,1,200000,0,0
18118,2008,4,1,24.0,510.0,12580.0,24828,1,,1005,4068000,416,1650000
18119,2008,4,1,24.0,510.0,12580.0,13688,1,,3,115000,2,65000
18120,2008,4,1,24.0,510.0,12580.0,34733,3,,1,600000,1,600000
18121,2008,4,1,24.0,510.0,12580.0,26849,3,,1,70000,1,70000
18122,2008,4,1,24.0,510.0,12580.0,12433,3,,17,3591000,10,2742000
18123,2008,4,1,24.0,510.0,12580.0,23160,1,,1667,13110000,12,40000
18124,2008,4,1,24.0,510.0,12580.0,8145,4,,13,2008000,7,605000
18125,2008,4,1,24.0,510.0,12580.0,35575,3,,213,4308000,0,0
18126,2008,4,1,24.0,510.0,12580.0,16971,1,,1544,6811000,774,3553000
18127,2008,4,1,24.0,510.0,12580.0,1461,1,,12,1510000,3,110000
18128,2008,4,1,24.0,510.0,12580.0,60143,2,,3,810000,0,0
18129,2008,4,1,24.0,510.0,12580.0,18112,1,,1,3000,0,0
18130,2008,4,1,24.0,510.0,12580.0,17094,1,,1,384000,1,384000
18131,2008,4,1,24.0,510.0,12580.0,21699,1,,1,382000,1,382000
18132,2008,4,1,24.0,510.0,12580.0,5649,3,,192,1447000,182,1356000
18133,2008,4,1,24.0,510.0,12580.0,22381,1,,1537,10280000,754,6663000
18134,2008,4,1,24.0,510.0,12580.0,209,1,,17,47000,9,23000
18135,2008,4,1,24.0,510.0,12580.0,336,1,,1,350000,0,0
18136,2008,4,1,24.0,510.0,12580.0,4857,3,,2,31000,2,31000
18137,2008,4,1,24.0,510.0,12580.0,7551,3,,1,500000,1,500000
18138,2008,4,1,24.0,510.0,12580.0,33778,3,,508,1991000,108,295000
18139,2008,4,1,24.0,510.0,12580.0,15044,4,,30,838000,1,10000
18140,2008,4,1,24.0,510.0,12580.0,657365,2,,1,170000,1,170000
18141,2008,4,1,24.0,510.0,12580.0,24522,1,,2,525000,1,25000
18142,2008,4,1,24.0,510.0,12580.0,8,1,,22,700000,0,0
18143,2008,4,1,24.0,510.0,12580.0,31263,3,,15,4372000,11,3892000
18144,2008,4,1,24.0,510.0,12580.0,2630,4,,12,253000,9,193000
18145,2008,4,1,24.0,510.0,12580.0,983448,2,,4,2000000,3,1000000
18146,2008,4,1,24.0,510.0,12580.0,501105,2,,188,36108000,58,5050000
18147,2008,4,1,24.0,510.0,12580.0,27374,3,,1,128000,0,0
18148,2008,4,1,24.0,510.0,12580.0,1398580,2,,1,773000,1,773000
18149,2008,4,1,24.0,510.0,12580.0,2137,1,,1,950000,1,950000
18150,2008,4,1,24.0,510.0,12580.0,8083,4,,1,500000,0,0
18151,2008,4,1,24.0,510.0,12580.0,28178,3,,33,6878000,29,5638000
18152,2008,4,1,24.0,510.0,12580.0,83311,2,,52,1199000,35,500000
18153,2008,4,1,24.0,510.0,12580.0,1316,1,,186,54759000,82,18912000
18154,2008,4,1,24.0,510.0,12580.0,15951,3,,60,17838000,15,1355000
18155,2008,4,1,24.0,510.0,12580.0,7714,3,,1,58000,0,0
18156,2008,4,1,24.0,510.0,12580.0,233031,2,,1,110000,0,0
18157,2008,4,1,24.0,510.0,12580.0,23296,3,,1,576000,1,576000
18158,2008,4,1,24.0,510.0,12580.0,506922,2,,10,2892000,4,985000
18159,2008,4,1,24.0,510.0,12580.0,802866,2,,1,800000,0,0
18160,2008,4,1,24.0,510.0,12580.0,4410,4,,1,100000,1,100000
18161,2008,4,1,24.0,510.0,12580.0,14640,4,,8,105000,8,105000
18162,2008,4,1,24.0,510.0,12580.0,15576,1,,2,48000,1,28000
18163,2008,4,1,24.0,510.0,12580.0,675332,2,,196,24243000,112,10453000
18164,2008,4,1,24.0,510.0,12580.0,682611,2,,64,11711000,27,3727000
18165,2008,4,1,24.0,510.0,12580.0,24096,1,,3,380000,2,345000
18166,2008,4,1,24.0,510.0,12580.0,16820,3,,2,601000,1,170000
18167,2008,4,1,24.0,510.0,12580.0,27244,3,,18,4618000,7,988000
18168,2008,4,1,24.0,510.0,12580.0,693224,2,,1,135000,1,135000
18169,2008,4,1,24.0,510.0,12580.0,23446,1,,90,1019000,51,632000
18170,2008,4,1,24.0,510.0,12580.0,1,1,,288,51381000,136,7804000
18171,2008,4,1,24.0,510.0,12580.0,1741,1,,249,9350000,191,6565000
18172,2008,4,1,24.0,510.0,12580.0,272218,2,,3,74000,3,74000
18173,2008,4,1,24.0,510.0,12580.0,12090,4,,7,3747000,3,1240000
18174,2008,4,1,24.0,510.0,12580.0,23301,3,,4,1463000,3,663000
18175,2008,4,1,24.0,510.0,12580.0,7938,4,,1,350000,1,350000
18900,2008,4,6,24.0,510.0,12580.0,15648,4,,12,69000,0,0
18901,2008,4,6,24.0,510.0,12580.0,23543,1,,4,872000,4,872000
18902,2008,4,6,24.0,510.0,12580.0,23160,1,,164,942000,71,421000
18903,2008,4,6,24.0,510.0,12580.0,33778,3,,48,3201000,0,0
18904,2008,4,6,24.0,510.0,12580.0,8,1,,3,2123000,3,2123000
18905,2008,4,6,24.0,510.0,12580.0,24634,1,,6,1111000,5,1004000
18906,2008,4,6,24.0,510.0,12580.0,23446,1,,7,148000,0,0
19222,2008,5,1,24.0,510.0,12580.0,24828,1,,18,76000,13,26000
19223,2008,5,1,24.0,510.0,12580.0,23160,1,,11,97000,0,0
19224,2008,5,1,24.0,510.0,12580.0,22381,1,,1,6000,0,0
19225,2008,5,1,24.0,510.0,12580.0,14163,1,,1,100000,1,100000
19472,2008,5,6,24.0,510.0,12580.0,33778,3,,1,37000,0,0
18359,2007,4,1,24.0,510.0,12580.0,31286,3,,53,16065000,34,9644000
18360,2007,4,1,24.0,510.0,12580.0,33535,3,,516,4521000,516,4521000
18361,2007,4,1,24.0,510.0,12580.0,15648,4,,4710,28134000,527,6281000
18362,2007,4,1,24.0,510.0,12580.0,18432,1,,1,580000,1,580000
18363,2007,4,1,24.0,510.0,12580.0,13044,1,,179,34350000,45,3275000
18364,2007,4,1,24.0,510.0,12580.0,3514,3,,2,553000,0,0
18365,2007,4,1,24.0,510.0,12580.0,34780,3,,53,726000,20,220000
18366,2007,4,1,24.0,510.0,12580.0,42,1,,2,134000,0,0
18367,2007,4,1,24.0,510.0,12580.0,9846,3,,105,21991000,42,8916000
18368,2007,4,1,24.0,510.0,12580.0,17777,4,,3,380000,3,380000
18369,2007,4,1,24.0,510.0,12580.0,13181,4,,1223,5032000,510,2408000
18370,2007,4,1,24.0,510.0,12580.0,34733,3,,2,1885000,2,1885000
18371,2007,4,1,24.0,510.0,12580.0,26849,3,,1,84000,1,84000
18372,2007,4,1,24.0,510.0,12580.0,12433,3,,12,1752000,5,747000
18373,2007,4,1,24.0,510.0,12580.0,26610,3,,2,650000,2,650000
18374,2007,4,1,24.0,510.0,12580.0,23160,1,,1979,15188000,0,0
18375,2007,4,1,24.0,510.0,12580.0,8145,4,,21,4304000,8,555000
18376,2007,4,1,24.0,510.0,12580.0,35575,3,,249,6934000,0,0
18377,2007,4,1,24.0,510.0,12580.0,16971,1,,2791,12909000,1633,8012000
18378,2007,4,1,24.0,510.0,12580.0,1461,1,,10,1132000,8,402000
18379,2007,4,1,24.0,510.0,12580.0,57282,3,,3,75000,3,75000
18380,2007,4,1,24.0,510.0,12580.0,12984,3,,1,329000,0,0
18381,2007,4,1,24.0,510.0,12580.0,5649,3,,101,846000,85,689000
18382,2007,4,1,24.0,510.0,12580.0,22381,1,,2403,24649000,1397,17123000
18383,2007,4,1,24.0,510.0,12580.0,209,1,,39,217000,0,0
18384,2007,4,1,24.0,510.0,12580.0,26665,3,,1,75000,1,75000
18385,2007,4,1,24.0,510.0,12580.0,336,1,,3,1259000,0,0
18386,2007,4,1,24.0,510.0,12580.0,4857,3,,4,40000,4,40000
18387,2007,4,1,24.0,510.0,12580.0,11063,3,,5,1098000,0,0
18388,2007,4,1,24.0,510.0,12580.0,33778,3,,711,4186000,53,222000
18389,2007,4,1,24.0,510.0,12580.0,15044,4,,6,13000,1,5000
18390,2007,4,1,24.0,510.0,12580.0,24489,1,,1,17000,0,0
18391,2007,4,1,24.0,510.0,12580.0,657365,2,,6,1810000,6,1810000
18392,2007,4,1,24.0,510.0,12580.0,24522,1,,2,510000,0,0
18393,2007,4,1,24.0,510.0,12580.0,8,1,,30,1031000,0,0
18394,2007,4,1,24.0,510.0,12580.0,31263,3,,27,7123000,15,3875000
18395,2007,4,1,24.0,510.0,12580.0,14362,1,,1,75000,0,0
18396,2007,4,1,24.0,510.0,12580.0,6069,4,,2,886000,2,886000
18397,2007,4,1,24.0,510.0,12580.0,2630,4,,2,105000,0,0
18398,2007,4,1,24.0,510.0,12580.0,983448,2,,1,500000,0,0
18399,2007,4,1,24.0,510.0,12580.0,501105,2,,230,54189000,68,7494000
18400,2007,4,1,24.0,510.0,12580.0,27374,3,,1,42000,0,0
18401,2007,4,1,24.0,510.0,12580.0,8083,4,,1,300000,0,0
18402,2007,4,1,24.0,510.0,12580.0,32749,3,,5,34000,3,14000
18403,2007,4,1,24.0,510.0,12580.0,28178,3,,12,3655000,11,3565000
18404,2007,4,1,24.0,510.0,12580.0,83311,2,,13,230000,10,167000
18405,2007,4,1,24.0,510.0,12580.0,1316,1,,216,55318000,96,18295000
18406,2007,4,1,24.0,510.0,12580.0,15951,3,,56,16635000,19,3225000
18407,2007,4,1,24.0,510.0,12580.0,7714,3,,1,49000,0,0
18408,2007,4,1,24.0,510.0,12580.0,506922,2,,18,3156000,8,935000
18409,2007,4,1,24.0,510.0,12580.0,576710,2,,1,100000,1,100000
18410,2007,4,1,24.0,510.0,12580.0,14640,4,,1,35000,1,35000
18411,2007,4,1,24.0,510.0,12580.0,15576,1,,3,138000,0,0
18412,2007,4,1,24.0,510.0,12580.0,675332,2,,260,23254000,159,10137000
18413,2007,4,1,24.0,510.0,12580.0,818625,2,,68,14711000,30,4772000
18414,2007,4,1,24.0,510.0,12580.0,682611,2,,1,50000,1,50000
18415,2007,4,1,24.0,510.0,12580.0,24096,1,,3,1458000,3,1458000
18416,2007,4,1,24.0,510.0,12580.0,16820,3,,3,724000,0,0
18417,2007,4,1,24.0,510.0,12580.0,27244,3,,18,4390000,4,622000
18418,2007,4,1,24.0,510.0,12580.0,23446,1,,59,555000,35,279000
18419,2007,4,1,24.0,510.0,12580.0,1,1,,362,59267000,189,13154000
18420,2007,4,1,24.0,510.0,12580.0,8551,4,,146,2682000,144,2677000
18421,2007,4,1,24.0,510.0,12580.0,1741,1,,337,12362000,263,9193000
18422,2007,4,1,24.0,510.0,12580.0,272218,2,,2,15000,0,0
18423,2007,4,1,24.0,510.0,12580.0,23301,3,,1,565000,1,565000
18424,2007,4,1,24.0,510.0,12580.0,7938,4,,1,200000,1,200000
18425,2007,4,1,24.0,510.0,12580.0,4341,1,,2,414000,2,414000
19135,2007,4,6,24.0,510.0,12580.0,18112,1,,2,8000,0,0
19136,2007,4,6,24.0,510.0,12580.0,24634,1,,1,96000,1,96000
19137,2007,4,6,24.0,510.0,12580.0,17114,1,,1,96000,0,0
19138,2007,4,6,24.0,510.0,12580.0,57053,3,,1,608000,0,0
19139,2007,4,6,24.0,510.0,12580.0,1741,1,,4,160000,0,0
19444,2007,5,1,24.0,510.0,12580.0,13044,1,,1,20000,1,20000
19445,2007,5,1,24.0,510.0,12580.0,13181,4,,29,85000,22,75000
19446,2007,5,1,24.0,510.0,12580.0,23160,1,,2,27000,0,0
19447,2007,5,1,24.0,510.0,12580.0,14163,1,,1,100000,1,100000
18013,2006,4,1,24.0,510.0,12580.0,31286,3,,46,12374000,31,8469000
18014,2006,4,1,24.0,510.0,12580.0,33535,3,,511,5150000,511,5150000
18015,2006,4,1,24.0,510.0,12580.0,15648,4,,5775,19691000,597,4889000
18016,2006,4,1,24.0,510.0,12580.0,809324,2,,1,300000,1,300000
18017,2006,4,1,24.0,510.0,12580.0,23695,1,,1,82000,0,0
18018,2006,4,1,24.0,510.0,12580.0,13044,1,,228,38894000,72,6343000
18019,2006,4,1,24.0,510.0,12580.0,22106,1,,1619,19107000,792,12743000
18020,2006,4,1,24.0,510.0,12580.0,12986,3,,2,127000,1,100000
18021,2006,4,1,24.0,510.0,12580.0,31203,3,,1,20000,1,20000
18022,2006,4,1,24.0,510.0,12580.0,34780,3,,50,940000,9,125000
18023,2006,4,1,24.0,510.0,12580.0,22584,3,,3,1550000,0,0
18024,2006,4,1,24.0,510.0,12580.0,9846,3,,96,25188000,41,7767000
18025,2006,4,1,24.0,510.0,12580.0,11578,3,,2,550000,1,200000
18026,2006,4,1,24.0,510.0,12580.0,13181,4,,891,4191000,342,1805000
18027,2006,4,1,24.0,510.0,12580.0,12433,3,,14,2022000,8,1117000
18028,2006,4,1,24.0,510.0,12580.0,23160,1,,1320,10387000,0,0
18029,2006,4,1,24.0,510.0,12580.0,8145,4,,7,1653000,0,0
18030,2006,4,1,24.0,510.0,12580.0,16971,1,,2265,10864000,1406,7137000
18031,2006,4,1,24.0,510.0,12580.0,1461,1,,2,40000,2,40000
18032,2006,4,1,24.0,510.0,12580.0,57282,3,,2,72000,1,49000
18033,2006,4,1,24.0,510.0,12580.0,17484,3,,1,206000,1,206000
18034,2006,4,1,24.0,510.0,12580.0,12984,3,,3,244000,1,40000
18035,2006,4,1,24.0,510.0,12580.0,5649,3,,44,406000,42,388000
18036,2006,4,1,24.0,510.0,12580.0,2652092,2,,1,75000,0,0
18037,2006,4,1,24.0,510.0,12580.0,12054,3,,2,1441000,0,0
18038,2006,4,1,24.0,510.0,12580.0,802129,2,,1,250000,0,0
18039,2006,4,1,24.0,510.0,12580.0,22381,1,,620,6460000,263,3899000
18040,2006,4,1,24.0,510.0,12580.0,209,1,,7,33000,1,5000
18041,2006,4,1,24.0,510.0,12580.0,336,1,,5,1062000,2,35000
18042,2006,4,1,24.0,510.0,12580.0,4857,3,,1,375000,1,375000
18043,2006,4,1,24.0,510.0,12580.0,11063,3,,1,79000,1,79000
18044,2006,4,1,24.0,510.0,12580.0,14579,1,,1,132000,1,132000
18045,2006,4,1,24.0,510.0,12580.0,33778,3,,531,2001000,73,203000
18046,2006,4,1,24.0,510.0,12580.0,15044,4,,79,144000,3,25000
18047,2006,4,1,24.0,510.0,12580.0,657365,2,,5,960000,4,660000
18048,2006,4,1,24.0,510.0,12580.0,8,1,,33,1447000,1,25000
18049,2006,4,1,24.0,510.0,12580.0,31263,3,,18,4842000,12,2997000
18050,2006,4,1,24.0,510.0,12580.0,501105,2,,257,50646000,82,6902000
18051,2006,4,1,24.0,510.0,12580.0,24095,1,,429,3152000,128,1341000
18052,2006,4,1,24.0,510.0,12580.0,20347,3,,184,53257000,66,12346000
18053,2006,4,1,24.0,510.0,12580.0,13779,3,,5,568000,0,0
18054,2006,4,1,24.0,510.0,12580.0,18933,3,,3,275000,1,15000
18055,2006,4,1,24.0,510.0,12580.0,1398580,2,,1,400000,1,400000
18056,2006,4,1,24.0,510.0,12580.0,786,1,,1,77000,0,0
18057,2006,4,1,24.0,510.0,12580.0,8083,4,,1,200000,0,0
18058,2006,4,1,24.0,510.0,12580.0,15985,3,,11,3007000,1,24000
18059,2006,4,1,24.0,510.0,12580.0,28178,3,,1,21000,0,0
18060,2006,4,1,24.0,510.0,12580.0,83311,2,,2,351000,1,1000
18061,2006,4,1,24.0,510.0,12580.0,1316,1,,14,2965000,6,1080000
18062,2006,4,1,24.0,510.0,12580.0,15951,3,,73,23186000,22,4521000
18063,2006,4,1,24.0,510.0,12580.0,18962,3,,1,630000,1,630000
18064,2006,4,1,24.0,510.0,12580.0,506922,2,,10,2580000,5,1182000
18065,2006,4,1,24.0,510.0,12580.0,802866,2,,1,1000000,0,0
18066,2006,4,1,24.0,510.0,12580.0,14640,4,,2,41000,2,41000
18067,2006,4,1,24.0,510.0,12580.0,15576,1,,4,167000,3,138000
18068,2006,4,1,24.0,510.0,12580.0,675332,2,,254,25438000,151,9934000
18069,2006,4,1,24.0,510.0,12580.0,818625,2,,57,12462000,27,5780000
18070,2006,4,1,24.0,510.0,12580.0,189419,2,,2,400000,0,0
18071,2006,4,1,24.0,510.0,12580.0,543253,2,,1,394000,1,394000
18072,2006,4,1,24.0,510.0,12580.0,24096,1,,8,2223000,8,2223000
18073,2006,4,1,24.0,510.0,12580.0,34341,3,,1,206000,1,206000
18074,2006,4,1,24.0,510.0,12580.0,16820,3,,9,701000,1,25000
18075,2006,4,1,24.0,510.0,12580.0,4364,1,,8,1522000,2,455000
18076,2006,4,1,24.0,510.0,12580.0,27244,3,,19,4521000,3,500000
18077,2006,4,1,24.0,510.0,12580.0,365325,2,,1,100000,1,100000
18078,2006,4,1,24.0,510.0,12580.0,23446,1,,38,322000,30,252000
18079,2006,4,1,24.0,510.0,12580.0,1,1,,326,61808000,134,14679000
18080,2006,4,1,24.0,510.0,12580.0,8551,4,,96,476000,0,0
18081,2006,4,1,24.0,510.0,12580.0,2597,1,,1,100000,0,0
18082,2006,4,1,24.0,510.0,12580.0,1741,1,,355,11655000,267,8220000
18083,2006,4,1,24.0,510.0,12580.0,23301,3,,1,358000,1,358000
18084,2006,4,1,24.0,510.0,12580.0,4341,1,,4,2055000,3,1538000
18788,2006,4,6,24.0,510.0,12580.0,18112,1,,1,1000,0,0
18789,2006,4,6,24.0,510.0,12580.0,15985,3,,1,825000,0,0
18790,2006,4,6,24.0,510.0,12580.0,57053,3,,2,658000,0,0
19105,2006,5,1,24.0,510.0,12580.0,22106,1,,2,47000,1,40000
19106,2006,5,1,24.0,510.0,12580.0,9846,3,,2,304000,1,79000
19107,2006,5,1,24.0,510.0,12580.0,13181,4,,14,67000,9,49000
19108,2006,5,1,24.0,510.0,12580.0,22381,1,,1,20000,1,20000
19109,2006,5,1,24.0,510.0,12580.0,14163,1,,1,101000,1,101000
19110,2006,5,1,24.0,510.0,12580.0,24,1,,2,383000,2,383000
17649,2005,4,1,24.0,510.0,12580.0,31286,3,,47,14090000,35,9915000
17650,2005,4,1,24.0,510.0,12580.0,33535,3,,393,3426000,393,3426000
17651,2005,4,1,24.0,510.0,12580.0,27471,3,,1,10000,0,0
17652,2005,4,1,24.0,510.0,12580.0,17123,3,,1,125000,1,125000
17653,2005,4,1,24.0,510.0,12580.0,18432,1,,1,525000,1,525000
17654,2005,4,1,24.0,510.0,12580.0,5915,3,,23,253000,0,0
17655,2005,4,1,24.0,510.0,12580.0,13044,1,,305,49903000,121,11712000
17656,2005,4,1,24.0,510.0,12580.0,22106,1,,1167,11797000,589,7156000
17657,2005,4,1,24.0,510.0,12580.0,821120,2,,1,46000,0,0
17658,2005,4,1,24.0,510.0,12580.0,34780,3,,25,490000,11,181000
17659,2005,4,1,24.0,510.0,12580.0,22584,3,,3,1100000,0,0
17660,2005,4,1,24.0,510.0,12580.0,9846,3,,108,24085000,37,5497000
17661,2005,4,1,24.0,510.0,12580.0,11578,3,,1,200000,1,200000
17662,2005,4,1,24.0,510.0,12580.0,13181,4,,1193,5074000,553,2678000
17663,2005,4,1,24.0,510.0,12580.0,12433,3,,25,3336000,17,1606000
17664,2005,4,1,24.0,510.0,12580.0,23160,1,,670,4946000,4,41000
17665,2005,4,1,24.0,510.0,12580.0,8145,4,,4,1225000,0,0
17666,2005,4,1,24.0,510.0,12580.0,24281,1,,1970,8911000,705,4209000
17667,2005,4,1,24.0,510.0,12580.0,1235,4,,11,1090000,1,25000
17668,2005,4,1,24.0,510.0,12580.0,57282,3,,3,203000,1,25000
17669,2005,4,1,24.0,510.0,12580.0,60143,2,,1,1000000,0,0
17670,2005,4,1,24.0,510.0,12580.0,17094,1,,1,50000,0,0
17671,2005,4,1,24.0,510.0,12580.0,12984,3,,9,817000,1,242000
17672,2005,4,1,24.0,510.0,12580.0,12054,3,,1,250000,0,0
17673,2005,4,1,24.0,510.0,12580.0,802129,2,,1,27000,0,0
17674,2005,4,1,24.0,510.0,12580.0,723112,2,,1,800000,0,0
17675,2005,4,1,24.0,510.0,12580.0,209,1,,8,49000,2,6000
17676,2005,4,1,24.0,510.0,12580.0,336,1,,6,855000,4,310000
17677,2005,4,1,24.0,510.0,12580.0,11063,3,,3,119000,2,94000
17678,2005,4,1,24.0,510.0,12580.0,33778,3,,784,2944000,86,348000
17679,2005,4,1,24.0,510.0,12580.0,15044,4,,125,168000,0,0
17680,2005,4,1,24.0,510.0,12580.0,657365,2,,1,250000,1,250000
17681,2005,4,1,24.0,510.0,12580.0,8,1,,2,90000,2,90000
17682,2005,4,1,24.0,510.0,12580.0,14362,1,,1,607000,1,607000
17683,2005,4,1,24.0,510.0,12580.0,501105,2,,266,45697000,96,6814000
17684,2005,4,1,24.0,510.0,12580.0,24095,1,,1418,11957000,704,5523000
17685,2005,4,1,24.0,510.0,12580.0,20347,3,,181,51677000,61,15599000
17686,2005,4,1,24.0,510.0,12580.0,13779,3,,7,157000,2,34000
17687,2005,4,1,24.0,510.0,12580.0,11652,3,,1,780000,0,0
17688,2005,4,1,24.0,510.0,12580.0,18933,3,,1,30000,1,30000
17689,2005,4,1,24.0,510.0,12580.0,27374,3,,1,40000,0,0
17690,2005,4,1,24.0,510.0,12580.0,1398580,2,,3,1700000,3,1700000
17691,2005,4,1,24.0,510.0,12580.0,23019,1,,1,35000,1,35000
17692,2005,4,1,24.0,510.0,12580.0,8083,4,,1,1000000,0,0
17693,2005,4,1,24.0,510.0,12580.0,15985,3,,1,825000,0,0
17694,2005,4,1,24.0,510.0,12580.0,679,3,,1,350000,0,0
17695,2005,4,1,24.0,510.0,12580.0,1316,1,,5,2904000,2,889000
17696,2005,4,1,24.0,510.0,12580.0,15951,3,,72,20843000,21,2515000
17697,2005,4,1,24.0,510.0,12580.0,506922,2,,17,4526000,10,2480000
17698,2005,4,1,24.0,510.0,12580.0,802866,2,,1,125000,0,0
17699,2005,4,1,24.0,510.0,12580.0,4410,4,,2,750000,2,750000
17700,2005,4,1,24.0,510.0,12580.0,32158,3,,1,80000,1,80000
17701,2005,4,1,24.0,510.0,12580.0,675332,2,,212,17682000,128,6294000
17702,2005,4,1,24.0,510.0,12580.0,818625,2,,49,7991000,28,3743000
17703,2005,4,1,24.0,510.0,12580.0,682611,2,,1,25000,0,0
17704,2005,4,1,24.0,510.0,12580.0,543253,2,,1,396000,1,396000
17705,2005,4,1,24.0,510.0,12580.0,16820,3,,8,2308000,4,1325000
17706,2005,4,1,24.0,510.0,12580.0,4364,1,,12,2299000,9,1794000
17707,2005,4,1,24.0,510.0,12580.0,27244,3,,18,3860000,5,1496000
17708,2005,4,1,24.0,510.0,12580.0,23446,1,,31,226000,23,150000
17709,2005,4,1,24.0,510.0,12580.0,24,1,,1,512000,0,0
17710,2005,4,1,24.0,510.0,12580.0,1,1,,252,48729000,92,12807000
17711,2005,4,1,24.0,510.0,12580.0,1741,1,,307,10096000,237,7327000
17712,2005,4,1,24.0,510.0,12580.0,12884,3,,1,10000,1,10000
17713,2005,4,1,24.0,510.0,12580.0,24920,3,,1,220000,1,220000
17714,2005,4,1,24.0,510.0,12580.0,4341,1,,1,423000,1,423000
18420,2005,4,6,24.0,510.0,12580.0,8,1,,21,670000,0,0
18421,2005,4,6,24.0,510.0,12580.0,57053,3,,1,207000,0,0
18422,2005,4,6,24.0,510.0,12580.0,4410,4,,4,706000,0,0
18738,2005,5,1,24.0,510.0,12580.0,22106,1,,2,11000,0,0
18739,2005,5,1,24.0,510.0,12580.0,9846,3,,1,105000,1,105000
18740,2005,5,1,24.0,510.0,12580.0,13181,4,,17,60000,16,58000
18741,2005,5,1,24.0,510.0,12580.0,23160,1,,1,5000,0,0
18742,2005,5,1,24.0,510.0,12580.0,1,1,,2,275000,0,0
19018,2004,4,1,24.0,510.0,12580.0,31286,3,,44,13382000,25,6251000
19019,2004,4,1,24.0,510.0,12580.0,33535,3,,283,2221000,0,0
19020,2004,4,1,24.0,510.0,12580.0,27471,3,,263,2000000,200,1233000
19021,2004,4,1,24.0,510.0,12580.0,245333,2,,2,50000,2,50000
19022,2004,4,1,24.0,510.0,12580.0,5915,3,,28,125000,0,0
19023,2004,4,1,24.0,510.0,12580.0,13044,1,,256,41577000,118,9887000
19024,2004,4,1,24.0,510.0,12580.0,22106,1,,577,6856000,373,3925000
19025,2004,4,1,24.0,510.0,12580.0,3514,3,,1,254000,0,0
19026,2004,4,1,24.0,510.0,12580.0,34780,3,,32,957000,3,35000
19027,2004,4,1,24.0,510.0,12580.0,22584,3,,2,350000,1,250000
19028,2004,4,1,24.0,510.0,12580.0,9846,3,,99,21706000,36,6227000
19029,2004,4,1,24.0,510.0,12580.0,5874,3,,1,14000,1,14000
19030,2004,4,1,24.0,510.0,12580.0,13181,4,,1897,5017000,219,478000
19031,2004,4,1,24.0,510.0,12580.0,12433,3,,41,7690000,23,2911000
19032,2004,4,1,24.0,510.0,12580.0,23160,1,,407,3914000,32,315000
19033,2004,4,1,24.0,510.0,12580.0,8145,4,,5,2075000,0,0
19034,2004,4,1,24.0,510.0,12580.0,24281,1,,1797,8556000,515,2530000
19035,2004,4,1,24.0,510.0,12580.0,1235,4,,8,339000,2,36000
19036,2004,4,1,24.0,510.0,12580.0,1461,1,,1,35000,1,35000
19037,2004,4,1,24.0,510.0,12580.0,7796,3,,1,200000,0,0
19038,2004,4,1,24.0,510.0,12580.0,60143,2,,3,1390000,2,890000
19039,2004,4,1,24.0,510.0,12580.0,20500,1,,1,10000,0,0
19040,2004,4,1,24.0,510.0,12580.0,33583,3,,1,550000,1,550000
19041,2004,4,1,24.0,510.0,12580.0,12984,3,,9,790000,1,34000
19042,2004,4,1,24.0,510.0,12580.0,12054,3,,2,325000,0,0
19043,2004,4,1,24.0,510.0,12580.0,802129,2,,2,188000,1,150000
19044,2004,4,1,24.0,510.0,12580.0,723112,2,,4,1550000,3,550000
19045,2004,4,1,24.0,510.0,12580.0,209,1,,13,67000,3,11000
19046,2004,4,1,24.0,510.0,12580.0,26665,3,,1,250000,1,250000
19047,2004,4,1,24.0,510.0,12580.0,336,1,,4,160000,1,50000
19048,2004,4,1,24.0,510.0,12580.0,200,1,,94,1088000,19,441000
19049,2004,4,1,24.0,510.0,12580.0,33778,3,,643,2334000,51,206000
19050,2004,4,1,24.0,510.0,12580.0,8,1,,3,165000,3,165000
19051,2004,4,1,24.0,510.0,12580.0,31263,3,,21,3497000,12,1850000
19052,2004,4,1,24.0,510.0,12580.0,22859,1,,6,35000,2,7000
19053,2004,4,1,24.0,510.0,12580.0,9243,3,,1,750000,0,0
19054,2004,4,1,24.0,510.0,12580.0,501105,2,,324,54767000,132,9948000
19055,2004,4,1,24.0,510.0,12580.0,23430,1,,1,50000,1,50000
19056,2004,4,1,24.0,510.0,12580.0,24095,1,,1494,8621000,634,3149000
19057,2004,4,1,24.0,510.0,12580.0,6301,1,,1,55000,0,0
19058,2004,4,1,24.0,510.0,12580.0,20347,3,,197,57726000,86,15981000
19059,2004,4,1,24.0,510.0,12580.0,13779,3,,15,2407000,7,1707000
19060,2004,4,1,24.0,510.0,12580.0,11652,3,,1,1000000,0,0
19061,2004,4,1,24.0,510.0,12580.0,21415,3,,3,1875000,1,375000
19062,2004,4,1,24.0,510.0,12580.0,21669,1,,4,1708000,4,1708000
19063,2004,4,1,24.0,510.0,12580.0,10660,1,,1,117000,1,117000
19064,2004,4,1,24.0,510.0,12580.0,8475,4,,1,122000,1,122000
19065,2004,4,1,24.0,510.0,12580.0,13879,3,,2,395000,2,395000
19066,2004,4,1,24.0,510.0,12580.0,1316,1,,1,250000,0,0
19067,2004,4,1,24.0,510.0,12580.0,15951,3,,85,18046000,31,3211000
19068,2004,4,1,24.0,510.0,12580.0,19333,3,,1,411000,0,0
19069,2004,4,1,24.0,510.0,12580.0,506922,2,,8,1896000,2,307000
19070,2004,4,1,24.0,510.0,12580.0,675332,2,,206,19952000,140,9307000
19071,2004,4,1,24.0,510.0,12580.0,29973,3,,42,6379000,25,3879000
19072,2004,4,1,24.0,510.0,12580.0,7579,3,,2,80000,2,80000
19073,2004,4,1,24.0,510.0,12580.0,543253,2,,1,400000,1,400000
19074,2004,4,1,24.0,510.0,12580.0,16820,3,,14,1355000,7,530000
19075,2004,4,1,24.0,510.0,12580.0,4364,1,,9,1179000,5,419000
19076,2004,4,1,24.0,510.0,12580.0,27244,3,,21,4631000,6,907000
19077,2004,4,1,24.0,510.0,12580.0,405959,2,,1,200000,1,200000
19078,2004,4,1,24.0,510.0,12580.0,7745,1,,1,32000,0,0
19079,2004,4,1,24.0,510.0,12580.0,34599,3,,496,2738000,0,0
19080,2004,4,1,24.0,510.0,12580.0,1893,3,,4,2150000,2,1100000
19081,2004,4,1,24.0,510.0,12580.0,1010930,2,,1,27000,0,0
19082,2004,4,1,24.0,510.0,12580.0,365325,2,,1,1000000,1,1000000
19083,2004,4,1,24.0,510.0,12580.0,23446,1,,314,2510000,13,113000
19084,2004,4,1,24.0,510.0,12580.0,24,1,,1,558000,0,0
19085,2004,4,1,24.0,510.0,12580.0,1,1,,334,46441000,66,10961000
19086,2004,4,1,24.0,510.0,12580.0,17283,4,,5,1471000,5,1471000
19087,2004,4,1,24.0,510.0,12580.0,2597,1,,2,125000,1,100000
19088,2004,4,1,24.0,510.0,12580.0,1741,1,,261,8177000,199,5656000
19089,2004,4,1,24.0,510.0,12580.0,7938,4,,1,258000,1,258000
19090,2004,4,1,24.0,510.0,12580.0,34697,3,,37,634000,0,0
19091,2004,4,1,24.0,510.0,12580.0,13298,3,,1,40000,1,40000
19815,2004,4,6,24.0,510.0,12580.0,18112,1,,1,10000,0,0
19816,2004,4,6,24.0,510.0,12580.0,8,1,,39,1321000,0,0
19817,2004,4,6,24.0,510.0,12580.0,24095,1,,17,2785000,0,0
19818,2004,4,6,24.0,510.0,12580.0,4410,4,,2,430000,0,0
20094,2004,5,1,24.0,510.0,12580.0,22106,1,,1,15000,1,15000
20095,2004,5,1,24.0,510.0,12580.0,13181,4,,5,9000,4,7000
20096,2004,5,1,24.0,510.0,12580.0,24281,1,,1,15000,0,0
20097,2004,5,1,24.0,510.0,12580.0,1,1,,1,50000,0,0
