tract,total_population,total_households,pct_white,pct_black,pct_hispanic,pct_female_hoh,pct_unemployed,pct_in_poverty,pct_owner_occupied,mfi,mfi_white,mfi_black,median_home_value,median_home_year_built
101.0,3201,1466,0.8840987191502655,0.06841611996251172,0.01811933770696657,0.05115961800818554,0.018431740081224616,0.1162136832239925,0.621418826739427,104844,103750,.,316500,1939
102.0,3145,1437,0.8823529411764706,0.05214626391096979,0.02098569157392687,0.023660403618649965,0.010810810810810811,0.058823529411764705,0.7884481558803061,119435,125625,.,242500,1939
103.0,2552,1083,0.8934169278996865,0.02037617554858934,0.03800940438871473,0.030470914127423823,0.005877742946708464,0.04036050156739812,0.6768236380424746,142944,138750,.,297600,1939
104.0,2573,1404,0.8725223474543334,0.022541780023319084,0.03964244073066459,0.019943019943019943,0.027594247959580258,0.04741546832491255,0.5605413105413105,135703,132188,.,354200,1939
105.0,1712,758,0.9059579439252337,0.04264018691588785,0.06133177570093458,0.05672823218997362,0.008761682242990653,0.08703271028037383,0.6398416886543535,120833,122583,.,305300,1939
201.0,1877,838,0.7357485348961108,0.0660628662759723,0.14224826851358552,0.10620525059665871,0.03462972828982419,0.08417687799680341,0.5859188544152745,116607,132750,.,291200,1939
202.0,1857,776,0.7625201938610663,0.13193322563274099,0.16585891222401722,0.05025773195876289,0.014001077005923533,0.15562735595045774,0.46262886597938147,82000,120100,54667,284400,1939
203.0,3768,2110,0.8378450106157113,0.022292993630573247,0.08943736730360934,0.04265402843601896,0.013800424628450107,0.08917197452229299,0.352132701421801,193355,192273,.,329000,1939
301.0,3355,1082,0.28673621460506704,0.6661698956780924,0.1871833084947839,0.4066543438077634,0.09090909090909091,0.40566318926974665,0.2578558225508318,43229,.,42552,237200,1948
302.0,2327,1148,0.5522131499785131,0.3115599484314568,0.08895573700042973,0.11846689895470383,0.019338203695745595,0.22690159003008165,0.2935540069686411,111048,111985,30347,316300,1989
401.0,4007,2321,0.5497878712253557,0.14075368105814823,0.06887946094334914,0.014648858250753986,0.02320938357873721,0.25106064387322186,0.08401551055579491,85625,98500,95197,270500,1973
402.0,865,234,0.44739884393063584,0.33179190751445087,0.03352601156069364,0.0,0.0,0.09364161849710982,0.0,.,.,.,.,1939
601.0,2948,993,0.32530529172320216,0.4816824966078697,0.1889416553595658,0.24874118831822759,0.03561736770691994,0.3548168249660787,0.5246727089627392,34375,.,30729,199400,1939
602.0,3075,1084,0.5173983739837399,0.4211382113821138,0.12878048780487805,0.0996309963099631,0.05853658536585366,0.20585365853658535,0.5092250922509225,67679,101563,35242,197100,1939
603.0,1931,763,0.4583117555670637,0.4370792335577421,0.12221646815121699,0.19003931847968544,0.04194717762817193,0.22061108234075608,0.48230668414154654,53571,83594,30938,219600,1939
604.0,1433,729,0.29797627355198886,0.6475924633635729,0.016050244242847175,0.14814814814814814,0.026517794836008374,0.17725052337752967,0.24417009602194786,57398,87917,56097,190400,1959
701.0,2889,793,0.0512287988923503,0.9072343371408792,0.10972654897888542,0.47540983606557374,0.07268951194184839,0.38767739702319143,0.3669609079445145,43125,49044,42796,63400,1939
702.0,2817,1001,0.008164714235001775,0.9801206957756479,0.04508342208022719,0.46253746253746253,0.12779552715654952,0.4359247426340078,0.27172827172827174,24850,.,24400,73700,1939
703.0,885,317,0.11751412429378531,0.7796610169491526,0.1638418079096045,0.1892744479495268,0.03954802259887006,0.39661016949152544,0.4069400630914827,28553,.,27961,107100,1939
704.0,1495,725,0.06488294314381271,0.8568561872909699,0.01471571906354515,0.1986206896551724,0.06889632107023412,0.4461538461538462,0.07448275862068965,36534,.,35909,51400,1978
801.01,3993,1302,0.28199348860505885,0.6654144753318307,0.01252191334835963,0.35944700460829493,0.04257450538442274,0.1555221637866266,0.6121351766513057,61522,96705,58199,154300,1939
801.02,2181,726,0.012838147638697846,0.9779917469050894,0.0,0.5399449035812672,0.06648326455754242,0.31407611187528656,0.4380165289256198,37132,.,37059,85100,1939
802.0,1539,585,0.036387264457439894,0.9636127355425601,0.0,0.3145299145299145,0.08706952566601689,0.24171539961013644,0.39145299145299145,38781,.,39125,69000,1939
803.01,1653,586,0.030852994555353903,0.957047791893527,0.02601330913490623,0.3293515358361775,0.09134906231094979,0.2613430127041742,0.41638225255972694,46250,.,45521,44200,1939
803.02,3002,1139,0.0,0.9603597601598934,0.017321785476349102,0.39596136962247586,0.056628914057295136,0.31945369753497665,0.6532045654082529,36023,.,36932,79400,1945
804.0,1214,355,0.1886326194398682,0.800658978583196,0.07413509060955518,0.3295774647887324,0.0914332784184514,0.44810543657331137,0.323943661971831,31923,.,36731,92100,1939
805.0,1683,545,0.0041592394533571005,0.9792038027332145,0.0,0.44036697247706424,0.08912655971479501,0.3006535947712418,0.5284403669724771,35945,.,35819,57500,1939
806.0,2418,812,0.05334987593052109,0.9371381306865177,0.0,0.35714285714285715,0.07857733664185278,0.27005789909015715,0.5073891625615764,39250,13958,44375,43500,1939
807.0,697,296,0.00430416068866571,0.994261119081779,0.0014347202295552368,0.2635135135135135,0.10616929698708752,0.16929698708751795,0.6385135135135135,31705,.,31705,49000,1939
808.0,1452,459,0.048209366391184574,0.9132231404958677,0.0371900826446281,0.6274509803921569,0.06542699724517906,0.3581267217630854,0.2178649237472767,37321,.,43929,168800,1939
901.0,4057,1669,0.13384274094158244,0.837811190534878,0.024895242790239094,0.22288795686039545,0.05619916194232191,0.23638156273108207,0.579388855602157,59432,90391,48214,130500,1939
902.0,3027,1200,0.17310868847043276,0.791212421539478,0.020482325735051207,0.155,0.03501816980508755,0.07367030062768418,0.8941666666666667,95469,103750,84792,164600,1947
903.0,4558,1962,0.23892057920140414,0.6770513383062747,0.032250987275120664,0.16156982670744138,0.054629223343571745,0.2933304080737165,0.4908256880733945,58750,72000,70972,152300,1943
904.0,1756,632,0.10990888382687927,0.8177676537585421,0.08769931662870159,0.37816455696202533,0.04328018223234624,0.30580865603644647,0.24841772151898733,31197,.,32128,94900,1942
905.0,1957,680,0.17066939192641797,0.7623914154317833,0.0035769034236075624,0.3014705882352941,0.045988758303525806,0.16862544711292796,0.49558823529411766,48250,72750,43375,97700,1939
906.0,3260,931,0.10306748466257669,0.8883435582822086,0.00030674846625766873,0.2663802363050483,0.10153374233128834,0.23803680981595093,0.7540279269602578,52647,.,50917,91800,1939
907.0,3090,1098,0.030744336569579287,0.9453074433656958,0.02912621359223301,0.39162112932604737,0.08737864077669903,0.24563106796116504,0.5555555555555556,43333,.,43601,55700,1939
908.0,2797,928,0.02359671076153021,0.9335001787629603,0.013585984983911333,0.3275862068965517,0.1551662495530926,0.3636038612799428,0.5743534482758621,36199,.,36607,60200,1939
909.0,2500,940,0.0348,0.9588,0.0612,0.48829787234042554,0.1028,0.2472,0.23829787234042554,32694,.,32694,86100,1939
1001.0,2238,860,0.017873100983020553,0.9727435210008937,0.00044682752457551384,0.31046511627906975,0.0773011617515639,0.46559428060768543,0.3430232558139535,29526,.,29483,88600,1954
1002.0,2837,1145,0.029256256609094113,0.9633415579837857,0.010927035600986958,0.3554585152838428,0.04617553753965457,0.39584067677123724,0.08733624454148471,.,.,.,86700,1972
1003.0,4247,0,0.16906051330350835,0.7805509771603485,0.046856604662114436,,0.0,0.0,,.,.,.,.,.
1101.0,3040,1931,0.5838815789473685,0.22138157894736843,0.05394736842105263,0.024857586742620404,0.035526315789473684,0.16480263157894737,0.12480580010357328,86635,109900,.,215400,1939
1102.0,5273,3606,0.6400531007016879,0.22150578418357672,0.062962260572729,0.005546311702717693,0.02768822302294709,0.16081926796889817,0.10510260676650028,95288,97308,.,279200,1939
1201.0,4602,2390,0.6453715775749674,0.08561495002172968,0.03867883528900478,0.03933054393305439,0.03346371142981312,0.18296392872664058,0.5,114706,163333,.,318800,1950
1202.01,1986,883,0.7049345417925479,0.1797583081570997,0.030715005035246726,0.01812004530011325,0.030211480362537766,0.1691842900302115,0.6194790486976217,145500,157000,79219,252000,1939
1202.02,6030,1682,0.5767827529021559,0.11492537313432835,0.06285240464344942,0.017241379310344827,0.021393034825870648,0.1834162520729685,0.1967895362663496,121477,.,.,280800,1939
1203.0,3949,1585,0.38237528488224864,0.49379589769561916,0.03064066852367688,0.16025236593059936,0.07596859964547986,0.22993162826031907,0.38233438485804416,49605,100833,32188,223500,1939
1204.0,1707,624,0.2513181019332162,0.7270064440538957,0.029876977152899824,0.28525641025641024,0.04159343878148799,0.4094903339191564,0.29967948717948717,37955,81023,28229,161900,1939
1205.0,2340,949,0.3269230769230769,0.5713675213675213,0.045726495726495724,0.12750263435194942,0.07435897435897436,0.26965811965811964,0.2708113804004215,53600,87596,48750,254900,1939
1206.0,2687,1630,0.4331968738369929,0.46445850390770377,0.08820245627093412,0.08282208588957055,0.036471901749162636,0.3546706363974693,0.0803680981595092,32064,.,.,220200,1939
1207.0,2241,1010,0.7099509147701919,0.2253458277554663,0.022757697456492636,0.0801980198019802,0.08879964301651048,0.12940651494868363,0.5356435643564357,65655,105500,54625,122800,1939
1301.0,2746,1434,0.17079388201019666,0.7807720320466133,0.027312454479242534,0.14574616457461645,0.04042243262927895,0.3667152221412964,0.22454672245467225,67132,130956,54643,222200,1939
1302.0,3195,1202,0.14147104851330203,0.8056338028169014,0.03411580594679186,0.29534109816971715,0.04538341158059468,0.30109546165884193,0.30282861896838603,56061,123929,44968,235600,1939
1303.0,2446,852,0.05478331970564186,0.9276369582992641,0.006132461161079314,0.22887323943661972,0.06091578086672118,0.34873262469337696,0.4694835680751174,42095,150500,41115,113000,1939
1304.0,2182,821,0.06370302474793767,0.8831347387717691,0.04812098991750687,0.2241169305724726,0.07974335472043996,0.34234647112740607,0.3982947624847747,43036,240263,40284,105800,1939
1306.0,3682,1692,0.8373166757197176,0.06952743074416078,0.022270505160239002,0.04728132387706856,0.018739815317762087,0.10239000543183052,0.6128841607565012,105660,101310,.,217800,1939
1307.0,4712,2382,0.8463497453310697,0.07470288624787776,0.04753820033955857,0.02225020990764064,0.01803904923599321,0.07640067911714771,0.4802686817800168,83908,83310,.,254000,1939
1308.03,2416,1153,0.6870860927152318,0.09933774834437085,0.03559602649006623,0.0971379011274935,0.029387417218543047,0.09892384105960265,0.5897658282740676,62112,60313,.,183300,1953
1308.04,1942,869,0.903707518022657,0.0756951596292482,0.03192584963954686,0.15420023014959724,0.04685890834191555,0.15911431513903193,0.5155350978135789,62396,61979,.,201200,1939
1308.05,906,598,0.10816777041942605,0.8642384105960265,0.0,0.11538461538461539,0.03090507726269316,0.1390728476821192,0.4765886287625418,74940,79318,73869,179500,1982
1308.06,1353,520,0.7501847745750185,0.18920916481892092,0.06947524020694752,0.10192307692307692,0.014781966001478197,0.059127864005912786,0.5942307692307692,115875,116875,.,236500,1943
1401.0,4700,2348,0.554468085106383,0.3417021276595745,0.07042553191489362,0.036201022146507666,0.03361702127659574,0.16595744680851063,0.31899488926746167,126354,173750,.,395500,1939
1402.0,2691,919,0.031958379784466744,0.9528056484578223,0.006688963210702341,0.4809575625680087,0.026755852842809364,0.5496098104793757,0.1305767138193689,16008,.,15363,.,1939
1403.0,2856,1041,0.03956582633053221,0.9275210084033614,0.01015406162464986,0.33045148895292986,0.04131652661064426,0.40861344537815125,0.2737752161383285,31563,172321,31382,168600,1939
1501.0,2678,1034,0.010455563853622106,0.9690067214339059,0.0,0.4148936170212766,0.08140403286034353,0.44884241971620614,0.3365570599613153,25333,.,22200,74300,1939
1502.0,2573,769,0.0,0.9626894675476098,0.0,0.3368010403120936,0.050524679362611735,0.27905169063350177,0.459037711313394,47056,.,49375,64100,1939
1503.0,2117,652,0.00803023145961266,0.9759093056211621,0.0033065658951346244,0.40644171779141103,0.06282475200755787,0.2017005196032121,0.5690184049079755,50104,.,44931,70900,1939
1504.0,3749,1105,0.009069085089357162,0.9354494531875167,0.00480128034142438,0.31221719457013575,0.057882101893838356,0.17871432381968524,0.269683257918552,48041,.,48446,73300,1939
1505.0,1582,634,0.03729456384323641,0.9601769911504425,0.029077117572692796,0.3422712933753943,0.056890012642225034,0.2509481668773704,0.4022082018927445,48375,.,47438,113400,1939
1506.0,2922,993,0.04209445585215606,0.9486652977412731,0.0,0.3333333333333333,0.121492128678987,0.3134839151266256,0.3564954682779456,29635,.,28229,80000,1939
1507.01,1547,586,0.04266321913380737,0.9224305106658048,0.009696186166774402,0.36006825938566556,0.05106658047834518,0.1887524240465417,0.6552901023890785,47717,.,46125,106300,1939
1507.02,2211,853,0.010402532790592492,0.9579375848032564,0.006331976481230212,0.3704572098475967,0.05608322026232474,0.24061510628674807,0.6623681125439624,56875,.,55781,86300,1939
1508.0,4337,1751,0.0071477980170624855,0.9631081392667743,0.007608946276227807,0.2884066247858367,0.0629467373760664,0.25824302513258013,0.44031981724728725,50034,.,50034,158200,1939
1509.0,3327,1198,0.03606853020739405,0.9501051998797716,0.016831980763450556,0.3046744574290484,0.03606853020739405,0.22753231139164412,0.6652754590984975,62939,93375,62273,111000,1939
1510.0,4764,1620,0.04638958858102435,0.9202350965575147,0.02413937867338371,0.3154320987654321,0.05877413937867338,0.22502099076406382,0.528395061728395,42192,.,42208,160800,1939
1511.0,6918,2632,0.0027464585140213934,0.9865568083261058,0.0,0.3487841945288754,0.0677941601618965,0.20670714079213645,0.6580547112462006,58750,.,57459,145900,1944
1512.0,4761,1701,0.042428061331653014,0.9468599033816425,0.00924175593362739,0.3644914756025867,0.06553245116572148,0.3348036126864104,0.30922986478542036,31929,14485,32364,90900,1939
1513.0,4338,1508,0.06915629322268327,0.888197325956662,0.044490548639926235,0.33090185676392575,0.06823420931304748,0.3499308437067773,0.3680371352785146,30611,.,30291,80400,1939
1601.0,1998,930,0.01701701701701702,0.9369369369369369,0.008008008008008008,0.2806451612903226,0.05805805805805806,0.4269269269269269,0.3139784946236559,28611,.,30556,110300,1939
1602.0,2389,847,0.006278777731268313,0.9912097111762244,0.011720385098367517,0.33766233766233766,0.06278777731268313,0.34951862704060277,0.38488783943329397,36333,.,36583,95800,1939
1603.0,1114,363,0.11041292639138241,0.8868940754039497,0.0,0.30578512396694213,0.05206463195691203,0.47127468581687615,0.25068870523415976,27596,.,.,96100,1939
1604.0,2452,717,0.0065252854812398045,0.9828711256117455,0.0,0.4825662482566248,0.03303425774877651,0.42536704730831976,0.3947001394700139,42566,.,42829,28300,1939
1605.0,4605,1562,0.0,1.0,0.0,0.31306017925736235,0.04343105320304017,0.23995656894679696,0.5781049935979513,40938,.,40938,70900,1939
1606.0,3393,1165,0.020925434718538166,0.9395814913056293,0.019157088122605363,0.3218884120171674,0.052460949012673154,0.3383436486884763,0.42832618025751074,37237,.,37850,66600,1939
1607.0,4311,1491,0.017629320343307817,0.9714683368128044,0.009278589654372536,0.3936955063715627,0.07840408257944792,0.32799814428206914,0.40308517773306507,36580,.,36235,81500,1939
1608.01,3128,1155,0.016624040920716114,0.9702685421994884,0.0,0.3463203463203463,0.0828005115089514,0.1547314578005115,0.6216450216450217,49413,.,49413,111100,1951
1608.02,3375,1056,0.016592592592592593,0.9706666666666667,0.029333333333333333,0.4071969696969697,0.05037037037037037,0.14103703703703704,0.6846590909090909,47997,.,48097,90900,1940
1701.0,1661,974,0.31005418422636966,0.6411800120409392,0.011438892233594221,0.21765913757700206,0.03732691149909693,0.25647200481637566,0.1704312114989733,31797,99250,26204,166000,1939
1702.0,3033,1439,0.076162215628091,0.8707550280250577,0.002637652489284537,0.2425295343988881,0.0530827563468513,0.5044510385756676,0.04030576789437109,24844,.,23490,182400,1954
1703.0,1630,790,0.020858895705521473,0.9349693251533743,0.006134969325153374,0.29240506329113924,0.06441717791411043,0.3239263803680982,0.38354430379746834,46750,.,46750,142000,1953
1801.0,2253,946,0.001775410563692854,0.9902352418996893,0.005770084332001775,0.5158562367864693,0.07634265423879272,0.5481580115401686,0.06871035940803383,19844,.,19635,132700,1988
1802.0,930,342,0.1032258064516129,0.8612903225806452,0.035483870967741936,0.19005847953216373,0.0913978494623656,0.32150537634408605,0.2807017543859649,38477,.,38438,157300,1956
1803.0,1651,803,0.3737129012719564,0.5626892792247123,0.012113870381586917,0.15317559153175592,0.05511811023622047,0.37189582071471833,0.29265255292652553,62596,64519,.,182800,1939
1901.0,2057,796,0.12348079727758872,0.8507535245503159,0.09868740884783665,0.3065326633165829,0.04423918327661643,0.42391832766164317,0.17839195979899497,23750,98571,21169,85300,1939
1902.0,1877,695,0.3297815663292488,0.5295684603090037,0.12040490143846563,0.17266187050359713,0.07565263718700053,0.29621736814065,0.3194244604316547,42500,75114,.,190400,1939
1903.0,2442,861,0.23300573300573302,0.6216216216216216,0.10974610974610975,0.25319396051103366,0.050778050778050775,0.4582309582309582,0.23925667828106853,20962,20096,16382,59200,1939
2001.0,1745,567,0.0166189111747851,0.9833810888252149,0.001146131805157593,0.3968253968253968,0.07851002865329514,0.44068767908309453,0.3844797178130511,33984,.,33984,61000,1939
2002.0,2618,897,0.02559205500381971,0.9526355996944232,0.0,0.3277591973244147,0.05844155844155844,0.3479755538579068,0.43255295429208473,37336,.,36316,48400,1939
2003.0,1612,502,0.14702233250620347,0.6581885856079405,0.0707196029776675,0.4203187250996016,0.0663771712158809,0.4392059553349876,0.19322709163346613,30263,31406,27292,43000,1939
2004.0,1549,513,0.05422853453841188,0.8831504196255648,0.016139444803098774,0.33723196881091616,0.06003873466752744,0.3712072304712718,0.2962962962962963,32208,.,32719,54200,1939
2005.0,2943,972,0.32483860006795784,0.5239551478083588,0.10057764186204553,0.20473251028806586,0.04281345565749235,0.4325518178729188,0.31584362139917693,27250,.,39412,33900,1939
2006.0,2299,779,0.2662026968247064,0.667246628969117,0.03349282296650718,0.36713735558408217,0.0704654197477164,0.2192257503262288,0.6007702182284981,48141,53026,47679,78200,1944
2007.01,5483,1865,0.011125296370600037,0.9886923217216852,0.01969724603319351,0.39946380697050937,0.10031004924311508,0.26883093197154845,0.44718498659517425,41955,.,41955,83200,1945
2007.02,1100,426,0.025454545454545455,0.9654545454545455,0.0,0.4835680751173709,0.03363636363636364,0.31636363636363635,0.715962441314554,29375,.,29375,84600,1939
2008.0,2075,831,0.10843373493975904,0.8766265060240964,0.014457831325301205,0.2888086642599278,0.05253012048192771,0.2853012048192771,0.5523465703971119,42188,59167,41359,96400,1939
2101.0,2378,966,0.3107653490328007,0.6433978132884777,0.02144659377628259,0.1997929606625259,0.07905803195962995,0.21951219512195122,0.422360248447205,37250,54531,31875,169500,1939
2102.0,3025,1252,0.39834710743801655,0.5269421487603306,0.030413223140495868,0.24600638977635783,0.07008264462809917,0.32462809917355373,0.48722044728434505,37500,55875,22054,132400,1939
2201.0,4308,2208,0.7172701949860725,0.15204271123491178,0.06267409470752089,0.03306159420289855,0.017409470752089137,0.122330547818013,0.36820652173913043,134545,135000,.,468800,1981
2301.0,1822,773,0.6026344676180022,0.3518111964873765,0.03951701427003293,0.12419146183699871,0.027991218441273325,0.150384193194292,0.36351875808538164,48400,.,48350,320600,1939
2302.0,2166,999,0.7977839335180056,0.13342566943674977,0.048938134810710986,0.04604604604604605,0.004155124653739612,0.07710064635272391,0.5025025025025025,120526,121875,.,264700,1939
2303.0,1306,632,0.9111791730474732,0.043644716692189896,0.032924961715160794,0.028481012658227847,0.006891271056661562,0.07580398162327719,0.5063291139240507,147500,147750,.,276600,1939
2401.0,3091,1459,0.9230022646392753,0.030734390164995146,0.03299902944031058,0.04866346812885538,0.021999352960207053,0.04723390488515044,0.726525017135024,150091,151083,.,299100,1939
2402.0,3218,1605,0.8275326289620882,0.08079552517091361,0.03387197016780609,0.03489096573208723,0.017712865133623367,0.044748290863890615,0.626791277258567,180694,188036,87813,367300,1989
2403.0,2075,1033,0.8679518072289156,0.027951807228915663,0.07566265060240963,0.017424975798644726,0.013012048192771084,0.06843373493975903,0.4617618586640852,180694,177411,.,356900,1939
2404.0,2877,1175,0.9294403892944039,0.005908932916232186,0.05005213764337852,0.04425531914893617,0.009732360097323601,0.02015988877302746,0.6119148936170212,108361,109417,.,312500,1939
2501.01,4354,1586,0.11874138723013321,0.8112080845199816,0.002756086357372531,0.3530895334174023,0.033991731740927886,0.20555810748736794,0.5964691046658259,62756,106681,59194,134700,1956
2501.02,3250,1249,0.025846153846153845,0.9578461538461538,0.005538461538461538,0.4243394715772618,0.07107692307692308,0.1443076923076923,0.5076060848678943,53718,41964,53861,115900,1955
2501.03,3417,1569,0.6078431372549019,0.29792215393620136,0.0752121744220076,0.13894200127469725,0.030728709394205442,0.1855428738659643,0.4933078393881453,68971,82448,65972,144200,1956
2502.03,1938,697,0.1475748194014448,0.7750257997936016,0.07481940144478844,0.3127690100430416,0.019091847265221878,0.21001031991744065,0.2783357245337159,43824,.,45167,87700,1948
2502.04,4037,1468,0.07233093881595244,0.9254396829328709,0.050532573693336635,0.5129427792915532,0.04557839980183304,0.5957394104533069,0.06743869209809264,15281,.,15153,129900,1951
2502.05,4397,1533,0.35774391630657265,0.546281555606095,0.08574027746190585,0.3150684931506849,0.07232203775301342,0.19627018421651127,0.38551859099804303,40707,60050,33636,105500,1956
2502.06,2021,819,0.7798119742701632,0.13211281543790204,0.10687778327560614,0.10134310134310134,0.0677882236516576,0.1400296882731321,0.8058608058608059,72159,71364,.,109900,1939
2502.07,2093,836,0.06880076445293837,0.8905876731963689,0.05733397037744864,0.30741626794258375,0.04395604395604396,0.22312470138557094,0.17105263157894737,40417,84000,36635,75400,1956
2503.01,2348,819,0.12095400340715502,0.879045996592845,0.054088586030664396,0.5494505494505495,0.07453151618398637,0.33986371379897784,0.4554334554334554,30750,.,30387,96300,1956
2503.03,2224,878,0.5732913669064749,0.24415467625899281,0.11151079136690648,0.21867881548974943,0.05845323741007194,0.29901079136690645,0.5398633257403189,44464,45893,21250,88200,1944
2504.01,3497,1156,0.5487560766371176,0.28910494709751217,0.160995138690306,0.20588235294117646,0.06720045753503003,0.27566485559050613,0.4610726643598616,39601,41382,34676,112300,1939
2504.02,4232,1532,0.29607750472589794,0.5111058601134215,0.15406427221172023,0.24086161879895562,0.06947069943289225,0.2710302457466919,0.3387728459530026,46875,66563,40833,87700,1944
2505.0,5171,1761,0.47727712241345965,0.3763295300715529,0.13691742409591956,0.22373651334469052,0.05724231289885902,0.3134790175981435,0.3321976149914821,44219,43203,51351,104700,1939
2506.0,0,0,,,,,,,,.,.,.,.,.
2601.01,4725,1860,0.29164021164021164,0.6543915343915344,0.07005291005291005,0.22204301075268817,0.0455026455026455,0.13142857142857142,0.6086021505376344,65815,62241,63690,152300,1953
2601.02,4742,1673,0.1159848165331084,0.8477435681147195,0.043863348797975536,0.22773460848774657,0.03795866722901729,0.09468578658793758,0.840406455469217,63244,105769,60978,124900,1954
2602.01,5259,2252,0.13386575394561703,0.8077581289218483,0.011218862901692337,0.14520426287744229,0.027952082144894468,0.17322684921087658,0.27486678507992895,46042,94400,39375,142200,1961
2602.02,5785,2337,0.04840103716508211,0.8634399308556612,0.02990492653414002,0.29311082584510056,0.05566119273984443,0.18807260155574762,0.40522036799315364,40917,.,42083,101300,1957
2602.03,3041,1058,0.03978954291351529,0.9470568891811904,0.003946070371588293,0.3752362948960302,0.05787569878329497,0.23248931272607695,0.4839319470699433,48214,27188,48571,129100,1958
2603.01,4649,1585,0.06366960636696063,0.8887932888793288,0.001505700150570015,0.4391167192429022,0.057216605721660575,0.2796300279630028,0.5987381703470032,46929,.,48125,103800,1945
2603.02,6557,2457,0.07061156016470947,0.9095622998322404,0.02424889431142291,0.4424094424094424,0.08189720908952265,0.3005947842000915,0.5726495726495726,34848,56905,32396,107700,1952
2603.03,947,399,0.293558606124604,0.6494192185850053,0.06863780359028511,0.2781954887218045,0.06230200633579725,0.3938753959873284,0.2781954887218045,27417,25125,28313,46800,2002
2604.01,3533,1284,0.6560996320407586,0.1341636003396547,0.38380979337673365,0.2616822429906542,0.05462779507500708,0.2618171525615624,0.5381619937694704,34878,40511,.,36300,1947
2604.02,2999,1134,0.03567855951983995,0.9099699899966656,0.0,0.25925925925925924,0.06302100700233411,0.20006668889629878,0.26455026455026454,50993,.,50966,131100,1971
2604.03,1840,695,0.06684782608695652,0.9157608695652174,0.0,0.39136690647482014,0.08423913043478261,0.3157608695652174,0.260431654676259,32917,.,31481,126500,1967
2604.04,2277,618,0.3759332454984629,0.31181379007465965,0.3513394817742644,0.2750809061488673,0.02678963548528766,0.29907773386034253,0.3818770226537217,35650,36842,21650,77500,1939
2605.01,5785,1914,0.6473638720829732,0.10423509075194469,0.31581676750216076,0.16039707419017765,0.024719101123595506,0.09887640449438202,0.5632183908045977,61250,66130,.,114300,1951
2606.04,1435,490,0.1289198606271777,0.7066202090592334,0.1059233449477352,0.5755102040816327,0.07177700348432056,0.47247386759581883,0.3020408163265306,20081,43839,12955,88300,1955
2606.05,4606,1740,0.6135475466782457,0.1678245766391663,0.3026487190620929,0.13045977011494253,0.032783326096396004,0.3178462874511507,0.5160919540229885,38750,40486,67266,110400,1954
2607.0,2691,872,0.6421404682274248,0.023411371237458192,0.431438127090301,0.12844036697247707,0.020066889632107024,0.20995912300260125,0.6112385321100917,57554,72750,.,171400,1939
2608.0,2704,1053,0.7085798816568047,0.22485207100591717,0.3886834319526627,0.08452041785375118,0.034023668639053255,0.21227810650887574,0.39316239316239315,47695,44716,.,139000,1939
2609.0,3110,1488,0.8636655948553055,0.07652733118971061,0.06141479099678457,0.03225806451612903,0.01929260450160772,0.0594855305466238,0.4543010752688172,108750,116250,.,258500,1939
2610.0,3077,1008,0.6753331166720832,0.27786805329866754,0.2378940526486838,0.07539682539682539,0.026324341891452715,0.2918427039324017,0.6061507936507936,56364,88352,.,188900,1939
2611.0,1813,886,0.8891340319911748,0.07004964147821291,0.024269167126309985,0.019187358916478554,0.03916161059018202,0.08935466078323222,0.7336343115124153,150357,137639,204375,341000,1939
2701.01,1568,598,0.42028061224489793,0.5044642857142857,0.04272959183673469,0.18896321070234115,0.051658163265306124,0.2181122448979592,0.7474916387959866,66250,103750,.,181900,1939
2701.02,3953,1357,0.2924361244624336,0.6276245889198078,0.01264862130027827,0.28371407516580693,0.06020743738932456,0.0935997976220592,0.819454679439941,72095,80375,72692,152400,1939
2702.0,1772,696,0.5022573363431151,0.4153498871331828,0.034988713318284424,0.15804597701149425,0.07279909706546275,0.1010158013544018,0.6781609195402298,79250,78500,81250,205500,1939
2703.01,3089,1157,0.36678536743282614,0.5911298154742635,0.05406280349627711,0.06482281763180639,0.041113629006150856,0.09614762058918744,0.8184961106309421,82740,97371,67059,188000,1939
2703.02,1837,657,0.4964616222101252,0.46162221012520416,0.06967882416984214,0.1430745814307458,0.05933587370713119,0.13119216113228088,0.7184170471841704,90577,94000,73750,168100,1939
2704.01,6211,2216,0.2447270970858155,0.6868459185316375,0.02221864434068588,0.3046028880866426,0.020769602318467237,0.12638866527129286,0.8136281588447654,75489,66641,78639,140900,1952
2704.02,3396,1146,0.36012956419316844,0.5795053003533569,0.017962308598351,0.16753926701570682,0.03769140164899882,0.07597173144876325,0.8359511343804538,86759,110417,79510,180900,1943
2705.01,3994,1646,0.5393089634451678,0.42063094641962945,0.052829243865798695,0.1166464155528554,0.022033049574361543,0.07661492238357537,0.8055893074119077,85982,85357,89318,168500,1953
2705.02,4259,1796,0.3662831650622212,0.5825311105893403,0.006574313219065508,0.15367483296213807,0.06339516318384597,0.13125146748062927,0.6976614699331849,82368,96719,80526,173100,1943
2706.0,4882,1831,0.38160589922163046,0.5948381810733306,0.007988529291274069,0.1774986346258875,0.04178615321589513,0.1632527652601393,0.8017476788640088,75000,76250,73472,168600,1939
2707.01,2654,1193,0.044461190655614165,0.9295403165033911,0.04634513941220799,0.20620284995808885,0.09457422758100979,0.1880180859080633,0.0,45217,.,45217,.,1968
2707.02,1962,910,0.29510703363914376,0.6625891946992865,0.0163098878695209,0.2681318681318681,0.06320081549439348,0.12691131498470948,0.49230769230769234,49861,70417,41750,178500,1953
2707.03,2646,1146,0.5971277399848829,0.35752078609221466,0.045351473922902494,0.10296684118673648,0.03665910808767952,0.07860922146636433,0.6727748691099477,73719,95938,64440,181900,1943
2708.01,4184,1563,0.12547801147227533,0.7985181644359465,0.0124282982791587,0.26231605886116444,0.043021032504780114,0.14196940726577437,0.691618682021753,53910,73190,53723,135200,1955
2708.02,5738,2223,0.04252352736144998,0.9128616242593238,0.04304635761589404,0.300944669365722,0.06291390728476821,0.10474032764029279,0.4143049932523617,65396,.,58906,120200,1955
2708.03,7144,2863,0.09140537513997761,0.8902575587905935,0.006578947368421052,0.26580509954593085,0.06802911534154535,0.06061030235162374,0.3932937478169752,60856,.,60398,135100,1957
2708.04,3172,1432,0.4918032786885246,0.4646910466582598,0.10466582597730138,0.18435754189944134,0.057061790668348045,0.17150063051702397,0.4308659217877095,91364,108750,57031,205500,1961
2708.05,5278,1895,0.09681697612732096,0.8423645320197044,0.03220917014020462,0.24063324538258576,0.07540735126942023,0.11481621826449413,0.7572559366754618,63314,84286,59519,141500,1952
2709.01,4259,1667,0.02301009626672928,0.9598497299835642,0.029114815684432964,0.20215956808638272,0.05212491195116224,0.10354543320028176,0.5356928614277144,66515,.,68073,133400,1955
2709.02,5626,1430,0.048524706718805544,0.9111269107714184,0.015286171347316033,0.3083916083916084,0.05847849271240668,0.07003199431212229,0.8335664335664336,63333,.,63381,159700,1954
2709.03,4630,1191,0.1833693304535637,0.7388768898488121,0.09611231101511879,0.14693534844668346,0.04060475161987041,0.10755939524838012,0.5927791771620488,51746,121146,50699,163100,1946
2710.01,2400,833,0.03791666666666667,0.9420833333333334,0.01,0.3433373349339736,0.07083333333333333,0.20333333333333334,0.4225690276110444,46953,.,47422,100600,1939
2710.02,4268,1510,0.03303655107778819,0.950796626054358,0.019681349578256794,0.356953642384106,0.08341143392689784,0.35332708528584816,0.6298013245033113,47679,97083,46736,112800,1945
2711.01,1986,878,0.5070493454179255,0.3363544813695871,0.010574018126888218,0.14009111617312073,0.03121852970795569,0.23363544813695872,0.438496583143508,89643,107788,54327,234500,1958
2711.02,4496,466,0.6612544483985765,0.19217081850533807,0.045151245551601424,0.05150214592274678,0.008229537366548042,0.00800711743772242,0.9828326180257511,238393,250001,71711,849500,1939
2712.0,6661,2276,0.7269178801981685,0.14352199369464044,0.042335985587749585,0.031195079086115993,0.025821948656357903,0.0573487464344693,0.8563268892794376,188056,198287,94938,448100,1939
2713.0,2715,1095,0.8372007366482505,0.05930018416206261,0.016574585635359115,0.021004566210045664,0.0022099447513812156,0.021731123388581953,0.6557077625570776,202969,197228,.,542000,1939
2714.0,4047,1454,0.7768717568569311,0.06449221645663454,0.04571287373362985,0.055020632737276476,0.02223869532987398,0.06300963676797627,0.6513067400275103,205521,207989,.,480100,1939
2715.01,4077,1735,0.7969094922737306,0.12018641157714005,0.05175374049546235,0.05936599423631124,0.019376992886926663,0.06450821682609761,0.631700288184438,138063,144952,.,343500,1958
2715.03,863,632,0.8783314020857474,0.04055619930475087,0.0220162224797219,0.030063291139240507,0.01738122827346466,0.054461181923522596,0.8465189873417721,127143,145000,.,178000,1971
2716.0,4693,1601,0.02237374813552099,0.9710206690816109,0.004900916258256978,0.37851342910680824,0.0865118261240145,0.3245258896228425,0.4297314178638351,31940,.,32639,99300,1950
2717.0,5066,1827,0.04441373864982234,0.9467035136202132,0.0011843663639952626,0.30268199233716475,0.07244374259771022,0.1800236873272799,0.4603174603174603,48730,.,48607,99000,1946
2718.01,2960,1274,0.015202702702702704,0.9358108108108109,0.016216216216216217,0.21271585557299844,0.08277027027027027,0.3152027027027027,0.5196232339089482,50921,.,51206,73700,1945
2718.02,2543,915,0.0027526543452615023,0.9819111285882816,0.0023594180102241447,0.4054644808743169,0.03893039716869839,0.3220605583955958,0.44371584699453553,29298,.,29123,62200,1940
2719.0,4012,1476,0.2450149551345962,0.7345463609172482,0.0,0.1937669376693767,0.038883349950149554,0.20962113659022932,0.690379403794038,76071,116375,58977,164200,1942
2720.03,5677,1918,0.6769420468557337,0.30385767130526686,0.037167518055310905,0.13451511991657977,0.024132464329751628,0.0866654923375022,0.6438998957247133,99934,102701,102714,257000,1960
2720.04,3811,1835,0.7654159013382315,0.1464182629231173,0.02177906061401207,0.05940054495912807,0.018892679086853843,0.13303594856992915,0.38528610354223436,59185,49650,92422,148900,1979
2720.05,3440,1219,0.8805232558139535,0.09738372093023256,0.014534883720930232,0.06808859721082855,0.03575581395348837,0.18343023255813953,0.5676784249384742,79375,94196,42727,268200,1959
2720.06,3513,1679,0.4736692285795616,0.47594648448619414,0.03472815257614575,0.14532459797498512,0.03615143751779106,0.21064617136350697,0.2799285288862418,57765,69531,55532,147100,1956
2720.07,4626,1848,0.46433203631647213,0.45330739299610895,0.10138348465196714,0.18885281385281386,0.061608300907911806,0.21508862948551666,0.3235930735930736,48125,47500,54500,152500,1959
2801.01,3763,1398,0.08663300558065373,0.8822747807600319,0.03321817698644698,0.27896995708154504,0.02444857826202498,0.30693595535477014,0.44778254649499283,50756,33274,51599,114800,1954
2801.02,6292,2365,0.026064844246662427,0.9739351557533376,0.010648442466624285,0.2727272727272727,0.034170375079465985,0.182453909726637,0.5957716701902749,59332,.,59332,146300,1947
2802.0,5023,1730,0.03702966354768067,0.9135974517220784,0.0041807684650607205,0.21676300578034682,0.06370694803902051,0.20007963368504877,0.769364161849711,78606,86458,78205,177300,1941
2803.01,3731,1740,0.09916912355936747,0.8059501474135621,0.017957652103993568,0.2545977011494253,0.016885553470919325,0.2763334226748861,0.13620689655172413,47344,61719,45969,267500,1963
2803.02,2492,1015,0.048154093097913325,0.9418138041733547,0.006019261637239166,0.32019704433497537,0.060995184590690206,0.24759229534510432,0.3192118226600985,45625,.,44074,154300,1955
2804.01,3606,1499,0.16112035496394897,0.7922906267332224,0.016638935108153077,0.19279519679786525,0.037992235163616196,0.11092623405435385,0.6177451634422949,68821,108250,66016,166100,1954
2804.02,1657,630,0.006035003017501509,0.9668074834037417,0.004828002414001207,0.28888888888888886,0.05069402534701267,0.08026554013277007,0.7174603174603175,47895,.,47895,117300,1954
2804.03,5431,2224,0.2936844043454244,0.6864297551095563,0.030749401583502117,0.20593525179856115,0.04419075676670963,0.07273062051187626,0.4442446043165468,81042,96518,55131,204800,1951
2804.04,2519,961,0.04208019055180627,0.9015482334259627,0.0444620881302104,0.32362122788761705,0.05200476379515681,0.1925367209210004,0.404786680541103,42344,.,41313,127000,1976
2805.0,2257,984,0.10279131590607,0.8870181657066903,0.00974745237040319,0.31097560975609756,0.05316792202038104,0.592379264510412,0.0782520325203252,15224,.,15224,135500,1961
