census_tract,activity_year,income_group_code,nLoans1,amtLoans1,nLoans100k,amtLoans100k,nLoans250k,amtLoans250k,nLoansToSmallest,amtLoansToSmallest,nLoansTotal,amtLoansTotal
1011.00,2017,middle,15,110,0,0,0,0,13,109,15,$110
1012.00,2017,middle,16,184,0,0,0,0,10,139,16,$184
1013.00,2017,middle,55,374,0,0,0,0,35,268,55,$374
1014.00,2017,moderate,21,149,3,418,0,0,14,115,24,$567
1015.00,2017,moderate,42,737,2,275,3,2567,13,473,47,"$3,579"
1018.00,2017,moderate,55,656,7,1298,10,6600,27,2346,72,"$8,554"
1021.00,2017,middle,27,390,0,0,0,0,17,307,27,$390
1022.00,2017,upper,95,979,2,333,2,1155,68,2066,99,"$2,467"
1023.00,2017,moderate,18,404,0,0,0,0,10,155,18,$404
1024.00,2017,moderate,27,266,3,492,1,372,16,451,31,"$1,130"
1025.00,2017,middle,32,442,3,406,1,372,20,411,36,"$1,220"
1031.00,2017,upper,54,1119,8,1372,4,1798,38,2789,66,"$4,289"
1034.00,2017,upper,46,668,3,592,2,661,31,655,51,"$1,921"
1036.00,2017,middle,57,903,4,748,6,3510,20,572,67,"$5,161"
1037.00,2017,middle,68,1147,2,408,5,2317,41,1487,75,"$3,872"
1038.00,2017,middle,62,682,2,384,0,0,36,484,64,"$1,066"
1042.00,2017,middle,43,307,1,150,1,975,33,241,45,"$1,432"
1045.00,2017,middle,111,1498,4,730,13,7685,44,2492,128,"$9,913"
1051.98,2017,upper,51,532,2,289,2,1202,26,606,55,"$2,023"
1052.00,2017,middle,51,594,0,0,3,1495,34,1448,54,"$2,089"
1053.00,2017,moderate,24,377,1,143,0,0,14,262,25,$520
1054.00,2017,low,12,146,0,0,1,321,8,51,13,$467
1055.00,2017,low,27,131,0,0,0,0,18,111,27,$131
1061.00,2017,low,22,268,0,0,1,1000,15,216,23,"$1,268"
1062.00,2017,low,11,96,0,0,0,0,6,66,11,$96
1063.00,2017,low,9,167,1,213,4,1819,4,687,14,"$2,199"
1064.00,2017,low,29,328,1,240,1,500,13,130,31,"$1,068"
1065.00,2017,low,18,297,0,0,0,0,10,52,18,$297
1066.00,2017,low,17,286,1,224,1,529,6,377,19,"$1,039"
1067.00,2017,low,11,37,0,0,0,0,8,32,11,$37
1072.00,2017,low,2,63,0,0,0,0,1,3,2,$63
1073.00,2017,low,24,149,1,231,0,0,12,34,25,$380
1074.00,2017,low,17,115,0,0,0,0,15,111,17,$115
1075.00,2017,moderate,3,60,0,0,1,500,1,6,4,$560
1076.00,2017,moderate,6,30,0,0,0,0,4,25,6,$30
1081.00,2017,moderate,11,40,0,0,0,0,5,24,11,$40
1082.00,2017,moderate,22,135,1,206,0,0,14,259,23,$341
1083.00,2017,moderate,15,91,0,0,0,0,8,52,15,$91
1096.00,2017,moderate,37,796,3,563,3,1888,17,349,43,"$3,247"
1097.00,2017,low,39,504,1,250,4,1812,11,98,44,"$2,566"
1101.00,2017,low,12,87,0,0,0,0,9,71,12,$87
1102.00,2017,low,4,12,0,0,0,0,3,9,4,$12
1103.00,2017,low,8,213,0,0,1,650,1,50,9,$863
1104.00,2017,low,18,154,1,200,0,0,13,68,19,$354
1105.00,2017,moderate,17,142,0,0,0,0,11,134,17,$142
1111.00,2017,low,20,195,2,410,1,515,6,59,23,"$1,120"
1112.00,2017,low,14,132,0,0,0,0,9,70,14,$132
1113.00,2017,low,9,87,1,200,1,917,4,933,11,"$1,204"
1114.00,2017,low,7,124,0,0,1,300,5,52,8,$424
1115.00,2017,low,15,244,0,0,0,0,12,169,15,$244
1121.00,2017,upper,117,1331,4,595,5,2680,68,1841,126,"$4,606"
1122.00,2017,moderate,22,151,0,0,0,0,8,70,22,$151
1123.00,2017,low,13,257,0,0,0,0,7,74,13,$257
1124.00,2017,upper,155,2554,5,876,6,2774,83,2890,166,"$6,204"
1135.00,2017,middle,110,1899,10,1529,15,8240,52,3019,135,"$11,668"
1141.01,2017,moderate,49,459,2,425,2,1043,39,683,53,"$1,927"
1141.02,2017,upper,64,846,3,637,2,1275,32,725,69,"$2,758"
1142.00,2017,middle,73,1098,5,925,3,1084,46,1033,81,"$3,107"
1143.00,2017,upper,77,959,3,519,1,500,54,1113,81,"$1,978"
1151.00,2017,moderate,48,509,3,527,5,2337,32,1793,56,"$3,373"
1152.00,2017,low,84,1880,15,2527,6,3325,33,1863,105,"$7,732"
1153.00,2017,moderate,39,338,2,349,6,3209,25,611,47,"$3,896"
1154.00,2017,moderate,39,441,4,785,2,1500,21,1502,45,"$2,726"
1155.00,2017,low,47,517,1,128,0,0,27,333,48,$645
1156.00,2017,low,43,361,1,155,8,3490,18,251,52,"$4,006"
1157.00,2017,low,22,185,1,172,0,0,13,116,23,$357
1161.00,2017,moderate,31,418,2,306,1,300,25,563,34,"$1,024"
1162.00,2017,middle,88,1120,2,299,1,500,57,1299,91,"$1,919"
1163.01,2017,middle,61,666,2,363,0,0,41,728,63,"$1,029"
1163.02,2017,low,30,493,1,225,1,510,17,1034,32,"$1,228"
1164.00,2017,low,37,283,3,502,1,268,27,844,41,"$1,053"
1165.00,2017,moderate,59,586,2,373,5,2204,35,1074,66,"$3,163"
1171.00,2017,moderate,57,799,3,467,6,2705,24,631,66,"$3,971"
1172.00,2017,middle,77,865,1,150,1,920,49,582,79,"$1,935"
1174.00,2017,middle,47,491,0,0,3,1285,28,742,50,"$1,776"
1181.00,2017,moderate,94,1607,5,1030,7,4452,32,451,106,"$7,089"
1184.00,2017,unknown,31,550,10,1753,7,4383,11,794,48,"$6,686"
1186.00,2017,moderate,119,1847,8,1403,11,5402,66,2999,138,"$8,652"
1191.01,2017,middle,79,1231,2,350,3,1652,56,1994,84,"$3,233"
1191.02,2017,upper,97,1144,5,695,4,2892,64,2114,106,"$4,731"
1192.00,2017,upper,65,640,1,200,1,400,47,480,67,"$1,240"
1193.00,2017,low,56,599,2,350,2,1050,26,229,60,"$1,999"
1202.00,2017,low,8,25,0,0,1,600,3,17,9,$625
1211.00,2017,low,68,1548,13,2438,13,6992,41,3344,94,"$10,978"
1212.00,2017,low,11,155,0,0,0,0,4,126,11,$155
1231.00,2017,middle,79,963,6,899,3,1007,50,1422,88,"$2,869"
1232.00,2017,upper,50,559,8,1557,3,1545,37,769,61,"$3,661"
1233.00,2017,middle,65,1074,2,382,3,1088,41,989,70,"$2,544"
1241.00,2017,low,53,848,0,0,1,300,31,256,54,"$1,148"
1242.00,2017,low,47,402,0,0,0,0,22,193,47,$402
1243.00,2017,middle,89,957,2,275,2,1088,59,1992,93,"$2,320"
1246.00,2017,low,13,190,2,310,5,2527,4,25,20,"$3,027"
1255.00,2017,upper,144,1752,6,1030,11,5716,82,2621,161,"$8,498"
1256.00,2017,moderate,361,6597,23,4148,38,21344,151,6433,422,"$32,089"
1257.00,2017,low,20,384,1,250,2,1450,10,160,23,"$2,084"
1266.00,2017,low,77,1563,7,1295,10,4445,28,1387,94,"$7,303"
1267.00,2017,low,21,446,4,782,2,1200,10,123,27,"$2,428"
1268.00,2017,middle,90,1129,3,496,6,2401,57,1160,99,"$4,026"
1269.00,2017,low,59,1436,5,824,9,5966,27,1653,73,"$8,226"
1270.00,2017,low,86,1613,9,1470,11,6327,15,525,106,"$9,410"
1271.00,2017,low,11,77,2,340,0,0,8,204,13,$417
1272.00,2017,middle,111,1492,10,1464,8,4205,54,1126,129,"$7,161"
1273.00,2017,middle,46,653,3,547,2,1406,25,1159,51,"$2,606"
1274.00,2017,unknown,119,1535,8,1390,13,7735,69,3809,140,"$10,660"
1275.00,2017,low,92,1349,4,780,8,4261,35,2249,104,"$6,390"
1276.00,2017,middle,116,2078,10,1926,23,13552,65,3713,149,"$17,556"
1011.00,2016,middle,15,225,0,0,1,275,10,153,16,$500
1012.00,2016,middle,22,356,0,0,0,0,14,310,22,$356
1013.00,2016,middle,58,374,1,122,0,0,35,356,59,$496
1014.00,2016,moderate,23,124,2,277,0,0,16,377,25,$401
1015.00,2016,low,36,681,5,761,3,2292,13,558,44,"$3,734"
1018.00,2016,low,59,876,3,610,7,4400,24,1182,69,"$5,886"
1021.00,2016,moderate,26,169,0,0,0,0,15,143,26,$169
1022.00,2016,upper,110,1057,0,0,0,0,52,571,110,"$1,057"
1023.00,2016,middle,16,302,0,0,0,0,8,163,16,$302
1024.00,2016,moderate,30,557,2,272,0,0,18,611,32,$829
1025.00,2016,middle,28,257,4,762,0,0,18,657,32,"$1,019"
1031.00,2016,upper,59,1328,3,594,8,3270,38,3078,70,"$5,192"
1034.00,2016,upper,36,837,3,555,1,725,25,712,40,"$2,117"
1036.00,2016,middle,59,976,3,518,7,4536,23,498,69,"$6,030"
1037.00,2016,middle,68,712,1,186,0,0,39,359,69,$898
1038.00,2016,middle,57,667,1,175,0,0,34,542,58,$842
1042.00,2016,middle,45,488,1,150,0,0,26,322,46,$638
1045.00,2016,moderate,106,2185,11,1922,15,8673,48,4274,132,"$12,780"
1051.98,2016,upper,74,911,2,326,5,2958,34,1148,81,"$4,195"
1052.00,2016,upper,54,640,1,240,1,300,24,440,56,"$1,180"
1053.00,2016,low,21,280,0,0,0,0,14,95,21,$280
1054.00,2016,low,13,77,1,104,1,400,4,11,15,$581
1055.00,2016,middle,27,158,0,0,0,0,19,115,27,$158
1061.00,2016,moderate,9,168,2,217,0,0,6,54,11,$385
1062.00,2016,low,9,147,0,0,0,0,5,29,9,$147
1063.00,2016,low,8,74,0,0,3,1768,2,20,11,"$1,842"
1064.00,2016,low,25,298,0,0,2,1100,10,148,27,"$1,398"
1065.00,2016,low,16,87,1,245,1,1000,10,279,18,"$1,332"
1066.00,2016,low,10,106,0,0,2,774,4,806,12,$880
1067.00,2016,low,13,57,0,0,0,0,5,9,13,$57
1072.00,2016,low,2,7,1,184,0,0,1,6,3,$191
1073.00,2016,moderate,27,359,0,0,0,0,9,168,27,$359
1074.00,2016,moderate,3,18,0,0,0,0,3,18,3,$18
1075.00,2016,low,11,69,0,0,1,500,8,55,12,$569
1076.00,2016,low,7,37,0,0,1,500,6,34,8,$537
1081.00,2016,moderate,12,58,1,147,0,0,3,153,13,$205
1082.00,2016,middle,16,226,0,0,0,0,10,53,16,$226
1083.00,2016,moderate,10,36,0,0,0,0,5,18,10,$36
1096.00,2016,moderate,54,1225,7,834,4,2585,29,1222,65,"$4,644"
1097.00,2016,low,42,551,2,481,5,1816,15,64,49,"$2,848"
1101.00,2016,low,9,169,0,0,0,0,7,162,9,$169
1102.00,2016,low,6,29,0,0,1,794,3,813,7,$823
1103.00,2016,low,9,256,2,326,1,650,3,56,12,"$1,232"
1104.00,2016,moderate,15,127,2,414,0,0,12,323,17,$541
1105.00,2016,low,13,35,0,0,0,0,6,15,13,$35
1111.00,2016,low,25,298,2,410,0,0,10,128,27,$708
1112.00,2016,low,15,188,0,0,0,0,5,48,15,$188
1113.00,2016,low,3,28,0,0,0,0,1,1,3,$28
1114.00,2016,low,11,203,0,0,1,300,7,127,12,$503
1115.00,2016,low,9,231,1,126,1,1000,7,1202,11,"$1,357"
1121.00,2016,middle,92,1167,1,250,5,2383,43,2501,98,"$3,800"
1122.00,2016,moderate,28,222,0,0,1,300,11,449,29,$522
1123.00,2016,low,14,228,0,0,1,304,8,346,15,$532
1124.00,2016,upper,140,2038,10,2029,8,3942,71,4750,158,"$8,009"
1135.00,2016,middle,93,1418,7,1344,14,8044,36,3142,114,"$10,806"
1141.01,2016,moderate,53,728,2,302,1,292,34,1042,56,"$1,322"
1141.02,2016,upper,74,684,4,784,1,405,34,777,79,"$1,873"
1142.00,2016,middle,62,532,2,382,1,922,38,1266,65,"$1,836"
1143.00,2016,middle,75,599,7,1236,0,0,49,774,82,"$1,835"
1151.00,2016,moderate,48,534,2,328,1,500,24,525,51,"$1,362"
1152.00,2016,low,55,909,8,1383,12,6531,31,2075,75,"$8,823"
1153.00,2016,moderate,38,496,1,102,6,3349,23,1200,45,"$3,947"
1154.00,2016,moderate,21,288,2,327,3,1092,16,845,26,"$1,707"
1155.00,2016,moderate,56,720,1,155,3,2500,36,454,60,"$3,375"
1156.00,2016,moderate,36,307,3,480,3,1036,18,510,42,"$1,823"
1157.00,2016,low,22,256,2,322,2,1096,15,1399,26,"$1,674"
1161.00,2016,low,32,440,2,408,1,349,20,849,35,"$1,197"
1162.00,2016,moderate,75,756,3,542,0,0,40,774,78,"$1,298"
1163.01,2016,moderate,53,476,1,125,0,0,30,319,54,$601
1163.02,2016,low,23,183,1,134,0,0,11,199,24,$317
1164.00,2016,low,35,370,1,250,0,0,25,531,36,$620
1165.00,2016,moderate,49,425,3,492,2,1340,34,735,54,"$2,257"
1171.00,2016,moderate,28,428,1,200,7,2992,6,337,36,"$3,620"
1172.00,2016,moderate,68,925,6,934,1,350,39,919,75,"$2,209"
1174.00,2016,middle,43,284,2,340,2,1170,23,504,47,"$1,794"
1181.00,2016,moderate,94,1774,7,1210,14,6976,50,4275,115,"$9,960"
1184.00,2016,unknown,48,838,2,449,5,3666,15,243,55,"$4,953"
1186.00,2016,low,109,1405,8,1262,14,8062,48,1918,131,"$10,729"
1191.01,2016,middle,84,1024,2,260,2,1607,43,2048,88,"$2,891"
1191.02,2016,middle,72,738,4,475,4,2773,42,2381,80,"$3,986"
1192.00,2016,upper,42,284,0,0,0,0,27,193,42,$284
1193.00,2016,low,47,570,2,400,6,2996,17,143,55,"$3,966"
1202.00,2016,low,9,26,0,0,0,0,2,2,9,$26
1211.00,2016,low,78,1691,9,1567,5,2564,38,2497,92,"$5,822"
1212.00,2016,low,7,105,1,144,1,777,4,1022,9,"$1,026"
1231.00,2016,moderate,65,541,6,970,2,682,44,1348,73,"$2,193"
1232.00,2016,middle,51,518,6,1176,4,2128,24,1943,61,"$3,822"
1233.00,2016,moderate,54,845,2,325,0,0,25,361,56,"$1,170"
1241.00,2016,moderate,49,537,0,0,0,0,30,346,49,$537
1242.00,2016,low,44,408,1,150,2,885,20,1078,47,"$1,443"
1243.00,2016,moderate,92,993,1,249,0,0,53,805,93,"$1,242"
1246.00,2016,low,21,162,1,250,3,2056,7,34,25,"$2,468"
1255.00,2016,middle,129,1987,10,1641,8,4216,69,3289,147,"$7,844"
1256.00,2016,moderate,335,5502,28,5221,39,19900,143,6241,402,"$30,623"
1257.00,2016,low,11,96,1,250,1,700,7,69,13,"$1,046"
1266.00,2016,low,84,1758,5,948,11,5880,24,1303,100,"$8,586"
1267.00,2016,low,21,587,1,150,3,1075,3,27,25,"$1,812"
1268.00,2016,middle,89,1057,6,1043,5,2336,42,1267,100,"$4,436"
1269.00,2016,low,59,1033,4,733,3,1462,26,1051,66,"$3,228"
1270.00,2016,low,84,1737,11,1800,15,8611,26,2689,110,"$12,148"
1271.00,2016,low,14,81,2,252,0,0,8,23,16,$333
1272.00,2016,middle,109,1431,6,1055,9,5339,44,842,124,"$7,825"
1273.00,2016,moderate,62,801,2,448,4,1315,35,798,68,"$2,564"
1274.00,2016,low,117,1311,7,1027,16,8286,56,3124,140,"$10,624"
1275.00,2016,low,82,1605,5,895,13,6351,36,2634,100,"$8,851"
1276.00,2016,upper,109,1759,18,3339,27,15338,55,3384,154,"$20,436"
1011.00,2015.00,middle,15,139,0,0,0,0,11,53,15,$139
1012.00,2015.00,middle,32,286,1,130,0,0,18,210,33,$416
1013.00,2015.00,middle,51,284,1,200,0,0,27,362,52,$484
1014.00,2015.00,moderate,27,197,1,136,0,0,16,128,28,$333
1015.00,2015.00,low,40,576,2,233,2,1289,20,687,44,"$2,098"
1018.00,2015.00,low,43,658,6,1044,7,5000,21,1340,56,"$6,702"
1021.00,2015.00,moderate,22,181,0,0,0,0,15,157,22,$181
1022.00,2015.00,upper,128,1197,2,493,0,0,85,1222,130,"$1,690"
1023.00,2015.00,middle,11,99,0,0,0,0,5,41,11,$99
1024.00,2015.00,moderate,32,529,0,0,0,0,20,303,32,$529
1025.00,2015.00,middle,36,367,2,447,0,0,17,340,38,$814
1031.00,2015.00,upper,50,1052,3,512,1,350,32,1135,54,"$1,914"
1034.00,2015.00,upper,34,511,4,639,1,311,22,521,39,"$1,461"
1036.00,2015.00,middle,46,711,3,577,9,5561,24,1258,58,"$6,849"
1037.00,2015.00,middle,64,886,1,111,2,1224,43,544,67,"$2,221"
1038.00,2015.00,middle,45,392,0,0,0,0,24,182,45,$392
1042.00,2015.00,middle,47,474,3,570,1,530,38,1320,51,"$1,574"
1045.00,2015.00,moderate,104,1874,6,1144,17,9096,48,2949,127,"$12,114"
1051.98,2015.00,upper,60,788,1,126,6,3851,28,2280,67,"$4,765"
1052.00,2015.00,upper,52,488,0,0,1,300,27,266,53,$788
1053.00,2015.00,low,26,313,0,0,0,0,15,122,26,$313
1054.00,2015.00,low,11,88,0,0,3,1700,5,28,14,"$1,788"
1055.00,2015.00,middle,25,139,0,0,2,990,17,113,27,"$1,129"
1061.00,2015.00,moderate,11,213,0,0,1,1000,4,72,12,"$1,213"
1062.00,2015.00,low,8,26,0,0,0,0,2,16,8,$26
1063.00,2015.00,low,3,8,1,236,2,1500,1,5,6,"$1,744"
1064.00,2015.00,low,20,196,1,117,2,1094,6,171,23,"$1,407"
1065.00,2015.00,low,14,70,0,0,1,700,10,738,15,$770
1066.00,2015.00,low,16,82,0,0,1,524,9,48,17,$606
1067.00,2015.00,low,19,87,0,0,0,0,9,29,19,$87
1072.00,2015.00,low,4,15,0,0,0,0,1,8,4,$15
1073.00,2015.00,moderate,33,303,0,0,0,0,24,201,33,$303
1074.00,2015.00,moderate,4,9,0,0,0,0,2,7,4,$9
1075.00,2015.00,low,10,40,0,0,2,870,8,32,12,$910
1076.00,2015.00,low,5,26,0,0,1,500,2,7,6,$526
1081.00,2015.00,moderate,14,91,0,0,0,0,8,54,14,$91
1082.00,2015.00,middle,10,30,0,0,0,0,5,13,10,$30
1083.00,2015.00,moderate,10,54,1,121,0,0,6,133,11,$175
1096.00,2015.00,moderate,32,647,1,225,3,1511,18,272,36,"$2,383"
1097.00,2015.00,low,26,650,2,400,3,1350,7,387,31,"$2,400"
1101.00,2015.00,low,7,138,0,0,0,0,3,120,7,$138
1102.00,2015.00,low,7,43,0,0,0,0,3,14,7,$43
1103.00,2015.00,low,12,144,0,0,0,0,9,39,12,$144
1104.00,2015.00,moderate,10,65,1,200,0,0,5,39,11,$265
1105.00,2015.00,low,13,60,0,0,0,0,7,47,13,$60
1111.00,2015.00,low,27,261,3,559,1,755,12,136,31,"$1,575"
1112.00,2015.00,low,7,64,0,0,0,0,3,34,7,$64
1113.00,2015.00,low,8,145,1,200,0,0,4,10,9,$345
1114.00,2015.00,low,5,20,0,0,1,300,4,9,6,$320
1115.00,2015.00,low,19,370,3,540,1,750,16,733,23,"$1,660"
1121.00,2015.00,middle,87,1017,3,554,2,1250,60,2171,92,"$2,821"
1122.00,2015.00,moderate,17,110,1,119,0,0,5,55,18,$229
1123.00,2015.00,low,8,247,0,0,1,315,4,353,9,$562
1124.00,2015.00,upper,133,1670,3,648,5,2981,62,2987,141,"$5,299"
1135.00,2015.00,middle,98,1493,7,1048,14,8437,38,1686,119,"$10,978"
1141.01,2015.00,moderate,48,621,3,516,1,300,26,530,52,"$1,437"
1141.02,2015.00,upper,69,777,1,200,1,690,37,1115,71,"$1,667"
1142.00,2015.00,middle,39,504,1,150,2,527,28,517,42,"$1,181"
1143.00,2015.00,middle,58,451,5,892,1,290,36,720,64,"$1,633"
1151.00,2015.00,moderate,35,316,4,454,2,1050,16,381,41,"$1,820"
1152.00,2015.00,low,83,1526,11,1847,6,4075,22,618,100,"$7,448"
1153.00,2015.00,moderate,44,590,6,1117,5,2405,26,342,55,"$4,112"
1154.00,2015.00,moderate,21,322,2,344,0,0,13,308,23,$666
1155.00,2015.00,moderate,45,506,0,0,1,500,20,351,46,"$1,006"
1156.00,2015.00,moderate,43,341,5,917,1,275,22,251,49,"$1,533"
1157.00,2015.00,low,19,281,2,331,0,0,11,271,21,$612
1161.00,2015.00,low,36,440,2,435,1,396,19,883,39,"$1,271"
1162.00,2015.00,moderate,67,838,3,461,0,0,34,635,70,"$1,299"
1163.01,2015.00,moderate,50,520,3,570,0,0,33,718,53,"$1,090"
1163.02,2015.00,low,21,89,1,225,0,0,11,47,22,$314
1164.00,2015.00,low,34,499,2,305,0,0,26,649,36,$804
1165.00,2015.00,moderate,43,436,1,147,1,400,25,362,45,$983
1171.00,2015.00,moderate,26,362,2,400,4,1950,7,48,32,"$2,712"
1172.00,2015.00,moderate,55,665,2,325,1,350,26,628,58,"$1,340"
1174.00,2015.00,middle,53,563,1,199,3,1014,31,777,57,"$1,776"
1181.00,2015.00,moderate,81,1595,10,1918,9,5014,40,2303,100,"$8,527"
1184.00,2015.00,unknown,30,617,5,930,4,2347,10,406,39,"$3,894"
1186.00,2015.00,low,98,1149,6,1138,7,4624,43,3159,111,"$6,911"
1191.01,2015.00,middle,68,832,1,120,1,350,35,441,70,"$1,302"
1191.02,2015.00,middle,71,757,4,515,2,1634,43,1452,77,"$2,906"
1192.00,2015.00,upper,32,428,1,120,1,760,11,915,34,"$1,308"
1193.00,2015.00,low,42,821,4,774,9,3856,28,1871,55,"$5,451"
1202.00,2015.00,low,7,63,0,0,0,0,5,27,7,$63
1211.00,2015.00,low,65,1456,6,1193,13,7641,35,3774,84,"$10,290"
1212.00,2015.00,low,7,194,0,0,1,777,4,960,8,$971
1231.00,2015.00,moderate,70,843,2,337,2,682,43,571,74,"$1,862"
1232.00,2015.00,middle,49,412,3,650,0,0,35,534,52,"$1,062"
1233.00,2015.00,moderate,45,591,1,175,4,2003,26,1128,50,"$2,769"
1241.00,2015.00,moderate,35,356,2,363,0,0,17,255,37,$719
1242.00,2015.00,low,43,410,1,250,0,0,26,536,44,$660
1243.00,2015.00,moderate,87,1034,5,676,0,0,48,749,92,"$1,710"
1246.00,2015.00,low,16,86,0,0,2,1430,7,39,18,"$1,516"
1255.00,2015.00,middle,154,1898,6,1149,13,8619,79,2792,173,"$11,666"
1256.00,2015.00,moderate,319,4773,27,5296,44,25946,148,9708,390,"$36,015"
1257.00,2015.00,low,13,92,1,250,2,1100,6,309,16,"$1,442"
1266.00,2015.00,low,52,1258,8,1315,9,4380,21,1431,69,"$6,953"
1267.00,2015.00,low,16,302,1,150,3,1427,6,114,20,"$1,879"
1268.00,2015.00,middle,77,788,2,433,10,4160,35,1177,89,"$5,381"
1269.00,2015.00,low,53,953,4,810,2,864,22,1112,59,"$2,627"
1270.00,2015.00,low,48,598,4,823,5,3375,19,1383,57,"$4,796"
1271.00,2015.00,low,7,50,0,0,0,0,4,38,7,$50
1272.00,2015.00,middle,91,1224,5,919,4,2274,39,1038,100,"$4,417"
1273.00,2015.00,moderate,66,845,1,126,4,2175,34,327,71,"$3,146"
1274.00,2015.00,low,120,1406,5,744,10,4643,59,2020,135,"$6,793"
1275.00,2015.00,low,96,1870,5,900,10,5470,41,2848,111,"$8,240"
1276.00,2015.00,upper,108,2323,16,2818,15,8117,46,3224,139,"$13,258"
1018.00,2014.00,low,47,771,8,1304,8,5285,18,1221,63,"$7,360"
1053.00,2014.00,low,23,383,2,268,2,1054,11,1280,27,"$1,705"
1054.00,2014.00,low,14,204,1,114,3,1600,1,36,18,"$1,918"
1062.00,2014.00,low,8,126,0,0,0,0,0,0,8,$126
1063.00,2014.00,low,6,26,1,188,1,500,1,5,8,$714
1064.00,2014.00,low,11,142,0,0,0,0,6,104,11,$142
1065.00,2014.00,low,15,114,0,0,3,1772,10,314,18,"$1,886"
1066.00,2014.00,low,15,118,0,0,1,524,6,43,16,$642
1067.00,2014.00,low,18,108,0,0,0,0,8,40,18,$108
1072.00,2014.00,low,7,37,0,0,0,0,3,19,7,$37
1075.00,2014.00,low,11,77,1,250,1,500,5,45,13,$827
1076.00,2014.00,low,7,45,0,0,2,1056,3,15,9,"$1,101"
1097.00,2014.00,low,21,387,1,250,4,1850,7,192,26,"$2,487"
1101.00,2014.00,low,8,40,0,0,0,0,2,14,8,$40
1102.00,2014.00,low,3,6,0,0,0,0,0,0,3,$6
1103.00,2014.00,low,8,44,0,0,0,0,6,38,8,$44
1105.00,2014.00,low,12,20,0,0,0,0,6,9,12,$20
1111.00,2014.00,low,17,150,1,160,2,1273,11,905,20,"$1,583"
1112.00,2014.00,low,10,171,2,325,0,0,9,170,12,$496
1113.00,2014.00,low,10,84,0,0,0,0,4,18,10,$84
1114.00,2014.00,low,6,62,0,0,2,555,4,312,8,$617
1115.00,2014.00,low,19,216,0,0,1,1000,16,1201,20,"$1,216"
1123.00,2014.00,low,13,216,0,0,0,0,8,91,13,$216
1152.00,2014.00,low,64,1228,7,1304,9,5045,17,578,80,"$7,577"
1157.00,2014.00,low,17,154,2,313,0,0,10,322,19,$467
1161.00,2014.00,low,34,366,2,252,0,0,13,366,36,$618
1163.02,2014.00,low,18,179,1,110,1,394,11,621,20,$683
1164.00,2014.00,low,20,258,2,470,0,0,14,582,22,$728
1186.00,2014.00,low,82,1066,6,1063,12,7404,25,3103,100,"$9,533"
1193.00,2014.00,low,25,422,7,1142,5,2537,22,2620,37,"$4,101"
1202.00,2014.00,low,3,3,0,0,0,0,2,2,3,$3
1211.00,2014.00,low,64,1069,8,1745,9,4656,33,2746,81,"$7,470"
1212.00,2014.00,low,6,105,2,350,1,777,4,1227,9,"$1,232"
1242.00,2014.00,low,44,581,0,0,0,0,19,405,44,$581
1246.00,2014.00,low,30,336,1,150,3,1300,13,288,34,"$1,786"
1257.00,2014.00,low,10,110,1,250,1,500,4,550,12,$860
1266.00,2014.00,low,59,606,4,666,12,6038,16,1176,75,"$7,310"
1267.00,2014.00,low,19,247,1,200,3,1455,4,15,23,"$1,902"
1269.00,2014.00,low,40,727,8,1376,3,1949,17,1229,51,"$4,052"
1270.00,2014.00,low,37,578,1,250,5,3880,14,1208,43,"$4,708"
1271.00,2014.00,low,15,234,0,0,0,0,8,110,15,$234
1274.00,2014.00,low,112,1808,8,1327,14,8090,50,2314,134,"$11,225"
1275.00,2014.00,low,72,1074,3,412,13,6337,35,3718,88,"$7,823"
1014.00,2014.00,moderate,20,148,1,119,0,0,14,131,21,$267
1021.00,2014.00,moderate,23,211,0,0,0,0,10,110,23,$211
1024.00,2014.00,moderate,32,202,1,250,0,0,15,66,33,$452
1045.00,2014.00,moderate,101,1835,11,1822,18,9339,50,4761,130,"$12,996"
1061.00,2014.00,moderate,12,223,0,0,0,0,3,4,12,$223
1073.00,2014.00,moderate,25,305,1,144,0,0,15,323,26,$449
1074.00,2014.00,moderate,9,42,0,0,0,0,1,1,9,$42
1081.00,2014.00,moderate,6,15,0,0,0,0,1,6,6,$15
1083.00,2014.00,moderate,8,20,0,0,0,0,3,9,8,$20
1096.00,2014.00,moderate,26,536,1,104,1,800,7,114,28,"$1,440"
1104.00,2014.00,moderate,14,56,1,200,0,0,8,28,15,$256
1122.00,2014.00,moderate,8,48,0,0,0,0,2,32,8,$48
1141.01,2014.00,moderate,33,371,1,136,1,300,15,320,35,$807
1151.00,2014.00,moderate,39,310,2,403,2,754,24,788,43,"$1,467"
1153.00,2014.00,moderate,43,789,3,443,7,4117,22,1332,53,"$5,349"
1154.00,2014.00,moderate,20,298,2,334,1,364,11,630,23,$996
1155.00,2014.00,moderate,25,194,0,0,0,0,9,129,25,$194
1156.00,2014.00,moderate,40,372,1,200,1,275,19,196,42,$847
1162.00,2014.00,moderate,49,603,3,489,0,0,22,635,52,"$1,092"
1163.01,2014.00,moderate,47,447,1,199,2,618,27,923,50,"$1,264"
1165.00,2014.00,moderate,36,500,1,152,1,400,19,467,38,"$1,052"
1171.00,2014.00,moderate,34,497,1,170,4,1950,9,188,39,"$2,617"
1172.00,2014.00,moderate,57,437,2,350,0,0,33,427,59,$787
1181.00,2014.00,moderate,72,1261,3,524,9,6191,27,1613,84,"$7,976"
1231.00,2014.00,moderate,54,550,0,0,3,872,35,540,57,"$1,422"
1233.00,2014.00,moderate,43,809,2,375,2,1095,20,1189,47,"$2,279"
1241.00,2014.00,moderate,38,383,1,145,2,1500,20,171,41,"$2,028"
1243.00,2014.00,moderate,54,764,4,522,1,975,25,686,59,"$2,261"
1256.00,2014.00,moderate,320,4672,37,6527,50,25895,160,12036,407,"$37,094"
1273.00,2014.00,moderate,54,742,1,129,3,1075,29,366,58,"$1,946"
1011.00,2014.00,middle,13,94,0,0,1,707,9,26,14,$801
1012.00,2014.00,middle,23,182,0,0,0,0,11,112,23,$182
1013.00,2014.00,middle,41,235,0,0,1,698,23,853,42,$933
1023.00,2014.00,middle,11,89,0,0,0,0,4,22,11,$89
1025.00,2014.00,middle,40,593,1,179,0,0,19,356,41,$772
1036.00,2014.00,middle,68,995,3,514,7,3683,12,386,78,"$5,192"
1037.00,2014.00,middle,58,639,3,508,4,2000,30,806,65,"$3,147"
1038.00,2014.00,middle,52,575,0,0,0,0,24,218,52,$575
1042.00,2014.00,middle,25,216,1,240,0,0,15,141,26,$456
1055.00,2014.00,middle,12,80,1,250,1,310,9,67,14,$640
1082.00,2014.00,middle,12,50,1,180,1,866,8,26,14,"$1,096"
1121.00,2014.00,middle,66,840,3,509,1,350,34,1068,70,"$1,699"
1135.00,2014.00,middle,110,1773,8,1604,11,5784,49,1544,129,"$9,161"
1142.00,2014.00,middle,57,477,3,504,0,0,35,653,60,$981
1143.00,2014.00,middle,65,466,3,342,0,0,50,483,68,$808
1174.00,2014.00,middle,53,474,1,123,1,994,35,1467,55,"$1,591"
1191.01,2014.00,middle,69,902,2,370,1,350,38,559,72,"$1,622"
1191.02,2014.00,middle,58,546,3,395,4,2139,41,2097,65,"$3,080"
1232.00,2014.00,middle,52,568,3,571,2,799,30,500,57,"$1,938"
1255.00,2014.00,middle,106,1212,8,1524,8,4586,59,2057,122,"$7,322"
1268.00,2014.00,middle,62,458,6,1195,2,943,28,658,70,"$2,596"
1272.00,2014.00,middle,110,1114,10,1785,7,4825,43,1322,127,"$7,724"
1022.00,2014.00,upper,111,817,2,297,0,0,68,696,113,"$1,114"
1031.00,2014.00,upper,41,757,4,836,1,350,21,604,46,"$1,943"
1034.00,2014.00,upper,29,462,7,1040,1,320,16,495,37,"$1,822"
1051.98,2014.00,upper,66,919,3,563,9,4007,44,3521,78,"$5,489"
1052.00,2014.00,upper,35,397,0,0,2,1304,24,1579,37,"$1,701"
1124.00,2014.00,upper,126,1737,8,1147,6,3618,67,2649,140,"$6,502"
1141.02,2014.00,upper,63,616,3,501,2,725,32,1085,68,"$1,842"
1192.00,2014.00,upper,33,229,1,134,0,0,18,111,34,$363
1276.00,2014.00,upper,104,2317,10,1940,13,8042,42,3158,127,"$12,299"
1184.00,2014.00,unknown,35,1009,3,616,5,3458,11,2994,43,"$5,083"
1015.00,2013.00,low,30,603,3,656,2,1660,13,186,35,"$2,919"
1018.00,2013.00,low,32,489,5,929,8,5002,18,2496,45,"$6,420"
1053.00,2013.00,low,20,243,0,0,0,0,7,76,20,$243
1054.00,2013.00,low,10,77,1,200,3,1366,3,19,14,"$1,643"
1062.00,2013.00,low,8,143,0,0,0,0,2,2,8,$143
1063.00,2013.00,low,9,142,1,192,3,1691,3,956,13,"$2,025"
1064.00,2013.00,low,16,248,1,135,2,896,3,104,19,"$1,279"
1065.00,2013.00,low,21,189,0,0,1,500,12,73,22,$689
1066.00,2013.00,low,11,141,0,0,1,500,5,6,12,$641
1067.00,2013.00,low,20,243,0,0,0,0,7,182,20,$243
1072.00,2013.00,low,3,2,0,0,0,0,0,0,3,$2
1075.00,2013.00,low,6,121,0,0,1,554,3,97,7,$675
1076.00,2013.00,low,5,15,0,0,1,500,3,4,6,$515
1097.00,2013.00,low,40,762,2,415,6,2842,15,1847,48,"$4,019"
1101.00,2013.00,low,6,88,0,0,0,0,3,81,6,$88
1102.00,2013.00,low,5,12,0,0,0,0,0,0,5,$12
1103.00,2013.00,low,6,44,0,0,0,0,4,39,6,$44
1105.00,2013.00,low,7,31,0,0,0,0,3,26,7,$31
1111.00,2013.00,low,14,211,1,160,2,1063,8,842,17,"$1,434"
1112.00,2013.00,low,10,193,1,148,0,0,3,14,11,$341
1113.00,2013.00,low,5,33,0,0,0,0,1,1,5,$33
1114.00,2013.00,low,11,128,0,0,0,0,6,25,11,$128
1115.00,2013.00,low,12,231,1,111,0,0,5,94,13,$342
1123.00,2013.00,low,12,144,1,168,0,0,2,7,13,$312
1152.00,2013.00,low,53,736,7,1089,6,3300,27,491,66,"$5,125"
1153.00,2013.00,low,29,292,1,213,8,4774,16,1408,38,"$5,279"
1157.00,2013.00,low,21,333,1,185,1,1000,14,460,23,"$1,518"
1161.00,2013.00,low,22,251,1,216,0,0,10,105,23,$467
1163.02,2013.00,low,17,149,1,250,0,0,11,120,18,$399
1164.00,2013.00,low,26,442,3,576,0,0,14,775,29,"$1,018"
1186.00,2013.00,low,89,845,2,300,7,4419,26,1812,98,"$5,564"
1193.00,2013.00,low,44,551,4,823,5,2870,13,609,53,"$4,244"
1202.00,2013.00,low,11,77,0,0,0,0,5,21,11,$77
1211.00,2013.00,low,61,1573,3,485,5,2073,28,2189,69,"$4,131"
1212.00,2013.00,low,12,171,0,0,2,793,5,567,14,$964
1242.00,2013.00,low,33,384,1,225,1,425,15,837,35,"$1,034"
1246.00,2013.00,low,18,253,1,142,3,1749,5,22,22,"$2,144"
1257.00,2013.00,low,7,160,1,250,1,500,4,146,9,$910
1266.00,2013.00,low,42,596,4,605,8,3300,15,695,54,"$4,501"
1267.00,2013.00,low,22,363,0,0,5,2037,5,881,27,"$2,400"
1269.00,2013.00,low,31,515,4,862,12,5838,16,2220,47,"$7,215"
1270.00,2013.00,low,46,676,3,467,11,6554,19,1836,60,"$7,697"
1271.00,2013.00,low,11,144,1,134,0,0,7,113,12,$278
1274.00,2013.00,low,119,1232,7,1225,15,9324,49,2542,141,"$11,781"
1275.00,2013.00,low,64,1237,4,713,14,7942,34,4326,82,"$9,892"
1014.00,2013.00,moderate,21,136,0,0,0,0,9,116,21,$136
1021.00,2013.00,moderate,21,133,3,588,0,0,12,454,24,$721
1024.00,2013.00,moderate,15,176,1,250,0,0,10,103,16,$426
1036.00,2013.00,moderate,77,1346,4,659,9,4523,21,621,90,"$6,528"
1045.00,2013.00,moderate,143,2170,12,2075,12,7023,55,4718,167,"$11,268"
1061.00,2013.00,moderate,8,165,2,334,1,1000,7,447,11,"$1,499"
1073.00,2013.00,moderate,19,303,0,0,0,0,11,146,19,$303
1074.00,2013.00,moderate,3,4,0,0,0,0,1,1,3,$4
1081.00,2013.00,moderate,8,45,0,0,0,0,1,5,8,$45
1083.00,2013.00,moderate,3,102,1,106,0,0,2,204,4,$208
1096.00,2013.00,moderate,33,424,1,236,3,1608,18,270,37,"$2,268"
1104.00,2013.00,moderate,12,40,1,200,0,0,2,1,13,$240
1122.00,2013.00,moderate,15,196,1,140,0,0,8,212,16,$336
1141.01,2013.00,moderate,40,534,3,517,3,2192,28,834,46,"$3,243"
1151.00,2013.00,moderate,32,169,0,0,3,1332,17,110,35,"$1,501"
1154.00,2013.00,moderate,17,270,0,0,4,2885,10,95,21,"$3,155"
1155.00,2013.00,moderate,26,253,0,0,0,0,11,125,26,$253
1156.00,2013.00,moderate,23,401,0,0,0,0,16,243,23,$401
1162.00,2013.00,moderate,50,528,4,581,2,778,27,1002,56,"$1,887"
1163.01,2013.00,moderate,31,305,3,669,1,295,21,896,35,"$1,269"
1165.00,2013.00,moderate,21,274,2,302,2,780,11,813,25,"$1,356"
1171.00,2013.00,moderate,28,521,4,637,4,1950,7,290,36,"$3,108"
1172.00,2013.00,moderate,45,430,0,0,1,525,26,307,46,$955
1181.00,2013.00,moderate,72,1431,9,1654,11,6927,39,4314,92,"$10,012"
1231.00,2013.00,moderate,61,684,0,0,3,1021,24,206,64,"$1,705"
1233.00,2013.00,moderate,43,514,3,523,2,1195,28,1195,48,"$2,232"
1241.00,2013.00,moderate,32,334,3,495,0,0,15,200,35,$829
1243.00,2013.00,moderate,49,681,2,299,1,722,26,1437,52,"$1,702"
1256.00,2013.00,moderate,306,4742,29,5587,43,22075,135,6341,378,"$32,404"
1273.00,2013.00,moderate,31,387,2,239,5,2455,20,405,38,"$3,081"
1011.00,2013.00,middle,20,136,0,0,0,0,18,133,20,$136
1012.00,2013.00,middle,16,156,0,0,0,0,7,120,16,$156
1013.00,2013.00,middle,28,280,0,0,1,714,18,950,29,$994
1023.00,2013.00,middle,13,74,0,0,0,0,6,27,13,$74
1025.00,2013.00,middle,32,353,1,212,0,0,13,397,33,$565
1037.00,2013.00,middle,44,520,2,404,1,278,28,836,47,"$1,202"
1038.00,2013.00,middle,34,340,1,217,1,257,22,634,36,$814
1042.00,2013.00,middle,29,342,1,150,0,0,18,183,30,$492
1055.00,2013.00,middle,12,88,0,0,1,310,8,72,13,$398
1082.00,2013.00,middle,6,89,1,180,0,0,3,67,7,$269
1121.00,2013.00,middle,67,845,2,377,0,0,35,590,69,"$1,222"
1135.00,2013.00,middle,110,1877,10,1803,12,6257,43,2212,132,"$9,937"
1142.00,2013.00,middle,34,482,1,150,2,1640,21,902,37,"$2,272"
1143.00,2013.00,middle,57,400,2,295,0,0,34,190,59,$695
1174.00,2013.00,middle,48,433,1,204,1,477,30,953,50,"$1,114"
1191.01,2013.00,middle,78,710,3,450,3,1204,42,468,84,"$2,364"
1191.02,2013.00,middle,58,682,5,691,10,5692,32,1914,73,"$7,065"
1232.00,2013.00,middle,48,468,2,429,2,775,26,644,52,"$1,672"
1255.00,2013.00,middle,136,1828,11,1937,5,2597,72,1775,152,"$6,362"
1268.00,2013.00,middle,102,1239,2,394,5,2477,23,663,109,"$4,110"
1272.00,2013.00,middle,94,998,11,2164,7,4368,45,1282,112,"$7,530"
1022.00,2013.00,upper,71,588,0,0,1,400,43,724,72,$988
1031.00,2013.00,upper,45,877,5,1035,4,1879,25,1846,54,"$3,791"
1034.00,2013.00,upper,26,199,4,758,1,349,13,404,31,"$1,306"
1051.98,2013.00,upper,51,585,1,250,5,2530,29,1609,57,"$3,365"
1052.00,2013.00,upper,31,234,2,472,2,1535,21,1299,35,"$2,241"
1124.00,2013.00,upper,114,1641,4,746,13,5612,69,4709,131,"$7,999"
1141.02,2013.00,upper,61,739,5,755,1,921,43,1010,67,"$2,415"
1192.00,2013.00,upper,24,217,0,0,0,0,16,160,24,$217
1276.00,2013.00,upper,83,1078,17,3149,14,7096,30,2782,114,"$11,323"
1184.00,2013.00,unknown,53,754,1,150,2,1661,5,677,56,"$2,565"
1015.00,2012.00,low,27,547,4,511,3,1908,10,872,34,"$2,966"
1018.00,2012.00,low,49,783,4,761,7,4099,15,889,60,"$5,643"
1053.00,2012.00,low,20,294,1,138,0,0,6,76,21,$432
1054.00,2012.00,low,14,36,1,200,2,1268,3,12,17,"$1,504"
1062.00,2012.00,low,7,27,0,0,0,0,5,26,7,$27
1063.00,2012.00,low,11,103,0,0,2,1095,6,16,13,"$1,198"
1064.00,2012.00,low,15,301,1,122,2,877,3,483,18,"$1,300"
1065.00,2012.00,low,14,119,0,0,0,0,8,96,14,$119
1066.00,2012.00,low,7,21,0,0,0,0,4,15,7,$21
1067.00,2012.00,low,13,150,0,0,0,0,3,48,13,$150
1072.00,2012.00,low,2,1,0,0,0,0,1,0,2,$1
1075.00,2012.00,low,10,27,0,0,0,0,6,12,10,$27
1076.00,2012.00,low,3,18,2,422,1,500,2,215,6,$940
1097.00,2012.00,low,42,541,0,0,2,692,13,536,44,"$1,233"
1101.00,2012.00,low,5,26,0,0,0,0,3,13,5,$26
1102.00,2012.00,low,7,18,0,0,1,957,5,965,8,$975
1103.00,2012.00,low,5,29,1,166,0,0,1,10,6,$195
1105.00,2012.00,low,6,34,0,0,1,622,2,9,7,$656
1111.00,2012.00,low,14,109,1,160,1,866,10,938,16,"$1,135"
1112.00,2012.00,low,9,42,0,0,1,670,5,17,10,$712
1113.00,2012.00,low,9,153,0,0,0,0,3,6,9,$153
1114.00,2012.00,low,7,68,0,0,0,0,2,13,7,$68
1115.00,2012.00,low,9,80,0,0,1,490,5,542,10,$570
1123.00,2012.00,low,12,241,0,0,0,0,3,6,12,$241
1152.00,2012.00,low,48,820,5,830,8,4128,20,413,61,"$5,778"
1153.00,2012.00,low,47,630,3,436,4,1765,18,733,54,"$2,831"
1157.00,2012.00,low,16,78,1,188,1,600,6,196,18,$866
1161.00,2012.00,low,26,431,0,0,1,473,10,731,27,$904
1163.02,2012.00,low,17,86,3,527,0,0,14,437,20,$613
1164.00,2012.00,low,25,468,3,517,0,0,16,630,28,$985
1186.00,2012.00,low,93,1047,5,903,4,2946,43,3050,102,"$4,896"
1193.00,2012.00,low,46,448,5,996,2,1350,14,351,53,"$2,794"
1202.00,2012.00,low,3,23,0,0,0,0,0,0,3,$23
1211.00,2012.00,low,67,1107,6,943,8,3899,37,1980,81,"$5,949"
1212.00,2012.00,low,9,155,1,184,0,0,4,124,10,$339
1242.00,2012.00,low,27,487,2,306,2,693,10,509,31,"$1,486"
1246.00,2012.00,low,13,90,0,0,2,1450,6,32,15,"$1,540"
1257.00,2012.00,low,11,198,0,0,2,1471,5,653,13,"$1,669"
1266.00,2012.00,low,54,763,10,1869,5,2250,12,366,69,"$4,882"
1267.00,2012.00,low,19,369,1,107,2,630,6,456,22,"$1,106"
1269.00,2012.00,low,43,541,2,414,5,1915,15,1139,50,"$2,870"
1270.00,2012.00,low,47,583,4,688,13,7580,19,706,64,"$8,851"
1271.00,2012.00,low,14,282,0,0,0,0,4,92,14,$282
1274.00,2012.00,low,101,904,10,1371,13,8444,51,5223,124,"$10,719"
1275.00,2012.00,low,87,1384,9,1683,16,7738,37,3580,112,"$10,805"
1014.00,2012.00,moderate,16,145,0,0,0,0,9,118,16,$145
1021.00,2012.00,moderate,17,149,1,112,0,0,6,167,18,$261
1024.00,2012.00,moderate,13,123,1,250,0,0,5,90,14,$373
1036.00,2012.00,moderate,46,739,6,1117,6,3290,17,674,58,"$5,146"
1045.00,2012.00,moderate,116,1556,11,1901,14,8191,45,3853,141,"$11,648"
1061.00,2012.00,moderate,4,120,0,0,0,0,0,0,4,$120
1073.00,2012.00,moderate,21,242,0,0,0,0,6,11,21,$242
1074.00,2012.00,moderate,5,6,0,0,0,0,2,2,5,$6
1081.00,2012.00,moderate,11,54,0,0,0,0,3,9,11,$54
1083.00,2012.00,moderate,7,38,0,0,0,0,1,6,7,$38
1096.00,2012.00,moderate,38,585,0,0,0,0,13,118,38,$585
1104.00,2012.00,moderate,8,103,1,200,0,0,3,7,9,$303
1122.00,2012.00,moderate,13,58,0,0,0,0,6,44,13,$58
1141.01,2012.00,moderate,38,496,1,165,3,2192,27,539,42,"$2,853"
1151.00,2012.00,moderate,34,409,0,0,4,2463,17,1505,38,"$2,872"
1154.00,2012.00,moderate,12,122,0,0,0,0,6,109,12,$122
1155.00,2012.00,moderate,34,288,1,106,0,0,18,160,35,$394
1156.00,2012.00,moderate,18,164,0,0,1,457,6,496,19,$621
1162.00,2012.00,moderate,42,428,2,242,0,0,15,122,44,$670
1163.01,2012.00,moderate,35,330,1,250,1,400,18,542,37,$980
1165.00,2012.00,moderate,19,423,1,228,1,400,15,556,21,"$1,051"
1171.00,2012.00,moderate,35,527,3,470,5,2305,9,138,43,"$3,302"
1172.00,2012.00,moderate,34,276,0,0,0,0,17,124,34,$276
1181.00,2012.00,moderate,59,914,4,756,10,5743,24,1348,73,"$7,413"
1231.00,2012.00,moderate,49,734,0,0,1,342,26,692,50,"$1,076"
1233.00,2012.00,moderate,56,894,3,449,2,1120,24,1257,61,"$2,463"
1241.00,2012.00,moderate,28,160,1,145,0,0,17,108,29,$305
1243.00,2012.00,moderate,56,836,4,733,0,0,25,545,60,"$1,569"
1256.00,2012.00,moderate,276,4604,31,5695,34,19347,111,4602,341,"$29,646"
1273.00,2012.00,moderate,33,377,1,171,5,2297,25,1309,39,"$2,845"
1011.00,2012.00,middle,16,220,0,0,1,632,13,197,17,$852
1012.00,2012.00,middle,23,204,0,0,0,0,9,80,23,$204
1013.00,2012.00,middle,32,390,0,0,0,0,21,254,32,$390
1023.00,2012.00,middle,9,30,0,0,0,0,3,12,9,$30
1025.00,2012.00,middle,23,199,0,0,1,490,8,41,24,$689
1037.00,2012.00,middle,53,645,1,250,0,0,34,304,54,$895
1038.00,2012.00,middle,39,439,0,0,0,0,14,194,39,$439
1042.00,2012.00,middle,30,306,0,0,1,356,23,585,31,$662
1055.00,2012.00,middle,8,49,1,106,2,984,7,822,11,"$1,139"
1082.00,2012.00,middle,7,19,0,0,0,0,4,13,7,$19
1121.00,2012.00,middle,77,1009,3,494,1,300,48,1471,81,"$1,803"
1135.00,2012.00,middle,88,1649,8,1587,11,5745,39,2021,107,"$8,981"
1142.00,2012.00,middle,35,333,1,150,1,349,16,154,37,$832
1143.00,2012.00,middle,52,744,2,310,2,602,30,677,56,"$1,656"
1174.00,2012.00,middle,51,506,2,229,2,754,28,1151,55,"$1,489"
1191.01,2012.00,middle,62,683,7,1253,1,550,32,804,70,"$2,486"
1191.02,2012.00,middle,54,861,5,702,4,2804,29,1349,63,"$4,367"
1232.00,2012.00,middle,51,500,1,150,5,2068,23,973,57,"$2,718"
1255.00,2012.00,middle,134,1580,10,1981,9,3695,65,2211,153,"$7,256"
1268.00,2012.00,middle,50,415,1,200,3,1801,18,1414,54,"$2,416"
1272.00,2012.00,middle,91,1244,7,1248,8,3350,43,1346,106,"$5,842"
1022.00,2012.00,upper,66,547,2,401,0,0,34,570,68,$948
1031.00,2012.00,upper,36,669,3,570,3,1258,14,895,42,"$2,497"
1034.00,2012.00,upper,30,570,4,664,1,311,24,915,35,"$1,545"
1051.98,2012.00,upper,37,381,1,121,6,3131,22,1285,44,"$3,633"
1052.00,2012.00,upper,10,73,4,462,2,1293,11,1290,16,"$1,828"
1124.00,2012.00,upper,111,1562,3,524,8,2999,51,2164,122,"$5,085"
1141.02,2012.00,upper,60,1041,3,537,1,715,25,416,64,"$2,293"
1192.00,2012.00,upper,20,121,0,0,0,0,8,33,20,$121
1276.00,2012.00,upper,118,1986,10,1728,17,10475,40,1197,145,"$14,189"
1184.00,2012.00,unknown,40,776,2,385,6,4124,5,624,48,"$5,285"
1015.00,2011.00,low,27,435,0,0,1,1000,9,163,28,"$1,435"
1018.00,2011.00,low,40,696,4,805,9,5962,14,621,53,"$7,463"
1053.00,2011.00,low,14,179,2,249,3,1382,11,1000,19,"$1,810"
1054.00,2011.00,low,7,59,0,0,0,0,4,9,7,$59
1061.00,2011.00,low,6,213,1,173,0,0,1,13,7,$386
1062.00,2011.00,low,8,186,0,0,0,0,6,182,8,$186
1063.00,2011.00,low,3,4,0,0,1,500,2,3,4,$504
1066.00,2011.00,low,6,12,0,0,0,0,3,2,6,$12
1074.00,2011.00,low,4,13,0,0,0,0,4,13,4,$13
1075.00,2011.00,low,7,57,0,0,0,0,6,38,7,$57
1084.00,2011.00,low,6,60,1,135,2,801,6,195,9,$996
1097.00,2011.00,low,24,363,0,0,7,3314,12,1049,31,"$3,677"
1102.00,2011.00,low,12,50,0,0,0,0,5,10,12,$50
1103.00,2011.00,low,3,119,1,125,0,0,2,127,4,$244
1104.00,2011.00,low,10,28,0,0,1,254,8,266,11,$282
1105.00,2011.00,low,5,7,0,0,0,0,4,5,5,$7
1111.00,2011.00,low,13,82,1,250,2,1000,6,587,16,"$1,332"
1112.00,2011.00,low,9,89,0,0,0,0,4,75,9,$89
1113.00,2011.00,low,7,76,1,200,0,0,3,13,8,$276
1114.00,2011.00,low,8,225,1,200,2,692,6,477,11,"$1,117"
1115.00,2011.00,low,12,229,1,109,2,850,8,315,15,"$1,188"
1123.00,2011.00,low,6,197,0,0,0,0,2,38,6,$197
1155.00,2011.00,low,27,326,0,0,1,308,14,250,28,$634
1164.00,2011.00,low,27,597,3,588,2,580,20,1181,32,"$1,765"
1181.00,2011.00,low,53,851,2,284,7,3740,19,630,62,"$4,875"
1193.00,2011.00,low,52,759,6,1118,2,1350,20,383,60,"$3,227"
1201.00,2011.00,low,1,0,0,0,0,0,0,0,1,$0
1203.00,2011.00,low,13,128,0,0,0,0,9,113,13,$128
1211.00,2011.00,low,74,1325,5,829,6,2592,30,2426,85,"$4,746"
1212.00,2011.00,low,2,3,0,0,0,0,2,3,2,$3
1213.00,2011.00,low,6,32,0,0,0,0,3,5,6,$32
1224.00,2011.00,low,34,305,5,920,5,3350,19,896,44,"$4,575"
1241.00,2011.00,low,21,65,1,129,0,0,11,160,22,$194
1242.00,2011.00,low,27,345,1,115,1,446,21,865,29,$906
1246.00,2011.00,low,11,332,2,320,2,1300,5,97,15,"$1,952"
1255.00,2011.00,low,133,1879,6,1041,6,2743,55,2087,145,"$5,663"
1257.00,2011.00,low,10,122,0,0,1,824,4,77,11,$946
1266.00,2011.00,low,40,541,7,1306,11,6058,10,518,58,"$7,905"
1267.00,2011.00,low,13,173,2,455,2,650,3,311,17,"$1,278"
1014.00,2011.00,moderate,12,87,0,0,0,0,5,47,12,$87
1021.00,2011.00,moderate,17,130,0,0,0,0,3,17,17,$130
1023.00,2011.00,moderate,13,34,0,0,0,0,6,10,13,$34
1024.00,2011.00,moderate,13,71,1,250,0,0,6,31,14,$321
1034.00,2011.00,moderate,23,336,4,740,0,0,16,223,27,"$1,076"
1037.00,2011.00,moderate,35,403,0,0,2,800,16,186,37,"$1,203"
1041.00,2011.00,moderate,36,315,1,140,0,0,17,150,37,$455
1045.00,2011.00,moderate,106,1615,11,2009,18,9742,56,6060,135,"$13,366"
1052.00,2011.00,moderate,21,313,3,480,0,0,14,396,24,$793
1055.00,2011.00,moderate,18,190,0,0,1,285,11,47,19,$475
1064.00,2011.00,moderate,12,20,0,0,0,0,6,6,12,$20
1065.00,2011.00,moderate,7,50,0,0,1,500,3,5,8,$550
1067.00,2011.00,moderate,13,142,0,0,1,260,10,381,14,$402
1071.00,2011.00,moderate,16,254,0,0,6,3456,4,1485,22,"$3,710"
1072.00,2011.00,moderate,6,25,0,0,0,0,5,24,6,$25
1073.00,2011.00,moderate,16,67,0,0,0,0,5,24,16,$67
1076.00,2011.00,moderate,8,77,0,0,1,450,3,18,9,$527
1077.00,2011.00,moderate,6,33,0,0,0,0,2,7,6,$33
1081.00,2011.00,moderate,17,45,1,191,0,0,10,221,18,$236
1083.00,2011.00,moderate,3,35,0,0,0,0,2,20,3,$35
1085.00,2011.00,moderate,14,299,6,1060,4,2204,3,309,24,"$3,563"
1096.00,2011.00,moderate,21,311,1,224,0,0,6,66,22,$535
1101.00,2011.00,moderate,6,36,0,0,0,0,5,33,6,$36
1122.00,2011.00,moderate,6,66,1,135,1,324,6,521,8,$525
1134.00,2011.00,moderate,56,483,4,745,7,3638,38,161,67,"$4,866"
1151.00,2011.00,moderate,20,403,0,0,3,1667,11,867,23,"$2,070"
1152.00,2011.00,moderate,45,854,6,1052,11,4846,17,1470,62,"$6,752"
1153.00,2011.00,moderate,24,216,0,0,5,2385,9,907,29,"$2,601"
1154.00,2011.00,moderate,15,350,2,373,1,618,8,419,18,"$1,341"
1156.00,2011.00,moderate,13,147,0,0,1,365,7,472,14,$512
1157.00,2011.00,moderate,16,46,3,452,1,600,10,190,20,"$1,098"
1161.00,2011.00,moderate,25,309,1,228,0,0,19,478,26,$537
1162.00,2011.00,moderate,42,782,2,371,2,1336,25,1092,46,"$2,489"
1163.00,2011.00,moderate,40,532,1,129,5,1756,31,1382,46,"$2,417"
1165.00,2011.00,moderate,22,264,1,170,1,400,14,301,24,$834
1172.00,2011.00,moderate,30,333,1,150,0,0,23,207,31,$483
1173.00,2011.00,moderate,22,386,1,200,2,820,18,1310,25,"$1,406"
1174.00,2011.00,moderate,46,593,6,805,1,255,26,894,53,"$1,653"
1184.00,2011.00,moderate,37,399,1,245,6,4220,9,754,44,"$4,864"
1185.00,2011.00,moderate,13,142,0,0,3,1758,3,473,16,"$1,900"
1186.00,2011.00,moderate,84,1162,4,714,4,2538,29,570,92,"$4,414"
1202.00,2011.00,moderate,4,9,0,0,0,0,0,0,4,$9
1221.00,2011.00,moderate,25,238,2,332,0,0,10,81,27,$570
1231.00,2011.00,moderate,28,282,3,647,1,300,18,851,32,"$1,229"
1232.00,2011.00,moderate,33,361,2,400,4,1504,22,1078,39,"$2,265"
1233.00,2011.00,moderate,44,801,5,940,6,2661,26,2391,55,"$4,402"
1234.00,2011.00,moderate,61,926,4,816,4,1231,26,970,69,"$2,973"
1243.00,2011.00,moderate,49,883,3,596,1,281,30,1012,53,"$1,760"
1256.00,2011.00,moderate,237,4374,36,6930,47,24007,88,5900,320,"$35,311"
1011.00,2011.00,middle,16,133,0,0,0,0,12,109,16,$133
1012.00,2011.00,middle,13,58,0,0,0,0,6,35,13,$58
1013.00,2011.00,middle,20,150,1,150,0,0,10,93,21,$300
1022.00,2011.00,middle,67,752,0,0,1,590,42,1133,68,"$1,342"
1025.00,2011.00,middle,24,306,1,153,0,0,10,297,25,$459
1031.00,2011.00,middle,41,510,1,250,2,644,25,1135,44,"$1,404"
1036.00,2011.00,middle,42,536,1,195,8,4579,17,648,51,"$5,310"
1038.00,2011.00,middle,21,261,1,150,0,0,11,299,22,$411
1039.00,2011.00,middle,25,191,1,200,1,500,3,15,27,$891
1042.00,2011.00,middle,23,103,0,0,0,0,15,75,23,$103
1051.98,2011.00,middle,50,636,3,493,9,4088,15,484,62,"$5,217"
1082.00,2011.00,middle,10,66,0,0,0,0,5,18,10,$66
1121.00,2011.00,middle,63,728,3,585,3,1927,34,2684,69,"$3,240"
1131.00,2011.00,middle,31,630,3,515,1,256,20,906,35,"$1,401"
1135.00,2011.00,middle,80,1489,6,1182,11,6051,28,2458,97,"$8,722"
1141.00,2011.00,middle,87,1170,4,770,5,3107,63,3976,96,"$5,047"
1142.00,2011.00,middle,46,489,3,582,0,0,22,102,49,"$1,071"
1143.00,2011.00,middle,66,650,0,0,4,1784,37,327,70,"$2,434"
1171.00,2011.00,middle,42,520,2,268,6,2725,20,423,50,"$3,513"
1191.00,2011.00,middle,102,1022,7,1181,9,4789,57,1300,118,"$6,992"
1192.00,2011.00,middle,22,106,0,0,1,444,14,525,23,$550
1124.00,2011.00,upper,108,1312,12,1913,7,3852,69,3481,127,"$7,077"
1214.00,2011.00,unknown,66,1009,7,1227,14,6951,27,1526,87,"$9,187"
1222.00,2011.00,unknown,22,462,2,400,2,795,9,895,26,"$1,657"
1235.00,2011.00,unknown,35,523,6,922,13,8486,7,2025,54,"$9,931"
1015.00,2010.00,low,23,311,1,141,1,1000,6,117,25,"$1,452"
1018.00,2010.00,low,42,870,3,525,5,3500,14,1032,50,"$4,895"
1053.00,2010.00,low,18,209,0,0,2,1300,3,66,20,"$1,509"
1054.00,2010.00,low,5,45,0,0,0,0,2,17,5,$45
1061.00,2010.00,low,6,159,1,217,0,0,0,0,7,$376
1062.00,2010.00,low,6,136,1,125,0,0,2,127,7,$261
1063.00,2010.00,low,6,29,0,0,0,0,3,7,6,$29
1066.00,2010.00,low,2,18,0,0,0,0,2,18,2,$18
1074.00,2010.00,low,4,29,0,0,0,0,1,6,4,$29
1075.00,2010.00,low,4,20,0,0,1,370,2,7,5,$390
1084.00,2010.00,low,10,137,2,319,2,622,8,389,14,"$1,078"
1097.00,2010.00,low,21,312,1,175,4,2075,8,120,26,"$2,562"
1102.00,2010.00,low,4,23,0,0,0,0,1,2,4,$23
1103.00,2010.00,low,7,102,1,142,0,0,4,59,8,$244
1104.00,2010.00,low,1,5,0,0,0,0,0,0,1,$5
1105.00,2010.00,low,2,3,0,0,0,0,1,1,2,$3
1111.00,2010.00,low,8,110,3,650,0,0,6,555,11,$760
1112.00,2010.00,low,5,57,0,0,0,0,2,35,5,$57
1113.00,2010.00,low,2,2,0,0,0,0,1,1,2,$2
1114.00,2010.00,low,3,40,0,0,4,1778,3,356,7,"$1,818"
1115.00,2010.00,low,4,39,0,0,1,320,1,20,5,$359
1123.00,2010.00,low,4,174,0,0,0,0,2,71,4,$174
1155.00,2010.00,low,10,97,0,0,0,0,5,63,10,$97
1164.00,2010.00,low,21,199,2,219,0,0,14,399,23,$418
1181.00,2010.00,low,52,730,5,1127,11,5895,14,1114,68,"$7,752"
1193.00,2010.00,low,47,689,2,349,6,4248,14,2172,55,"$5,286"
1201.00,2010.00,low,3,10,0,0,0,0,1,5,3,$10
1203.00,2010.00,low,11,203,1,250,0,0,5,179,12,$453
1211.00,2010.00,low,38,608,6,912,4,2141,21,1863,48,"$3,661"
1212.00,2010.00,low,1,1,0,0,1,280,1,280,2,$281
1213.00,2010.00,low,5,58,1,115,0,0,1,20,6,$173
1224.00,2010.00,low,34,420,5,1032,10,5620,20,2335,49,"$7,072"
1241.00,2010.00,low,12,225,0,0,0,0,6,106,12,$225
1242.00,2010.00,low,12,184,1,165,1,428,6,506,14,$777
1246.00,2010.00,low,10,201,1,174,2,1350,5,340,13,"$1,725"
1255.00,2010.00,low,123,1914,7,1417,7,3905,61,4233,137,"$7,236"
1257.00,2010.00,low,7,78,1,250,5,3562,4,800,13,"$3,890"
1266.00,2010.00,low,30,367,4,835,5,2398,13,885,39,"$3,600"
1267.00,2010.00,low,20,445,3,641,3,2200,9,624,26,"$3,286"
1014.00,2010.00,moderate,10,66,0,0,0,0,3,28,10,$66
1021.00,2010.00,moderate,12,147,0,0,0,0,4,32,12,$147
1023.00,2010.00,moderate,7,111,0,0,0,0,6,108,7,$111
1024.00,2010.00,moderate,9,50,3,638,1,279,7,420,13,$967
1034.00,2010.00,moderate,21,217,1,180,1,554,7,141,23,$951
1037.00,2010.00,moderate,40,493,1,188,0,0,20,519,41,$681
1041.00,2010.00,moderate,18,193,2,328,0,0,9,415,20,$521
1045.00,2010.00,moderate,89,1211,10,1936,13,8732,25,3050,112,"$11,879"
1052.00,2010.00,moderate,24,183,3,593,1,725,12,1094,28,"$1,501"
1055.00,2010.00,moderate,11,93,0,0,1,285,4,48,12,$378
1064.00,2010.00,moderate,8,81,0,0,0,0,4,30,8,$81
1065.00,2010.00,moderate,5,99,0,0,1,500,1,6,6,$599
1067.00,2010.00,moderate,6,19,1,180,0,0,3,7,7,$199
1071.00,2010.00,moderate,26,434,0,0,6,2892,11,1365,32,"$3,326"
1072.00,2010.00,moderate,2,36,0,0,0,0,2,36,2,$36
1073.00,2010.00,moderate,16,147,0,0,0,0,10,126,16,$147
1076.00,2010.00,moderate,3,28,0,0,2,1450,1,3,5,"$1,478"
1077.00,2010.00,moderate,7,109,0,0,0,0,7,109,7,$109
1081.00,2010.00,moderate,2,6,0,0,0,0,1,2,2,$6
1083.00,2010.00,moderate,11,31,1,155,1,400,4,401,13,$586
1085.00,2010.00,moderate,14,208,3,625,5,3182,3,388,22,"$4,015"
1096.00,2010.00,moderate,16,306,0,0,0,0,4,51,16,$306
1101.00,2010.00,moderate,4,53,0,0,0,0,2,11,4,$53
1122.00,2010.00,moderate,9,201,0,0,0,0,4,172,9,$201
1134.00,2010.00,moderate,64,720,3,490,7,3545,41,799,74,"$4,755"
1151.00,2010.00,moderate,10,98,1,180,2,1050,7,76,13,"$1,328"
1152.00,2010.00,moderate,36,628,3,460,5,1750,13,233,44,"$2,838"
1153.00,2010.00,moderate,22,558,3,716,5,2296,8,188,30,"$3,570"
1154.00,2010.00,moderate,10,302,0,0,2,1500,6,1615,12,"$1,802"
1156.00,2010.00,moderate,14,131,0,0,0,0,7,102,14,$131
1157.00,2010.00,moderate,10,131,1,224,1,400,4,109,12,$755
1161.00,2010.00,moderate,16,312,0,0,0,0,9,200,16,$312
1162.00,2010.00,moderate,37,264,2,350,0,0,13,271,39,$614
1163.00,2010.00,moderate,36,772,4,728,4,1653,23,1515,44,"$3,153"
1165.00,2010.00,moderate,19,116,0,0,1,400,8,44,20,$516
1172.00,2010.00,moderate,22,335,3,410,0,0,14,146,25,$745
1173.00,2010.00,moderate,15,407,2,350,1,412,9,691,18,"$1,169"
1174.00,2010.00,moderate,25,351,1,134,1,300,14,266,27,$785
1184.00,2010.00,moderate,27,299,4,675,6,3667,5,526,37,"$4,641"
1185.00,2010.00,moderate,9,117,0,0,1,300,2,16,10,$417
1186.00,2010.00,moderate,65,961,8,1266,9,4746,22,1943,82,"$6,973"
1202.00,2010.00,moderate,5,50,0,0,0,0,1,1,5,$50
1221.00,2010.00,moderate,22,363,2,352,0,0,8,193,24,$715
1231.00,2010.00,moderate,24,303,1,220,3,1321,7,385,28,"$1,844"
1232.00,2010.00,moderate,40,329,3,500,4,1980,22,1569,47,"$2,809"
1233.00,2010.00,moderate,35,441,2,295,3,1488,17,1436,40,"$2,224"
1234.00,2010.00,moderate,50,714,8,1585,8,3829,22,1003,66,"$6,128"
1243.00,2010.00,moderate,46,733,2,285,2,1119,22,414,50,"$2,137"
1256.00,2010.00,moderate,229,3915,32,6089,56,30187,87,6780,317,"$40,191"
1011.00,2010.00,middle,7,163,0,0,0,0,6,156,7,$163
1012.00,2010.00,middle,10,84,1,130,1,480,6,145,12,$694
1013.00,2010.00,middle,17,78,0,0,1,634,10,55,18,$712
1022.00,2010.00,middle,60,579,1,249,1,316,34,320,62,"$1,144"
1025.00,2010.00,middle,9,162,1,247,0,0,7,311,10,$409
1031.00,2010.00,middle,33,418,2,460,3,1623,12,1197,38,"$2,501"
1036.00,2010.00,middle,36,362,3,525,10,5834,14,883,49,"$6,721"
1038.00,2010.00,middle,18,237,2,354,0,0,12,551,20,$591
1039.00,2010.00,middle,24,151,4,814,6,4385,7,857,34,"$5,350"
1042.00,2010.00,middle,15,103,1,150,1,350,10,84,17,$603
1051.98,2010.00,middle,43,406,2,346,6,3116,22,1841,51,"$3,868"
1082.00,2010.00,middle,5,9,0,0,0,0,1,1,5,$9
1121.00,2010.00,middle,45,424,0,0,2,891,14,718,47,"$1,315"
1131.00,2010.00,middle,24,239,0,0,0,0,10,61,24,$239
1135.00,2010.00,middle,95,1517,14,2290,14,7192,52,4138,123,"$10,999"
1141.00,2010.00,middle,71,710,6,1092,5,2733,36,3038,82,"$4,535"
1142.00,2010.00,middle,30,279,1,232,0,0,14,94,31,$511
1143.00,2010.00,middle,39,456,1,170,1,377,20,800,41,"$1,003"
1171.00,2010.00,middle,20,218,2,303,5,2549,8,840,27,"$3,070"
1191.00,2010.00,middle,79,1054,7,1211,6,3737,33,2106,92,"$6,002"
1192.00,2010.00,middle,23,122,0,0,1,475,6,48,24,$597
1124.00,2010.00,upper,90,1013,13,2066,4,1722,42,2887,107,"$4,801"
1214.00,2010.00,unknown,48,908,6,1220,9,5320,19,2476,63,"$7,448"
1222.00,2010.00,unknown,22,234,1,200,1,317,2,334,24,$751
1235.00,2010.00,unknown,34,435,6,1156,7,3797,6,615,47,"$5,388"
